InvoiceId,CustomerId,Customer_Name,Country,InvoiceDate,Year,Month,TrackId,Track_Name,Genre,Album,Artist,Quantity,UnitPrice,Revenue
1,2,Leonie Köhler,Germany,2021-01-01 00:00:00,2021,01,2,Balls to the Wall,Rock,Balls to the Wall,Accept,1,0.99,0.99
1,2,Leonie Köhler,Germany,2021-01-01 00:00:00,2021,01,4,Restless and Wild,Rock,Restless and Wild,Accept,1,0.99,0.99
2,4,Bjørn Hansen,Norway,2021-01-02 00:00:00,2021,01,6,Put The Finger On You,Rock,For Those About To Rock We Salute You,AC/DC,1,0.99,0.99
2,4,Bjørn Hansen,Norway,2021-01-02 00:00:00,2021,01,8,Inject The Venom,Rock,For Those About To Rock We Salute You,AC/DC,1,0.99,0.99
2,4,Bjørn Hansen,Norway,2021-01-02 00:00:00,2021,01,10,Evil Walks,Rock,For Those About To Rock We Salute You,AC/DC,1,0.99,0.99
2,4,Bjørn Hansen,Norway,2021-01-02 00:00:00,2021,01,12,Breaking The Rules,Rock,For Those About To Rock We Salute You,AC/DC,1,0.99,0.99
3,8,Daan Peeters,Belgium,2021-01-03 00:00:00,2021,01,16,Dog Eat Dog,Rock,Let There Be Rock,AC/DC,1,0.99,0.99
3,8,Daan Peeters,Belgium,2021-01-03 00:00:00,2021,01,20,Overdose,Rock,Let There Be Rock,AC/DC,1,0.99,0.99
3,8,Daan Peeters,Belgium,2021-01-03 00:00:00,2021,01,24,Love In An Elevator,Rock,Big Ones,Aerosmith,1,0.99,0.99
3,8,Daan Peeters,Belgium,2021-01-03 00:00:00,2021,01,28,Janie's Got A Gun,Rock,Big Ones,Aerosmith,1,0.99,0.99
3,8,Daan Peeters,Belgium,2021-01-03 00:00:00,2021,01,32,Deuces Are Wild,Rock,Big Ones,Aerosmith,1,0.99,0.99
3,8,Daan Peeters,Belgium,2021-01-03 00:00:00,2021,01,36,Angel,Rock,Big Ones,Aerosmith,1,0.99,0.99
4,14,Mark Philips,Canada,2021-01-06 00:00:00,2021,01,42,Right Through You,Rock,Jagged Little Pill,Alanis Morissette,1,0.99,0.99
4,14,Mark Philips,Canada,2021-01-06 00:00:00,2021,01,48,Not The Doctor,Rock,Jagged Little Pill,Alanis Morissette,1,0.99,0.99
4,14,Mark Philips,Canada,2021-01-06 00:00:00,2021,01,54,Bleed The Freak,Rock,Facelift,Alice In Chains,1,0.99,0.99
4,14,Mark Philips,Canada,2021-01-06 00:00:00,2021,01,60,Confusion,Rock,Facelift,Alice In Chains,1,0.99,0.99
4,14,Mark Philips,Canada,2021-01-06 00:00:00,2021,01,66,Por Causa De Você,Jazz,Warner 25 Anos,Antônio Carlos Jobim,1,0.99,0.99
4,14,Mark Philips,Canada,2021-01-06 00:00:00,2021,01,72,Angela,Jazz,Warner 25 Anos,Antônio Carlos Jobim,1,0.99,0.99
4,14,Mark Philips,Canada,2021-01-06 00:00:00,2021,01,78,Master Of Puppets,Metal,Plays Metallica By Four Cellos,Apocalyptica,1,0.99,0.99
4,14,Mark Philips,Canada,2021-01-06 00:00:00,2021,01,84,Welcome Home (Sanitarium),Metal,Plays Metallica By Four Cellos,Apocalyptica,1,0.99,0.99
4,14,Mark Philips,Canada,2021-01-06 00:00:00,2021,01,90,Set It Off,Rock,Audioslave,Audioslave,1,0.99,0.99
5,23,John Gordon,USA,2021-01-11 00:00:00,2021,01,99,Your Time Has Come,Alternative & Punk,Out Of Exile,Audioslave,1,0.99,0.99
5,23,John Gordon,USA,2021-01-11 00:00:00,2021,01,108,Dandelion,Alternative & Punk,Out Of Exile,Audioslave,1,0.99,0.99
5,23,John Gordon,USA,2021-01-11 00:00:00,2021,01,117,Rock 'N' Roll Music,Rock And Roll,BackBeat Soundtrack,BackBeat,1,0.99,0.99
5,23,John Gordon,USA,2021-01-11 00:00:00,2021,01,126,Moon germs,Jazz,The Best Of Billy Cobham,Billy Cobham,1,0.99,0.99
5,23,John Gordon,USA,2021-01-11 00:00:00,2021,01,135,Super Terrorizer,Metal,Alcohol Fueled Brewtality Live! [Disc 1],Black Label Society,1,0.99,0.99
5,23,John Gordon,USA,2021-01-11 00:00:00,2021,01,144,Heart Of Gold,Metal,Alcohol Fueled Brewtality Live! [Disc 2],Black Label Society,1,0.99,0.99
5,23,John Gordon,USA,2021-01-11 00:00:00,2021,01,153,Evil Woman,Metal,Black Sabbath,Black Sabbath,1,0.99,0.99
5,23,John Gordon,USA,2021-01-11 00:00:00,2021,01,162,Cornucopia,Metal,Black Sabbath Vol. 4 (Remaster),Black Sabbath,1,0.99,0.99
5,23,John Gordon,USA,2021-01-11 00:00:00,2021,01,171,Bowels Of The Devil,Alternative & Punk,Body Count,Body Count,1,0.99,0.99
5,23,John Gordon,USA,2021-01-11 00:00:00,2021,01,180,Body Count Anthem,Alternative & Punk,Body Count,Body Count,1,0.99,0.99
5,23,John Gordon,USA,2021-01-11 00:00:00,2021,01,189,Jerusalem,Metal,Chemical Wedding,Bruce Dickinson,1,0.99,0.99
5,23,John Gordon,USA,2021-01-11 00:00:00,2021,01,198,When My Left Eye Jumps,Blues,The Best Of Buddy Guy - The Millenium Collection,Buddy Guy,1,0.99,0.99
5,23,John Gordon,USA,2021-01-11 00:00:00,2021,01,207,Meditação,Latin,Prenda Minha,Caetano Veloso,1,0.99,0.99
5,23,John Gordon,USA,2021-01-11 00:00:00,2021,01,216,Esse Cara,Latin,Prenda Minha,Caetano Veloso,1,0.99,0.99
6,37,Fynn Zimmermann,Germany,2021-01-19 00:00:00,2021,01,230,"Bye, Bye Brasil",Latin,Minha Historia,Chico Buarque,1,0.99,0.99
7,38,Niklas Schröder,Germany,2021-02-01 00:00:00,2021,02,231,Atras Da Porta,Latin,Minha Historia,Chico Buarque,1,0.99,0.99
7,38,Niklas Schröder,Germany,2021-02-01 00:00:00,2021,02,232,Tatuagem,Latin,Minha Historia,Chico Buarque,1,0.99,0.99
8,40,Dominique Lefebvre,France,2021-02-01 00:00:00,2021,02,234,Morena De Angola,Latin,Minha Historia,Chico Buarque,1,0.99,0.99
8,40,Dominique Lefebvre,France,2021-02-01 00:00:00,2021,02,236,A Banda,Latin,Minha Historia,Chico Buarque,1,0.99,0.99
9,42,Wyatt Girard,France,2021-02-02 00:00:00,2021,02,238,Com Açúcar E Com Afeto,Latin,Minha Historia,Chico Buarque,1,0.99,0.99
9,42,Wyatt Girard,France,2021-02-02 00:00:00,2021,02,240,Meu Caro Amigo,Latin,Minha Historia,Chico Buarque,1,0.99,0.99
9,42,Wyatt Girard,France,2021-02-02 00:00:00,2021,02,242,Trocando Em Miúdos,Latin,Minha Historia,Chico Buarque,1,0.99,0.99
9,42,Wyatt Girard,France,2021-02-02 00:00:00,2021,02,244,Gota D'água,Latin,Minha Historia,Chico Buarque,1,0.99,0.99
10,46,Hugh O'Reilly,Ireland,2021-02-03 00:00:00,2021,02,248,Etnia,Latin,Afrociberdelia,Chico Science & Nação Zumbi,1,0.99,0.99
10,46,Hugh O'Reilly,Ireland,2021-02-03 00:00:00,2021,02,252,Samba Do Lado,Latin,Afrociberdelia,Chico Science & Nação Zumbi,1,0.99,0.99
10,46,Hugh O'Reilly,Ireland,2021-02-03 00:00:00,2021,02,256,Sobremesa,Latin,Afrociberdelia,Chico Science & Nação Zumbi,1,0.99,0.99
10,46,Hugh O'Reilly,Ireland,2021-02-03 00:00:00,2021,02,260,Sangue De Bairro,Latin,Afrociberdelia,Chico Science & Nação Zumbi,1,0.99,0.99
10,46,Hugh O'Reilly,Ireland,2021-02-03 00:00:00,2021,02,264,Amor De Muito,Latin,Afrociberdelia,Chico Science & Nação Zumbi,1,0.99,0.99
10,46,Hugh O'Reilly,Ireland,2021-02-03 00:00:00,2021,02,268,Maracatu Atômico [Trip Hop],Latin,Afrociberdelia,Chico Science & Nação Zumbi,1,0.99,0.99
11,52,Emma Jones,United Kingdom,2021-02-06 00:00:00,2021,02,274,Samba Makossa,Latin,Da Lama Ao Caos,Chico Science & Nação Zumbi,1,0.99,0.99
11,52,Emma Jones,United Kingdom,2021-02-06 00:00:00,2021,02,280,Lixo Do Mangue,Latin,Da Lama Ao Caos,Chico Science & Nação Zumbi,1,0.99,0.99
11,52,Emma Jones,United Kingdom,2021-02-06 00:00:00,2021,02,286,Firmamento,Reggae,Acústico MTV [Live],Cidade Negra,1,0.99,0.99
11,52,Emma Jones,United Kingdom,2021-02-06 00:00:00,2021,02,292,Já Foi,Reggae,Acústico MTV [Live],Cidade Negra,1,0.99,0.99
11,52,Emma Jones,United Kingdom,2021-02-06 00:00:00,2021,02,298,A Cor Do Sol,Reggae,Acústico MTV [Live],Cidade Negra,1,0.99,0.99
11,52,Emma Jones,United Kingdom,2021-02-06 00:00:00,2021,02,304,Firmamento,Reggae,Cidade Negra - Hits,Cidade Negra,1,0.99,0.99
11,52,Emma Jones,United Kingdom,2021-02-06 00:00:00,2021,02,310,Sábado A Noite,Reggae,Cidade Negra - Hits,Cidade Negra,1,0.99,0.99
11,52,Emma Jones,United Kingdom,2021-02-06 00:00:00,2021,02,316,Linha Do Equador,Latin,Na Pista,Cláudio Zoli,1,0.99,0.99
11,52,Emma Jones,United Kingdom,2021-02-06 00:00:00,2021,02,322,Livre Pra Viver,Latin,Na Pista,Cláudio Zoli,1,0.99,0.99
12,2,Leonie Köhler,Germany,2021-02-11 00:00:00,2021,02,331,Lavadeira,Pop,Axé Bahia 2001,Various Artists,1,0.99,0.99
12,2,Leonie Köhler,Germany,2021-02-11 00:00:00,2021,02,340,Dazed and Confused,Rock,BBC Sessions [Disc 1] [Live],Led Zeppelin,1,0.99,0.99
12,2,Leonie Köhler,Germany,2021-02-11 00:00:00,2021,02,349,You Shook Me(2),Rock,BBC Sessions [Disc 1] [Live],Led Zeppelin,1,0.99,0.99
12,2,Leonie Köhler,Germany,2021-02-11 00:00:00,2021,02,358,Man With The Woman Head,Rock,Bongo Fury,Frank Zappa & Captain Beefheart,1,0.99,0.99
12,2,Leonie Köhler,Germany,2021-02-11 00:00:00,2021,02,367,Leandro De Itaquera 2001,Soundtrack,Carnaval 2001,Various Artists,1,0.99,0.99
12,2,Leonie Köhler,Germany,2021-02-11 00:00:00,2021,02,376,Vôo Sobre o Horizonte,Latin,Chill: Brazil (Disc 1),Marcos Valle,1,0.99,0.99
12,2,Leonie Köhler,Germany,2021-02-11 00:00:00,2021,02,385,All Star,Latin,Chill: Brazil (Disc 1),Marcos Valle,1,0.99,0.99
12,2,Leonie Köhler,Germany,2021-02-11 00:00:00,2021,02,394,Tanto Tempo,Latin,Chill: Brazil (Disc 2),Antônio Carlos Jobim,1,0.99,0.99
12,2,Leonie Köhler,Germany,2021-02-11 00:00:00,2021,02,403,Bumbo Da Mangueira,Latin,Chill: Brazil (Disc 2),Antônio Carlos Jobim,1,0.99,0.99
12,2,Leonie Köhler,Germany,2021-02-11 00:00:00,2021,02,412,Die Die My Darling,Metal,Garage Inc. (Disc 1),Metallica,1,0.99,0.99
12,2,Leonie Köhler,Germany,2021-02-11 00:00:00,2021,02,421,Radio GA GA,Rock,Greatest Hits II,Queen,1,0.99,0.99
12,2,Leonie Köhler,Germany,2021-02-11 00:00:00,2021,02,430,I'm Going Slightly Mad,Rock,Greatest Hits II,Queen,1,0.99,0.99
12,2,Leonie Köhler,Germany,2021-02-11 00:00:00,2021,02,439,Sure Know Something,Rock,Greatest Kiss,Kiss,1,0.99,0.99
12,2,Leonie Köhler,Germany,2021-02-11 00:00:00,2021,02,448,God Of Thunder,Rock,Greatest Kiss,Kiss,1,0.99,0.99
13,16,Frank Harris,USA,2021-02-19 00:00:00,2021,02,462,Valentino's,Jazz,Heart of the Night,Spyro Gyra,1,0.99,0.99
14,17,Jack Smith,USA,2021-03-04 00:00:00,2021,03,463,Believe,Jazz,Heart of the Night,Spyro Gyra,1,0.99,0.99
14,17,Jack Smith,USA,2021-03-04 00:00:00,2021,03,464,As We Sleep,Jazz,Heart of the Night,Spyro Gyra,1,0.99,0.99
15,19,Tim Goyer,USA,2021-03-04 00:00:00,2021,03,466,J Squared,Jazz,Heart of the Night,Spyro Gyra,1,0.99,0.99
15,19,Tim Goyer,USA,2021-03-04 00:00:00,2021,03,468,Maria,Alternative & Punk,International Superhits,Green Day,1,0.99,0.99
16,21,Kathy Chase,USA,2021-03-05 00:00:00,2021,03,470,Longview,Alternative & Punk,International Superhits,Green Day,1,0.99,0.99
16,21,Kathy Chase,USA,2021-03-05 00:00:00,2021,03,472,Basket Case,Alternative & Punk,International Superhits,Green Day,1,0.99,0.99
16,21,Kathy Chase,USA,2021-03-05 00:00:00,2021,03,474,She,Alternative & Punk,International Superhits,Green Day,1,0.99,0.99
16,21,Kathy Chase,USA,2021-03-05 00:00:00,2021,03,476,Geek Stink Breath,Alternative & Punk,International Superhits,Green Day,1,0.99,0.99
17,25,Victor Stevens,USA,2021-03-06 00:00:00,2021,03,480,Stuck With Me,Alternative & Punk,International Superhits,Green Day,1,0.99,0.99
17,25,Victor Stevens,USA,2021-03-06 00:00:00,2021,03,484,Nice Guys Finish Last,Alternative & Punk,International Superhits,Green Day,1,0.99,0.99
17,25,Victor Stevens,USA,2021-03-06 00:00:00,2021,03,488,Macy's Day Parade,Alternative & Punk,International Superhits,Green Day,1,0.99,0.99
17,25,Victor Stevens,USA,2021-03-06 00:00:00,2021,03,492,Don't You Cry,Rock,Into The Light,David Coverdale,1,0.99,0.99
17,25,Victor Stevens,USA,2021-03-06 00:00:00,2021,03,496,Living On Love,Rock,Into The Light,David Coverdale,1,0.99,0.99
17,25,Victor Stevens,USA,2021-03-06 00:00:00,2021,03,500,Wherever You May Go,Rock,Into The Light,David Coverdale,1,0.99,0.99
18,31,Martha Silk,Canada,2021-03-09 00:00:00,2021,03,506,"Diga Lá, Coração",Latin,Meus Momentos,Gonzaguinha,1,0.99,0.99
18,31,Martha Silk,Canada,2021-03-09 00:00:00,2021,03,512,Comportamento Geral,Latin,Meus Momentos,Gonzaguinha,1,0.99,0.99
18,31,Martha Silk,Canada,2021-03-09 00:00:00,2021,03,518,Podres Poderes,Latin,Minha Historia,Chico Buarque,1,0.99,0.99
18,31,Martha Silk,Canada,2021-03-09 00:00:00,2021,03,524,Queixa,Latin,Minha Historia,Chico Buarque,1,0.99,0.99
18,31,Martha Silk,Canada,2021-03-09 00:00:00,2021,03,530,Ando Meio Desligado,Alternative & Punk,Minha História,Os Mutantes,1,0.99,0.99
18,31,Martha Silk,Canada,2021-03-09 00:00:00,2021,03,536,Vida De Cachorro,Alternative & Punk,Minha História,Os Mutantes,1,0.99,0.99
18,31,Martha Silk,Canada,2021-03-09 00:00:00,2021,03,542,Meu Refrigerador Não Funciona,Alternative & Punk,Minha História,Os Mutantes,1,0.99,0.99
18,31,Martha Silk,Canada,2021-03-09 00:00:00,2021,03,548,Smoke On The Water,Rock,MK III The Final Concerts [Disc 1],Deep Purple,1,0.99,0.99
18,31,Martha Silk,Canada,2021-03-09 00:00:00,2021,03,554,Trampled Under Foot,Rock,Physical Graffiti [Disc 1],Led Zeppelin,1,0.99,0.99
19,40,Dominique Lefebvre,France,2021-03-14 00:00:00,2021,03,563,União Da Ilha,Latin,Sambas De Enredo 2001,Various Artists,1,0.99,0.99
19,40,Dominique Lefebvre,France,2021-03-14 00:00:00,2021,03,572,Put Your Lights On,Rock,Supernatural,Santana,1,0.99,0.99
19,40,Dominique Lefebvre,France,2021-03-14 00:00:00,2021,03,581,Primavera,Rock,Supernatural,Santana,1,0.99,0.99
19,40,Dominique Lefebvre,France,2021-03-14 00:00:00,2021,03,590,Seis Da Tarde,Latin,The Best of Ed Motta,Ed Motta,1,0.99,0.99
19,40,Dominique Lefebvre,France,2021-03-14 00:00:00,2021,03,599,Compulsion,Jazz,The Essential Miles Davis [Disc 1],Miles Davis,1,0.99,0.99
19,40,Dominique Lefebvre,France,2021-03-14 00:00:00,2021,03,608,The Pan Piper,Jazz,The Essential Miles Davis [Disc 1],Miles Davis,1,0.99,0.99
19,40,Dominique Lefebvre,France,2021-03-14 00:00:00,2021,03,617,Jean Pierre (Live),Jazz,The Essential Miles Davis [Disc 2],Miles Davis,1,0.99,0.99
19,40,Dominique Lefebvre,France,2021-03-14 00:00:00,2021,03,626,Drum Boogie,Jazz,Up An' Atom,Gene Krupa,1,0.99,0.99
19,40,Dominique Lefebvre,France,2021-03-14 00:00:00,2021,03,635,Lemon Drop,Jazz,Up An' Atom,Gene Krupa,1,0.99,0.99
19,40,Dominique Lefebvre,France,2021-03-14 00:00:00,2021,03,644,Showcase,Jazz,Up An' Atom,Gene Krupa,1,0.99,0.99
19,40,Dominique Lefebvre,France,2021-03-14 00:00:00,2021,03,653,Como É Duro Trabalhar,Bossa Nova,Vinícius De Moraes - Sem Limite,Toquinho & Vinícius,1,0.99,0.99
19,40,Dominique Lefebvre,France,2021-03-14 00:00:00,2021,03,662,Pela Luz dos Olhos Teus (Miúcha e Tom Jobim),Latin,Vozes do MPB,Various Artists,1,0.99,0.99
19,40,Dominique Lefebvre,France,2021-03-14 00:00:00,2021,03,671,As Rosas Não Falam (Beth Carvalho),Latin,Vozes do MPB,Various Artists,1,0.99,0.99
19,40,Dominique Lefebvre,France,2021-03-14 00:00:00,2021,03,680,Green River,Rock,"Chronicle, Vol. 1",Creedence Clearwater Revival,1,0.99,0.99
20,54,Steve Murray,United Kingdom,2021-03-22 00:00:00,2021,03,694,Someday Never Comes,Rock,"Chronicle, Vol. 1",Creedence Clearwater Revival,1,0.99,0.99
21,55,Mark Taylor,Australia,2021-04-04 00:00:00,2021,04,695,Walking On The Water,Rock,"Chronicle, Vol. 2",Creedence Clearwater Revival,1,0.99,0.99
21,55,Mark Taylor,Australia,2021-04-04 00:00:00,2021,04,696,"Suzie-Q, Pt. 2",Rock,"Chronicle, Vol. 2",Creedence Clearwater Revival,1,0.99,0.99
22,57,Luis Rojas,Chile,2021-04-04 00:00:00,2021,04,698,Good Golly Miss Molly,Rock,"Chronicle, Vol. 2",Creedence Clearwater Revival,1,0.99,0.99
22,57,Luis Rojas,Chile,2021-04-04 00:00:00,2021,04,700,Wrote A Song For Everyone,Rock,"Chronicle, Vol. 2",Creedence Clearwater Revival,1,0.99,0.99
23,59,Puja Srivastava,India,2021-04-05 00:00:00,2021,04,702,Cotton Fields,Rock,"Chronicle, Vol. 2",Creedence Clearwater Revival,1,0.99,0.99
23,59,Puja Srivastava,India,2021-04-05 00:00:00,2021,04,704,Don't Look Now,Rock,"Chronicle, Vol. 2",Creedence Clearwater Revival,1,0.99,0.99
23,59,Puja Srivastava,India,2021-04-05 00:00:00,2021,04,706,Before You Accuse Me,Rock,"Chronicle, Vol. 2",Creedence Clearwater Revival,1,0.99,0.99
23,59,Puja Srivastava,India,2021-04-05 00:00:00,2021,04,708,Pagan Baby,Rock,"Chronicle, Vol. 2",Creedence Clearwater Revival,1,0.99,0.99
24,4,Bjørn Hansen,Norway,2021-04-06 00:00:00,2021,04,712,Born To Move,Rock,"Chronicle, Vol. 2",Creedence Clearwater Revival,1,0.99,0.99
24,4,Bjørn Hansen,Norway,2021-04-06 00:00:00,2021,04,716,Brasil,Latin,Cássia Eller - Coleção Sem Limite [Disc 2],Cássia Eller,1,0.99,0.99
24,4,Bjørn Hansen,Norway,2021-04-06 00:00:00,2021,04,720,Coroné Antonio Bento,Latin,Cássia Eller - Coleção Sem Limite [Disc 2],Cássia Eller,1,0.99,0.99
24,4,Bjørn Hansen,Norway,2021-04-06 00:00:00,2021,04,724,Música Urbana 2,Latin,Cássia Eller - Coleção Sem Limite [Disc 2],Cássia Eller,1,0.99,0.99
24,4,Bjørn Hansen,Norway,2021-04-06 00:00:00,2021,04,728,Woman Of The World (Ao Vivo),Latin,Cássia Eller - Coleção Sem Limite [Disc 2],Cássia Eller,1,0.99,0.99
24,4,Bjørn Hansen,Norway,2021-04-06 00:00:00,2021,04,732,Smells Like Teen Spirit (Ao Vivo),Latin,Cássia Eller - Sem Limite [Disc 1],Cássia Eller,1,0.99,0.99
25,10,Eduardo Martins,Brazil,2021-04-09 00:00:00,2021,04,738,Admirável Gado Novo,Latin,Cássia Eller - Sem Limite [Disc 1],Cássia Eller,1,0.99,0.99
25,10,Eduardo Martins,Brazil,2021-04-09 00:00:00,2021,04,744,Mis Penas Lloraba Yo (Ao Vivo) Soy Gitano (Tangos),Latin,Cássia Eller - Sem Limite [Disc 1],Cássia Eller,1,0.99,0.99
25,10,Eduardo Martins,Brazil,2021-04-09 00:00:00,2021,04,750,Drifter,Rock,Come Taste The Band,Deep Purple,1,0.99,0.99
25,10,Eduardo Martins,Brazil,2021-04-09 00:00:00,2021,04,756,Child In Time,Rock,Deep Purple In Rock,Deep Purple,1,0.99,0.99
25,10,Eduardo Martins,Brazil,2021-04-09 00:00:00,2021,04,762,No No No,Rock,Fireball,Deep Purple,1,0.99,0.99
25,10,Eduardo Martins,Brazil,2021-04-09 00:00:00,2021,04,768,Knocking At Your Back Door,Rock,Knocking at Your Back Door: The Best Of Deep Purple in the 80's,Deep Purple,1,0.99,0.99
25,10,Eduardo Martins,Brazil,2021-04-09 00:00:00,2021,04,774,The Unwritten Law,Rock,Knocking at Your Back Door: The Best Of Deep Purple in the 80's,Deep Purple,1,0.99,0.99
25,10,Eduardo Martins,Brazil,2021-04-09 00:00:00,2021,04,780,Maybe I'm A Leo,Rock,Machine Head,Deep Purple,1,0.99,0.99
25,10,Eduardo Martins,Brazil,2021-04-09 00:00:00,2021,04,786,Vavoom : Ted The Mechanic,Rock,Purpendicular,Deep Purple,1,0.99,0.99
26,19,Tim Goyer,USA,2021-04-14 00:00:00,2021,04,795,Hey Cisco,Rock,Purpendicular,Deep Purple,1,0.99,0.99
26,19,Tim Goyer,USA,2021-04-14 00:00:00,2021,04,804,Fortuneteller,Rock,Slaves And Masters,Deep Purple,1,0.99,0.99
26,19,Tim Goyer,USA,2021-04-14 00:00:00,2021,04,813,High Ball Shooter,Rock,Stormbringer,Deep Purple,1,0.99,0.99
26,19,Tim Goyer,USA,2021-04-14 00:00:00,2021,04,822,A Twist In The Tail,Rock,The Battle Rages On,Deep Purple,1,0.99,0.99
26,19,Tim Goyer,USA,2021-04-14 00:00:00,2021,04,831,Animal,Rock,Vault: Def Leppard's Greatest Hits,Def Leppard,1,0.99,0.99
26,19,Tim Goyer,USA,2021-04-14 00:00:00,2021,04,840,Hysteria,Rock,Vault: Def Leppard's Greatest Hits,Def Leppard,1,0.99,0.99
26,19,Tim Goyer,USA,2021-04-14 00:00:00,2021,04,849,"Baltimore, DC",Jazz,Outbreak,Dennis Chambers,1,0.99,0.99
26,19,Tim Goyer,USA,2021-04-14 00:00:00,2021,04,858,Esquinas,Latin,Djavan Ao Vivo - Vol. 02,Djavan,1,0.99,0.99
26,19,Tim Goyer,USA,2021-04-14 00:00:00,2021,04,867,Açai,Latin,Djavan Ao Vivo - Vol. 1,Djavan,1,0.99,0.99
26,19,Tim Goyer,USA,2021-04-14 00:00:00,2021,04,876,Um Amor Puro,Latin,Djavan Ao Vivo - Vol. 1,Djavan,1,0.99,0.99
26,19,Tim Goyer,USA,2021-04-14 00:00:00,2021,04,885,Fascinação,Latin,Elis Regina-Minha História,Elis Regina,1,0.99,0.99
26,19,Tim Goyer,USA,2021-04-14 00:00:00,2021,04,894,Sunshine Of Your Love,Blues,The Cream Of Clapton,Eric Clapton,1,0.99,0.99
26,19,Tim Goyer,USA,2021-04-14 00:00:00,2021,04,903,Lay Down Sally,Blues,The Cream Of Clapton,Eric Clapton,1,0.99,0.99
26,19,Tim Goyer,USA,2021-04-14 00:00:00,2021,04,912,Tears In Heaven,Blues,Unplugged,Eric Clapton,1,0.99,0.99
27,33,Ellie Sullivan,Canada,2021-04-22 00:00:00,2021,04,926,Naked In Front Of The Computer,Alternative & Punk,Album Of The Year,Faith No More,1,0.99,0.99
28,34,João Fernandes,Portugal,2021-05-05 00:00:00,2021,05,927,Helpless,Alternative & Punk,Album Of The Year,Faith No More,1,0.99,0.99
28,34,João Fernandes,Portugal,2021-05-05 00:00:00,2021,05,928,Mouth To Mouth,Alternative & Punk,Album Of The Year,Faith No More,1,0.99,0.99
29,36,Hannah Schneider,Germany,2021-05-05 00:00:00,2021,05,930,She Loves Me Not,Alternative & Punk,Album Of The Year,Faith No More,1,0.99,0.99
29,36,Hannah Schneider,Germany,2021-05-05 00:00:00,2021,05,932,Paths Of Glory,Alternative & Punk,Album Of The Year,Faith No More,1,0.99,0.99
30,38,Niklas Schröder,Germany,2021-05-06 00:00:00,2021,05,934,Pristina,Alternative & Punk,Album Of The Year,Faith No More,1,0.99,0.99
30,38,Niklas Schröder,Germany,2021-05-06 00:00:00,2021,05,936,Caffeine,Alternative & Punk,Angel Dust,Faith No More,1,0.99,0.99
30,38,Niklas Schröder,Germany,2021-05-06 00:00:00,2021,05,938,RV,Alternative & Punk,Angel Dust,Faith No More,1,0.99,0.99
30,38,Niklas Schröder,Germany,2021-05-06 00:00:00,2021,05,940,Everything's Ruined,Alternative & Punk,Angel Dust,Faith No More,1,0.99,0.99
31,42,Wyatt Girard,France,2021-05-07 00:00:00,2021,05,944,A Small Victory,Alternative & Punk,Angel Dust,Faith No More,1,0.99,0.99
31,42,Wyatt Girard,France,2021-05-07 00:00:00,2021,05,948,Easy,Alternative & Punk,Angel Dust,Faith No More,1,0.99,0.99
31,42,Wyatt Girard,France,2021-05-07 00:00:00,2021,05,952,The Gentle Art Of Making Enemies,Rock,King For A Day Fool For A Lifetime,Faith No More,1,0.99,0.99
31,42,Wyatt Girard,France,2021-05-07 00:00:00,2021,05,956,Ugly In The Morning,Rock,King For A Day Fool For A Lifetime,Faith No More,1,0.99,0.99
31,42,Wyatt Girard,France,2021-05-07 00:00:00,2021,05,960,What A Day,Rock,King For A Day Fool For A Lifetime,Faith No More,1,0.99,0.99
31,42,Wyatt Girard,France,2021-05-07 00:00:00,2021,05,964,From Out Of Nowhere,Alternative & Punk,The Real Thing,Faith No More,1,0.99,0.99
32,48,Johannes Van der Berg,Netherlands,2021-05-10 00:00:00,2021,05,970,Underwater Love,Alternative & Punk,The Real Thing,Faith No More,1,0.99,0.99
32,48,Johannes Van der Berg,Netherlands,2021-05-10 00:00:00,2021,05,976,Falamansa Song,Latin,Deixa Entrar,Falamansa,1,0.99,0.99
32,48,Johannes Van der Berg,Netherlands,2021-05-10 00:00:00,2021,05,982,Avisa,Latin,Deixa Entrar,Falamansa,1,0.99,0.99
32,48,Johannes Van der Berg,Netherlands,2021-05-10 00:00:00,2021,05,988,Desaforo,Latin,Deixa Entrar,Falamansa,1,0.99,0.99
32,48,Johannes Van der Berg,Netherlands,2021-05-10 00:00:00,2021,05,994,The Last Song,Rock,In Your Honor [Disc 1],Foo Fighters,1,0.99,0.99
32,48,Johannes Van der Berg,Netherlands,2021-05-10 00:00:00,2021,05,1000,What If I Do?,Rock,In Your Honor [Disc 2],Foo Fighters,1,0.99,0.99
32,48,Johannes Van der Berg,Netherlands,2021-05-10 00:00:00,2021,05,1006,Virginia Moon,Rock,In Your Honor [Disc 2],Foo Fighters,1,0.99,0.99
32,48,Johannes Van der Berg,Netherlands,2021-05-10 00:00:00,2021,05,1012,Times Like These,Alternative & Punk,One By One,Foo Fighters,1,0.99,0.99
32,48,Johannes Van der Berg,Netherlands,2021-05-10 00:00:00,2021,05,1018,Burn Away,Alternative & Punk,One By One,Foo Fighters,1,0.99,0.99
33,57,Luis Rojas,Chile,2021-05-15 00:00:00,2021,05,1027,See You,Rock,The Colour And The Shape,Foo Fighters,1,0.99,0.99
33,57,Luis Rojas,Chile,2021-05-15 00:00:00,2021,05,1036,I Get A Kick Out Of You,Easy Listening,My Way: The Best Of Frank Sinatra [Disc 1],Frank Sinatra,1,0.99,0.99
33,57,Luis Rojas,Chile,2021-05-15 00:00:00,2021,05,1045,Fly Me To The Moon,Easy Listening,My Way: The Best Of Frank Sinatra [Disc 1],Frank Sinatra,1,0.99,0.99
33,57,Luis Rojas,Chile,2021-05-15 00:00:00,2021,05,1054,Mack The Knife,Easy Listening,My Way: The Best Of Frank Sinatra [Disc 1],Frank Sinatra,1,0.99,0.99
33,57,Luis Rojas,Chile,2021-05-15 00:00:00,2021,05,1063,Funk Hum,Latin,Roda De Funk,Funk Como Le Gusta,1,0.99,0.99
33,57,Luis Rojas,Chile,2021-05-15 00:00:00,2021,05,1072,Forty Days Instrumental,Latin,Roda De Funk,Funk Como Le Gusta,1,0.99,0.99
33,57,Luis Rojas,Chile,2021-05-15 00:00:00,2021,05,1081,Pau-De-Arara,Soundtrack,As Canções de Eu Tu Eles,Gilberto Gil,1,0.99,0.99
33,57,Luis Rojas,Chile,2021-05-15 00:00:00,2021,05,1090,Stir It Up (Live),Latin,Quanta Gente Veio Ver (Live),Gilberto Gil,1,0.99,0.99
33,57,Luis Rojas,Chile,2021-05-15 00:00:00,2021,05,1099,A Novidade (Live),Latin,Quanta Gente Veio Ver (Live),Gilberto Gil,1,0.99,0.99
33,57,Luis Rojas,Chile,2021-05-15 00:00:00,2021,05,1108,Realce,Latin,Unplugged,Eric Clapton,1,0.99,0.99
33,57,Luis Rojas,Chile,2021-05-15 00:00:00,2021,05,1117,Aquele Abraço,Latin,Unplugged,Eric Clapton,1,0.99,0.99
33,57,Luis Rojas,Chile,2021-05-15 00:00:00,2021,05,1126,Re-Align,Metal,Faceless,Godsmack,1,0.99,0.99
33,57,Luis Rojas,Chile,2021-05-15 00:00:00,2021,05,1135,Holiday,Alternative & Punk,American Idiot,Green Day,1,0.99,0.99
33,57,Luis Rojas,Chile,2021-05-15 00:00:00,2021,05,1144,Homecoming / The Death Of St. Jimmy / East 12th St. / Nobody Likes You / Rock And Roll Girlfriend / We're Coming Home Again,Alternative & Punk,American Idiot,Green Day,1,0.99,0.99
34,12,Roberto Almeida,Brazil,2021-05-23 00:00:00,2021,05,1158,Right Next Door to Hell,Rock,Use Your Illusion I,Guns N' Roses,1,0.99,0.99
35,13,Fernanda Ramos,Brazil,2021-06-05 00:00:00,2021,06,1159,Dust N' Bones,Rock,Use Your Illusion I,Guns N' Roses,1,0.99,0.99
35,13,Fernanda Ramos,Brazil,2021-06-05 00:00:00,2021,06,1160,Live and Let Die,Rock,Use Your Illusion I,Guns N' Roses,1,0.99,0.99
36,15,Jennifer Peterson,Canada,2021-06-05 00:00:00,2021,06,1162,Perfect Crime,Rock,Use Your Illusion I,Guns N' Roses,1,0.99,0.99
36,15,Jennifer Peterson,Canada,2021-06-05 00:00:00,2021,06,1164,Bad Obsession,Rock,Use Your Illusion I,Guns N' Roses,1,0.99,0.99
37,17,Jack Smith,USA,2021-06-06 00:00:00,2021,06,1166,Double Talkin' Jive,Rock,Use Your Illusion I,Guns N' Roses,1,0.99,0.99
37,17,Jack Smith,USA,2021-06-06 00:00:00,2021,06,1168,The Garden,Rock,Use Your Illusion I,Guns N' Roses,1,0.99,0.99
37,17,Jack Smith,USA,2021-06-06 00:00:00,2021,06,1170,Don't Damn Me,Rock,Use Your Illusion I,Guns N' Roses,1,0.99,0.99
37,17,Jack Smith,USA,2021-06-06 00:00:00,2021,06,1172,Dead Horse,Rock,Use Your Illusion I,Guns N' Roses,1,0.99,0.99
38,21,Kathy Chase,USA,2021-06-07 00:00:00,2021,06,1176,Yesterdays,Metal,Use Your Illusion II,Guns N' Roses,1,0.99,0.99
38,21,Kathy Chase,USA,2021-06-07 00:00:00,2021,06,1180,Breakdown,Metal,Use Your Illusion II,Guns N' Roses,1,0.99,0.99
38,21,Kathy Chase,USA,2021-06-07 00:00:00,2021,06,1184,Estranged,Metal,Use Your Illusion II,Guns N' Roses,1,0.99,0.99
38,21,Kathy Chase,USA,2021-06-07 00:00:00,2021,06,1188,Colibri,Jazz,Blue Moods,Incognito,1,0.99,0.99
38,21,Kathy Chase,USA,2021-06-07 00:00:00,2021,06,1192,L'Arc En Ciel De Miles,Jazz,Blue Moods,Incognito,1,0.99,0.99
38,21,Kathy Chase,USA,2021-06-07 00:00:00,2021,06,1196,Millenium,Jazz,Blue Moods,Incognito,1,0.99,0.99
39,27,Patrick Gray,USA,2021-06-10 00:00:00,2021,06,1202,These Colours Don't Run,Rock,A Matter of Life and Death,Iron Maiden,1,0.99,0.99
39,27,Patrick Gray,USA,2021-06-10 00:00:00,2021,06,1208,For the Greater Good of God,Rock,A Matter of Life and Death,Iron Maiden,1,0.99,0.99
39,27,Patrick Gray,USA,2021-06-10 00:00:00,2021,06,1214,Prowler,Metal,A Real Dead One,Iron Maiden,1,0.99,0.99
39,27,Patrick Gray,USA,2021-06-10 00:00:00,2021,06,1220,Run To The Hilss,Metal,A Real Dead One,Iron Maiden,1,0.99,0.99
39,27,Patrick Gray,USA,2021-06-10 00:00:00,2021,06,1226,Can I Play With Madness,Metal,A Real Live One,Iron Maiden,1,0.99,0.99
39,27,Patrick Gray,USA,2021-06-10 00:00:00,2021,06,1232,Heaven Can Wait,Metal,A Real Live One,Iron Maiden,1,0.99,0.99
39,27,Patrick Gray,USA,2021-06-10 00:00:00,2021,06,1238,Blood Brothers,Rock,Brave New World,Iron Maiden,1,0.99,0.99
39,27,Patrick Gray,USA,2021-06-10 00:00:00,2021,06,1244,The Thin Line Between Love & Hate,Rock,Brave New World,Iron Maiden,1,0.99,0.99
39,27,Patrick Gray,USA,2021-06-10 00:00:00,2021,06,1250,Gates Of Tomorrow,Heavy Metal,Dance Of Death,Iron Maiden,1,0.99,0.99
40,36,Hannah Schneider,Germany,2021-06-15 00:00:00,2021,06,1259,Fear Is The Key,Rock,Fear Of The Dark,Iron Maiden,1,0.99,0.99
40,36,Hannah Schneider,Germany,2021-06-15 00:00:00,2021,06,1268,01 - Prowler,Blues,Iron Maiden,Iron Maiden,1,0.99,0.99
40,36,Hannah Schneider,Germany,2021-06-15 00:00:00,2021,06,1277,The Ides Of March,Heavy Metal,Killers,Iron Maiden,1,0.99,0.99
40,36,Hannah Schneider,Germany,2021-06-15 00:00:00,2021,06,1286,Drifter,Heavy Metal,Killers,Iron Maiden,1,0.99,0.99
40,36,Hannah Schneider,Germany,2021-06-15 00:00:00,2021,06,1295,The Number Of The Beast,Metal,Live After Death,Iron Maiden,1,0.99,0.99
40,36,Hannah Schneider,Germany,2021-06-15 00:00:00,2021,06,1304,Phantom Of The Opera,Heavy Metal,Live After Death,Iron Maiden,1,0.99,0.99
40,36,Hannah Schneider,Germany,2021-06-15 00:00:00,2021,06,1313,Afraid To Shoot Strangers,Rock,Live At Donington 1992 (Disc 1),Iron Maiden,1,0.99,0.99
40,36,Hannah Schneider,Germany,2021-06-15 00:00:00,2021,06,1322,The Trooper,Rock,Live At Donington 1992 (Disc 2),Iron Maiden,1,0.99,0.99
40,36,Hannah Schneider,Germany,2021-06-15 00:00:00,2021,06,1331,Run Silent Run Deep,Metal,No Prayer For The Dying,Iron Maiden,1,0.99,0.99
40,36,Hannah Schneider,Germany,2021-06-15 00:00:00,2021,06,1340,Still Life,Metal,Piece Of Mind,Iron Maiden,1,0.99,0.99
40,36,Hannah Schneider,Germany,2021-06-15 00:00:00,2021,06,1349,Back in the Village,Metal,Powerslave,Iron Maiden,1,0.99,0.99
40,36,Hannah Schneider,Germany,2021-06-15 00:00:00,2021,06,1358,Blood Brothers,Metal,Rock In Rio [CD1],Iron Maiden,1,0.99,0.99
40,36,Hannah Schneider,Germany,2021-06-15 00:00:00,2021,06,1367,The Number Of The Beast,Rock,Rock In Rio [CD2],Iron Maiden,1,0.99,0.99
40,36,Hannah Schneider,Germany,2021-06-15 00:00:00,2021,06,1376,The Prophecy,Metal,Seventh Son of a Seventh Son,Iron Maiden,1,0.99,0.99
41,50,Enrique Muñoz,Spain,2021-06-23 00:00:00,2021,06,1390,Hallowed Be Thy Name,Metal,The Number of The Beast,Iron Maiden,1,0.99,0.99
42,51,Joakim Johansson,Sweden,2021-07-06 00:00:00,2021,07,1391,Invaders,Metal,The Number of The Beast,Iron Maiden,1,0.99,0.99
42,51,Joakim Johansson,Sweden,2021-07-06 00:00:00,2021,07,1392,Run to the Hills,Metal,The Number of The Beast,Iron Maiden,1,0.99,0.99
43,53,Phil Hughes,United Kingdom,2021-07-06 00:00:00,2021,07,1394,The Prisoner,Metal,The Number of The Beast,Iron Maiden,1,0.99,0.99
43,53,Phil Hughes,United Kingdom,2021-07-06 00:00:00,2021,07,1396,Lord Of The Flies,Rock,The X Factor,Iron Maiden,1,0.99,0.99
44,55,Mark Taylor,Australia,2021-07-07 00:00:00,2021,07,1398,Fortunes Of War,Rock,The X Factor,Iron Maiden,1,0.99,0.99
44,55,Mark Taylor,Australia,2021-07-07 00:00:00,2021,07,1400,The Aftermath,Rock,The X Factor,Iron Maiden,1,0.99,0.99
44,55,Mark Taylor,Australia,2021-07-07 00:00:00,2021,07,1402,Blood On The World's Hands,Rock,The X Factor,Iron Maiden,1,0.99,0.99
44,55,Mark Taylor,Australia,2021-07-07 00:00:00,2021,07,1404,2 A.M.,Rock,The X Factor,Iron Maiden,1,0.99,0.99
45,59,Puja Srivastava,India,2021-07-08 00:00:00,2021,07,1408,Lightning Strikes Twice,Rock,Virtual XI,Iron Maiden,1,0.99,0.99
45,59,Puja Srivastava,India,2021-07-08 00:00:00,2021,07,1412,Don't Look To The Eyes Of A Stranger,Rock,Virtual XI,Iron Maiden,1,0.99,0.99
45,59,Puja Srivastava,India,2021-07-08 00:00:00,2021,07,1416,Night Train,R&B/Soul,Sex Machine,James Brown,1,0.99,0.99
45,59,Puja Srivastava,India,2021-07-08 00:00:00,2021,07,1420,It's A Man's Man's Man's World,R&B/Soul,Sex Machine,James Brown,1,0.99,0.99
45,59,Puja Srivastava,India,2021-07-08 00:00:00,2021,07,1424,Hey America,R&B/Soul,Sex Machine,James Brown,1,0.99,0.99
45,59,Puja Srivastava,India,2021-07-08 00:00:00,2021,07,1428,Get Up Offa That Thing,R&B/Soul,Sex Machine,James Brown,1,0.99,0.99
46,6,Helena Holý,Czech Republic,2021-07-11 00:00:00,2021,07,1434,When You Gonna Learn (Digeridoo),Rock,Emergency On Planet Earth,Jamiroquai,1,0.99,0.99
46,6,Helena Holý,Czech Republic,2021-07-11 00:00:00,2021,07,1440,"Whatever It Is, I Just Can't Stop",Rock,Emergency On Planet Earth,Jamiroquai,1,0.99,0.99
46,6,Helena Holý,Czech Republic,2021-07-11 00:00:00,2021,07,1446,Black Capricorn Day,R&B/Soul,Synkronized,Jamiroquai,1,0.99,0.99
46,6,Helena Holý,Czech Republic,2021-07-11 00:00:00,2021,07,1452,Were Do We Go From Here,R&B/Soul,Synkronized,Jamiroquai,1,0.99,0.99
46,6,Helena Holý,Czech Republic,2021-07-11 00:00:00,2021,07,1458,Light Years,Electronica/Dance,The Return Of The Space Cowboy,Jamiroquai,1,0.99,0.99
46,6,Helena Holý,Czech Republic,2021-07-11 00:00:00,2021,07,1464,Morning Glory,Electronica/Dance,The Return Of The Space Cowboy,Jamiroquai,1,0.99,0.99
46,6,Helena Holý,Czech Republic,2021-07-11 00:00:00,2021,07,1470,Get What You Need,Alternative & Punk,Get Born,JET,1,0.99,0.99
46,6,Helena Holý,Czech Republic,2021-07-11 00:00:00,2021,07,1476,Take It Or Leave It,Alternative & Punk,Get Born,JET,1,0.99,0.99
46,6,Helena Holý,Czech Republic,2021-07-11 00:00:00,2021,07,1482,Can You See Me,Rock,Are You Experienced?,Jimi Hendrix,1,0.99,0.99
47,15,Jennifer Peterson,Canada,2021-07-16 00:00:00,2021,07,1491,Stone Free,Rock,Are You Experienced?,Jimi Hendrix,1,0.99,0.99
47,15,Jennifer Peterson,Canada,2021-07-16 00:00:00,2021,07,1500,Satch Boogie,Rock,Surfing with the Alien (Remastered),Joe Satriani,1,0.99,0.99
47,15,Jennifer Peterson,Canada,2021-07-16 00:00:00,2021,07,1509,Salve Simpatia,Latin,Jorge Ben Jor 25 Anos,Jorge Ben,1,0.99,0.99
47,15,Jennifer Peterson,Canada,2021-07-16 00:00:00,2021,07,1518,Filho Maravilha,Latin,Jorge Ben Jor 25 Anos,Jorge Ben,1,0.99,0.99
47,15,Jennifer Peterson,Canada,2021-07-16 00:00:00,2021,07,1527,Dance Enquanto é Tempo,Latin,Jota Quest-1995,Jota Quest,1,0.99,0.99
47,15,Jennifer Peterson,Canada,2021-07-16 00:00:00,2021,07,1536,Voce Inteira,World,Cafezinho,João Suplicy,1,0.99,0.99
47,15,Jennifer Peterson,Canada,2021-07-16 00:00:00,2021,07,1545,Enquanto O Dia Não Vem,World,Cafezinho,João Suplicy,1,0.99,0.99
47,15,Jennifer Peterson,Canada,2021-07-16 00:00:00,2021,07,1554,Turbo Lover,Metal,Living After Midnight,Judas Priest,1,0.99,0.99
47,15,Jennifer Peterson,Canada,2021-07-16 00:00:00,2021,07,1563,Plaster Caster,Rock,Unplugged [Live],Kiss,1,0.99,0.99
47,15,Jennifer Peterson,Canada,2021-07-16 00:00:00,2021,07,1572,Every Time I Look At You,Rock,Unplugged [Live],Kiss,1,0.99,0.99
47,15,Jennifer Peterson,Canada,2021-07-16 00:00:00,2021,07,1581,Dazed And Confused,Rock,BBC Sessions [Disc 2] [Live],Led Zeppelin,1,0.99,0.99
47,15,Jennifer Peterson,Canada,2021-07-16 00:00:00,2021,07,1590,Walter's Walk,Rock,Coda,Led Zeppelin,1,0.99,0.99
47,15,Jennifer Peterson,Canada,2021-07-16 00:00:00,2021,07,1599,Dancing Days,Rock,Houses Of The Holy,Led Zeppelin,1,0.99,0.99
47,15,Jennifer Peterson,Canada,2021-07-16 00:00:00,2021,07,1608,All My Love,Rock,In Through The Out Door,Led Zeppelin,1,0.99,0.99
48,29,Robert Brown,Canada,2021-07-24 00:00:00,2021,07,1622,Your Time Is Gonna Come,Rock,Led Zeppelin I,Led Zeppelin,1,0.99,0.99
49,30,Edward Francis,Canada,2021-08-06 00:00:00,2021,08,1623,Black Mountain Side,Rock,Led Zeppelin I,Led Zeppelin,1,0.99,0.99
49,30,Edward Francis,Canada,2021-08-06 00:00:00,2021,08,1624,Communication Breakdown,Rock,Led Zeppelin I,Led Zeppelin,1,0.99,0.99
50,32,Aaron Mitchell,Canada,2021-08-06 00:00:00,2021,08,1626,How Many More Times,Rock,Led Zeppelin I,Led Zeppelin,1,0.99,0.99
50,32,Aaron Mitchell,Canada,2021-08-06 00:00:00,2021,08,1628,What Is And What Should Never Be,Rock,Led Zeppelin II,Led Zeppelin,1,0.99,0.99
51,34,João Fernandes,Portugal,2021-08-07 00:00:00,2021,08,1630,Thank You,Rock,Led Zeppelin II,Led Zeppelin,1,0.99,0.99
51,34,João Fernandes,Portugal,2021-08-07 00:00:00,2021,08,1632,Living Loving Maid (She's Just A Woman),Rock,Led Zeppelin II,Led Zeppelin,1,0.99,0.99
51,34,João Fernandes,Portugal,2021-08-07 00:00:00,2021,08,1634,Moby Dick,Rock,Led Zeppelin II,Led Zeppelin,1,0.99,0.99
51,34,João Fernandes,Portugal,2021-08-07 00:00:00,2021,08,1636,Immigrant Song,Rock,Led Zeppelin III,Led Zeppelin,1,0.99,0.99
52,38,Niklas Schröder,Germany,2021-08-08 00:00:00,2021,08,1640,Out On The Tiles,Rock,Led Zeppelin III,Led Zeppelin,1,0.99,0.99
52,38,Niklas Schröder,Germany,2021-08-08 00:00:00,2021,08,1644,Bron-Y-Aur Stomp,Rock,Led Zeppelin III,Led Zeppelin,1,0.99,0.99
52,38,Niklas Schröder,Germany,2021-08-08 00:00:00,2021,08,1648,Down By The Seaside,Rock,Physical Graffiti [Disc 2],Led Zeppelin,1,0.99,0.99
52,38,Niklas Schröder,Germany,2021-08-08 00:00:00,2021,08,1652,Boogie With Stu,Rock,Physical Graffiti [Disc 2],Led Zeppelin,1,0.99,0.99
52,38,Niklas Schröder,Germany,2021-08-08 00:00:00,2021,08,1656,For Your Life,Rock,Presence,Led Zeppelin,1,0.99,0.99
52,38,Niklas Schröder,Germany,2021-08-08 00:00:00,2021,08,1660,Hots On For Nowhere,Rock,Presence,Led Zeppelin,1,0.99,0.99
53,44,Terhi Hämäläinen,Finland,2021-08-11 00:00:00,2021,08,1666,Dazed And Confused,Rock,The Song Remains The Same (Disc 1),Led Zeppelin,1,0.99,0.99
53,44,Terhi Hämäläinen,Finland,2021-08-11 00:00:00,2021,08,1672,L'Avventura,Latin,A TempestadeTempestade Ou O Livro Dos Dias,Legião Urbana,1,0.99,0.99
53,44,Terhi Hämäläinen,Finland,2021-08-11 00:00:00,2021,08,1678,Soul Parsifal,Latin,A TempestadeTempestade Ou O Livro Dos Dias,Legião Urbana,1,0.99,0.99
53,44,Terhi Hämäläinen,Finland,2021-08-11 00:00:00,2021,08,1684,Quando Você Voltar,Latin,A TempestadeTempestade Ou O Livro Dos Dias,Legião Urbana,1,0.99,0.99
53,44,Terhi Hämäläinen,Finland,2021-08-11 00:00:00,2021,08,1690,Tempo Perdido,Latin,Mais Do Mesmo,Legião Urbana,1,0.99,0.99
53,44,Terhi Hämäläinen,Finland,2021-08-11 00:00:00,2021,08,1696,Meninos E Meninas,Latin,Mais Do Mesmo,Legião Urbana,1,0.99,0.99
53,44,Terhi Hämäläinen,Finland,2021-08-11 00:00:00,2021,08,1702,Are You Gonna Go My Way,Rock,Greatest Hits,Lenny Kravitz,1,0.99,0.99
53,44,Terhi Hämäläinen,Finland,2021-08-11 00:00:00,2021,08,1708,Mr. Cab Driver,Rock,Greatest Hits,Lenny Kravitz,1,0.99,0.99
53,44,Terhi Hämäläinen,Finland,2021-08-11 00:00:00,2021,08,1714,Believe,Rock,Greatest Hits,Lenny Kravitz,1,0.99,0.99
54,53,Phil Hughes,United Kingdom,2021-08-16 00:00:00,2021,08,1723,Condição,Latin,Lulu Santos - RCA 100 Anos De Música - Álbum 01,Lulu Santos,1,0.99,0.99
54,53,Phil Hughes,United Kingdom,2021-08-16 00:00:00,2021,08,1732,Aquilo,Latin,Lulu Santos - RCA 100 Anos De Música - Álbum 02,Lulu Santos,1,0.99,0.99
54,53,Phil Hughes,United Kingdom,2021-08-16 00:00:00,2021,08,1741,Assaltaram A Gramática,Latin,Lulu Santos - RCA 100 Anos De Música - Álbum 02,Lulu Santos,1,0.99,0.99
54,53,Phil Hughes,United Kingdom,2021-08-16 00:00:00,2021,08,1750,Waterhole (Expresso Bongo),Rock,Misplaced Childhood,Marillion,1,0.99,0.99
54,53,Phil Hughes,United Kingdom,2021-08-16 00:00:00,2021,08,1759,Tempos Modernos,Latin,Barulhinho Bom,Marisa Monte,1,0.99,0.99
54,53,Phil Hughes,United Kingdom,2021-08-16 00:00:00,2021,08,1768,Dança Da Solidão,Latin,Barulhinho Bom,Marisa Monte,1,0.99,0.99
54,53,Phil Hughes,United Kingdom,2021-08-16 00:00:00,2021,08,1777,When I Had Your Love,R&B/Soul,Seek And Shall Find: More Of The Best (1963-1981),Marvin Gaye,1,0.99,0.99
54,53,Phil Hughes,United Kingdom,2021-08-16 00:00:00,2021,08,1786,Save The Children,R&B/Soul,Seek And Shall Find: More Of The Best (1963-1981),Marvin Gaye,1,0.99,0.99
54,53,Phil Hughes,United Kingdom,2021-08-16 00:00:00,2021,08,1795,Down by the Sea,Rock,The Best Of Men At Work,Men At Work,1,0.99,0.99
54,53,Phil Hughes,United Kingdom,2021-08-16 00:00:00,2021,08,1804,The Unforgiven,Metal,Black Album,Metallica,1,0.99,0.99
54,53,Phil Hughes,United Kingdom,2021-08-16 00:00:00,2021,08,1813,Helpless,Metal,Garage Inc. (Disc 2),Metallica,1,0.99,0.99
54,53,Phil Hughes,United Kingdom,2021-08-16 00:00:00,2021,08,1822,Stone Cold Crazy,Metal,Garage Inc. (Disc 2),Metallica,1,0.99,0.99
54,53,Phil Hughes,United Kingdom,2021-08-16 00:00:00,2021,08,1831,Motorbreath,Metal,Kill 'Em All,Metallica,1,0.99,0.99
54,53,Phil Hughes,United Kingdom,2021-08-16 00:00:00,2021,08,1840,2 X 4,Metal,Load,Metallica,1,0.99,0.99
55,8,Daan Peeters,Belgium,2021-08-24 00:00:00,2021,08,1854,Master Of Puppets,Metal,Master Of Puppets,Metallica,1,0.99,0.99
56,9,Kara Nielsen,Denmark,2021-09-06 00:00:00,2021,09,1855,The Thing That Should Not Be,Metal,Master Of Puppets,Metallica,1,0.99,0.99
56,9,Kara Nielsen,Denmark,2021-09-06 00:00:00,2021,09,1856,Welcome Home (Sanitarium),Metal,Master Of Puppets,Metallica,1,0.99,0.99
57,11,Alexandre Rocha,Brazil,2021-09-06 00:00:00,2021,09,1858,Leper Messiah,Metal,Master Of Puppets,Metallica,1,0.99,0.99
57,11,Alexandre Rocha,Brazil,2021-09-06 00:00:00,2021,09,1860,Damage Inc.,Metal,Master Of Puppets,Metallica,1,0.99,0.99
58,13,Fernanda Ramos,Brazil,2021-09-07 00:00:00,2021,09,1862,The Memory Remains,Metal,ReLoad,Metallica,1,0.99,0.99
58,13,Fernanda Ramos,Brazil,2021-09-07 00:00:00,2021,09,1864,The Unforgiven II,Metal,ReLoad,Metallica,1,0.99,0.99
58,13,Fernanda Ramos,Brazil,2021-09-07 00:00:00,2021,09,1866,Slither,Metal,ReLoad,Metallica,1,0.99,0.99
58,13,Fernanda Ramos,Brazil,2021-09-07 00:00:00,2021,09,1868,Bad Seed,Metal,ReLoad,Metallica,1,0.99,0.99
59,17,Jack Smith,USA,2021-09-08 00:00:00,2021,09,1872,Attitude,Metal,ReLoad,Metallica,1,0.99,0.99
59,17,Jack Smith,USA,2021-09-08 00:00:00,2021,09,1876,For Whom The Bell Tolls,Metal,Ride The Lightning,Metallica,1,0.99,0.99
59,17,Jack Smith,USA,2021-09-08 00:00:00,2021,09,1880,Creeping Death,Metal,Ride The Lightning,Metallica,1,0.99,0.99
59,17,Jack Smith,USA,2021-09-08 00:00:00,2021,09,1884,Some Kind Of Monster,Metal,St. Anger,Metallica,1,0.99,0.99
59,17,Jack Smith,USA,2021-09-08 00:00:00,2021,09,1888,Shoot Me Again,Metal,St. Anger,Metallica,1,0.99,0.99
59,17,Jack Smith,USA,2021-09-08 00:00:00,2021,09,1892,All Within My Hands,Metal,St. Anger,Metallica,1,0.99,0.99
60,23,John Gordon,USA,2021-09-11 00:00:00,2021,09,1898,Harvester Of Sorrow,Metal,...And Justice For All,Metallica,1,0.99,0.99
60,23,John Gordon,USA,2021-09-11 00:00:00,2021,09,1904,The Duke,Jazz,Miles Ahead,Miles Davis,1,0.99,0.99
60,23,John Gordon,USA,2021-09-11 00:00:00,2021,09,1910,Lament,Jazz,Miles Ahead,Miles Davis,1,0.99,0.99
60,23,John Gordon,USA,2021-09-11 00:00:00,2021,09,1916,Coração De Estudante,Latin,Milton Nascimento Ao Vivo,Milton Nascimento,1,0.99,0.99
60,23,John Gordon,USA,2021-09-11 00:00:00,2021,09,1922,Menestrel Das Alagoas,Latin,Milton Nascimento Ao Vivo,Milton Nascimento,1,0.99,0.99
60,23,John Gordon,USA,2021-09-11 00:00:00,2021,09,1928,"Maria, Maria",Latin,Milton Nascimento Ao Vivo,Milton Nascimento,1,0.99,0.99
60,23,John Gordon,USA,2021-09-11 00:00:00,2021,09,1934,Ponta de Areia,Latin,Minas,Milton Nascimento,1,0.99,0.99
60,23,John Gordon,USA,2021-09-11 00:00:00,2021,09,1940,Norwegian Wood,Latin,Minas,Milton Nascimento,1,0.99,0.99
60,23,John Gordon,USA,2021-09-11 00:00:00,2021,09,1946,Fast And Loose,Metal,Ace Of Spades,Motörhead,1,0.99,0.99
61,32,Aaron Mitchell,Canada,2021-09-16 00:00:00,2021,09,1955,Please Don't Touch,Metal,Ace Of Spades,Motörhead,1,0.99,0.99
61,32,Aaron Mitchell,Canada,2021-09-16 00:00:00,2021,09,1964,Já Foi,World,Demorou...,Mônica Marianno,1,0.99,0.99
61,32,Aaron Mitchell,Canada,2021-09-16 00:00:00,2021,09,1973,Wild Side,Metal,Motley Crue Greatest Hits,Mötley Crüe,1,0.99,0.99
61,32,Aaron Mitchell,Canada,2021-09-16 00:00:00,2021,09,1982,Primal Scream,Metal,Motley Crue Greatest Hits,Mötley Crüe,1,0.99,0.99
61,32,Aaron Mitchell,Canada,2021-09-16 00:00:00,2021,09,1991,Been A Son,Rock,From The Muddy Banks Of The Wishkah [Live],Nirvana,1,0.99,0.99
61,32,Aaron Mitchell,Canada,2021-09-16 00:00:00,2021,09,2000,Breed,Rock,From The Muddy Banks Of The Wishkah [Live],Nirvana,1,0.99,0.99
61,32,Aaron Mitchell,Canada,2021-09-16 00:00:00,2021,09,2009,Territorial Pissings,Rock,Nevermind,Nirvana,1,0.99,0.99
61,32,Aaron Mitchell,Canada,2021-09-16 00:00:00,2021,09,2018,Folhas Secas,Rock,Compositores,O Terço,1,0.99,0.99
61,32,Aaron Mitchell,Canada,2021-09-16 00:00:00,2021,09,2027,Menino De Rua,Rock,Compositores,O Terço,1,0.99,0.99
61,32,Aaron Mitchell,Canada,2021-09-16 00:00:00,2021,09,2036,Denúncia,Latin,Olodum,Olodum,1,0.99,0.99
61,32,Aaron Mitchell,Canada,2021-09-16 00:00:00,2021,09,2045,O Trem Da Juventude,Latin,Acústico MTV,Os Paralamas Do Sucesso,1,0.99,0.99
61,32,Aaron Mitchell,Canada,2021-09-16 00:00:00,2021,09,2054,Selvagem,Latin,Acústico MTV,Os Paralamas Do Sucesso,1,0.99,0.99
61,32,Aaron Mitchell,Canada,2021-09-16 00:00:00,2021,09,2063,Nebulosa Do Amor,Latin,Acústico MTV,Os Paralamas Do Sucesso,1,0.99,0.99
61,32,Aaron Mitchell,Canada,2021-09-16 00:00:00,2021,09,2072,Luis Inacio (300 Picaretas),Latin,Arquivo II,Os Paralamas Do Sucesso,1,0.99,0.99
62,46,Hugh O'Reilly,Ireland,2021-09-24 00:00:00,2021,09,2086,Perplexo,Latin,Arquivo Os Paralamas Do Sucesso,Os Paralamas Do Sucesso,1,0.99,0.99
63,47,Lucas Mancini,Italy,2021-10-07 00:00:00,2021,10,2087,Me Liga,Latin,Arquivo Os Paralamas Do Sucesso,Os Paralamas Do Sucesso,1,0.99,0.99
63,47,Lucas Mancini,Italy,2021-10-07 00:00:00,2021,10,2088,Quase Um Segundo,Latin,Arquivo Os Paralamas Do Sucesso,Os Paralamas Do Sucesso,1,0.99,0.99
64,49,Stanisław Wójcik,Poland,2021-10-07 00:00:00,2021,10,2090,Romance Ideal,Latin,Arquivo Os Paralamas Do Sucesso,Os Paralamas Do Sucesso,1,0.99,0.99
64,49,Stanisław Wójcik,Poland,2021-10-07 00:00:00,2021,10,2092,SKA,Latin,Arquivo Os Paralamas Do Sucesso,Os Paralamas Do Sucesso,1,0.99,0.99
65,51,Joakim Johansson,Sweden,2021-10-08 00:00:00,2021,10,2094,I Don't Know,Rock,Blizzard of Ozz,Ozzy Osbourne,1,0.99,0.99
65,51,Joakim Johansson,Sweden,2021-10-08 00:00:00,2021,10,2096,Flying High Again,Rock,Diary of a Madman (Remastered),Ozzy Osbourne,1,0.99,0.99
65,51,Joakim Johansson,Sweden,2021-10-08 00:00:00,2021,10,2098,No More Tears,Rock,No More Tears (Remastered),Ozzy Osbourne,1,0.99,0.99
65,51,Joakim Johansson,Sweden,2021-10-08 00:00:00,2021,10,2100,Crazy Train,Metal,Tribute,Ozzy Osbourne,1,0.99,0.99
66,55,Mark Taylor,Australia,2021-10-09 00:00:00,2021,10,2104,Relvelation (Mother Earth),Metal,Tribute,Ozzy Osbourne,1,0.99,0.99
66,55,Mark Taylor,Australia,2021-10-09 00:00:00,2021,10,2108,Children Of The Grave,Metal,Tribute,Ozzy Osbourne,1,0.99,0.99
66,55,Mark Taylor,Australia,2021-10-09 00:00:00,2021,10,2112,Dee,Metal,Tribute,Ozzy Osbourne,1,0.99,0.99
66,55,Mark Taylor,Australia,2021-10-09 00:00:00,2021,10,2116,Blue Train,Rock,Walking Into Clarksdale,Page & Plant,1,0.99,0.99
66,55,Mark Taylor,Australia,2021-10-09 00:00:00,2021,10,2120,Walking Into Clarksdale,Rock,Walking Into Clarksdale,Page & Plant,1,0.99,0.99
66,55,Mark Taylor,Australia,2021-10-09 00:00:00,2021,10,2124,Sons Of Freedom,Rock,Walking Into Clarksdale,Page & Plant,1,0.99,0.99
67,2,Leonie Köhler,Germany,2021-10-12 00:00:00,2021,10,2130,Beach Sequence,Soundtrack,Original Soundtracks 1,Passengers,1,0.99,0.99
67,2,Leonie Köhler,Germany,2021-10-12 00:00:00,2021,10,2136,Plot 180,Soundtrack,Original Soundtracks 1,Passengers,1,0.99,0.99
67,2,Leonie Köhler,Germany,2021-10-12 00:00:00,2021,10,2142,Murders In The Rue Morgue,Rock,The Beast Live,Paul D'Ianno,1,0.99,0.99
67,2,Leonie Köhler,Germany,2021-10-12 00:00:00,2021,10,2148,Iron Maiden,Rock,The Beast Live,Paul D'Ianno,1,0.99,0.99
67,2,Leonie Köhler,Germany,2021-10-12 00:00:00,2021,10,2154,Untitled,Rock,Live On Two Legs [Live],Pearl Jam,1,0.99,0.99
67,2,Leonie Köhler,Germany,2021-10-12 00:00:00,2021,10,2160,Nothingman,Rock,Live On Two Legs [Live],Pearl Jam,1,0.99,0.99
67,2,Leonie Köhler,Germany,2021-10-12 00:00:00,2021,10,2166,World Wide Suicide,Alternative & Punk,Pearl Jam,Pearl Jam,1,0.99,0.99
67,2,Leonie Köhler,Germany,2021-10-12 00:00:00,2021,10,2172,Big Wave,Alternative & Punk,Pearl Jam,Pearl Jam,1,0.99,0.99
67,2,Leonie Köhler,Germany,2021-10-12 00:00:00,2021,10,2178,Can't Keep,Rock,Riot Act,Pearl Jam,1,0.99,0.99
68,11,Alexandre Rocha,Brazil,2021-10-17 00:00:00,2021,10,2187,Green Disease,Rock,Riot Act,Pearl Jam,1,0.99,0.99
68,11,Alexandre Rocha,Brazil,2021-10-17 00:00:00,2021,10,2196,Why Go,Rock,Ten,Pearl Jam,1,0.99,0.99
68,11,Alexandre Rocha,Brazil,2021-10-17 00:00:00,2021,10,2205,Animal,Rock,Vs.,Pearl Jam,1,0.99,0.99
68,11,Alexandre Rocha,Brazil,2021-10-17 00:00:00,2021,10,2214,Leash,Rock,Vs.,Pearl Jam,1,0.99,0.99
68,11,Alexandre Rocha,Brazil,2021-10-17 00:00:00,2021,10,2223,Wanted Dread And Alive,Reggae,Greatest Hits,Lenny Kravitz,1,0.99,0.99
68,11,Alexandre Rocha,Brazil,2021-10-17 00:00:00,2021,10,2232,The Great Gig In The Sky,Rock,Dark Side Of The Moon,Pink Floyd,1,0.99,0.99
68,11,Alexandre Rocha,Brazil,2021-10-17 00:00:00,2021,10,2241,Bossa,Hip Hop/Rap,Os Cães Ladram Mas A Caravana Não Pára,Planet Hemp,1,0.99,0.99
68,11,Alexandre Rocha,Brazil,2021-10-17 00:00:00,2021,10,2250,Nega Do Cabelo Duro,Hip Hop/Rap,Os Cães Ladram Mas A Caravana Não Pára,Planet Hemp,1,0.99,0.99
68,11,Alexandre Rocha,Brazil,2021-10-17 00:00:00,2021,10,2259,You're My Best Friend,Rock,Greatest Hits I,Queen,1,0.99,0.99
68,11,Alexandre Rocha,Brazil,2021-10-17 00:00:00,2021,10,2268,Seven Seas Of Rhye,Rock,Greatest Hits I,Queen,1,0.99,0.99
68,11,Alexandre Rocha,Brazil,2021-10-17 00:00:00,2021,10,2277,"Get Down, Make Love",Rock,News Of The World,Queen,1,0.99,0.99
68,11,Alexandre Rocha,Brazil,2021-10-17 00:00:00,2021,10,2286,Get Up,Alternative & Punk,Green,R.E.M.,1,0.99,0.99
68,11,Alexandre Rocha,Brazil,2021-10-17 00:00:00,2021,10,2295,Untitled,Alternative & Punk,Green,R.E.M.,1,0.99,0.99
68,11,Alexandre Rocha,Brazil,2021-10-17 00:00:00,2021,10,2304,Be Mine,Rock,New Adventures In Hi-Fi,R.E.M.,1,0.99,0.99
69,25,Victor Stevens,USA,2021-10-25 00:00:00,2021,10,2318,Carnival Of Sorts,Alternative & Punk,The Best Of R.E.M.: The IRS Years,R.E.M.,1,0.99,0.99
70,26,Richard Cunningham,USA,2021-11-07 00:00:00,2021,11,2319,Radio Free Aurope,Alternative & Punk,The Best Of R.E.M.: The IRS Years,R.E.M.,1,0.99,0.99
70,26,Richard Cunningham,USA,2021-11-07 00:00:00,2021,11,2320,Perfect Circle,Alternative & Punk,The Best Of R.E.M.: The IRS Years,R.E.M.,1,0.99,0.99
71,28,Julia Barnett,USA,2021-11-07 00:00:00,2021,11,2322,So Central Rain,Alternative & Punk,The Best Of R.E.M.: The IRS Years,R.E.M.,1,0.99,0.99
71,28,Julia Barnett,USA,2021-11-07 00:00:00,2021,11,2324,Pretty Persuasion,Alternative & Punk,The Best Of R.E.M.: The IRS Years,R.E.M.,1,0.99,0.99
72,30,Edward Francis,Canada,2021-11-08 00:00:00,2021,11,2326,Can't Get There From Here,Alternative & Punk,The Best Of R.E.M.: The IRS Years,R.E.M.,1,0.99,0.99
72,30,Edward Francis,Canada,2021-11-08 00:00:00,2021,11,2328,Fall On Me,Alternative & Punk,The Best Of R.E.M.: The IRS Years,R.E.M.,1,0.99,0.99
72,30,Edward Francis,Canada,2021-11-08 00:00:00,2021,11,2330,Cuyahoga,Alternative & Punk,The Best Of R.E.M.: The IRS Years,R.E.M.,1,0.99,0.99
72,30,Edward Francis,Canada,2021-11-08 00:00:00,2021,11,2332,The Finest Worksong,Alternative & Punk,The Best Of R.E.M.: The IRS Years,R.E.M.,1,0.99,0.99
73,34,João Fernandes,Portugal,2021-11-09 00:00:00,2021,11,2336,Papeau Nuky Doe,Alternative & Punk,Cesta Básica,Raimundos,1,0.99,0.99
73,34,João Fernandes,Portugal,2021-11-09 00:00:00,2021,11,2340,Esporrei Na Manivela,Alternative & Punk,Cesta Básica,Raimundos,1,0.99,0.99
73,34,João Fernandes,Portugal,2021-11-09 00:00:00,2021,11,2344,Maluco Beleza,Rock,Raul Seixas,Raul Seixas,1,0.99,0.99
73,34,João Fernandes,Portugal,2021-11-09 00:00:00,2021,11,2348,As Profecias,Rock,Raul Seixas,Raul Seixas,1,0.99,0.99
73,34,João Fernandes,Portugal,2021-11-09 00:00:00,2021,11,2352,Que Luz É Essa,Rock,Raul Seixas,Raul Seixas,1,0.99,0.99
73,34,João Fernandes,Portugal,2021-11-09 00:00:00,2021,11,2356,Século XXI,Rock,Raul Seixas,Raul Seixas,1,0.99,0.99
74,40,Dominique Lefebvre,France,2021-11-12 00:00:00,2021,11,2362,Suck My Kiss,Alternative & Punk,Blood Sugar Sex Magik,Red Hot Chili Peppers,1,0.99,0.99
74,40,Dominique Lefebvre,France,2021-11-12 00:00:00,2021,11,2368,Under The Bridge,Alternative & Punk,Blood Sugar Sex Magik,Red Hot Chili Peppers,1,0.99,0.99
74,40,Dominique Lefebvre,France,2021-11-12 00:00:00,2021,11,2374,They're Red Hot,Alternative & Punk,Blood Sugar Sex Magik,Red Hot Chili Peppers,1,0.99,0.99
74,40,Dominique Lefebvre,France,2021-11-12 00:00:00,2021,11,2380,The Zephyr Song,Rock,By The Way,Red Hot Chili Peppers,1,0.99,0.99
74,40,Dominique Lefebvre,France,2021-11-12 00:00:00,2021,11,2386,Tear,Rock,By The Way,Red Hot Chili Peppers,1,0.99,0.99
74,40,Dominique Lefebvre,France,2021-11-12 00:00:00,2021,11,2392,Parallel Universe,Rock,Californication,Red Hot Chili Peppers,1,0.99,0.99
74,40,Dominique Lefebvre,France,2021-11-12 00:00:00,2021,11,2398,Porcelain,Rock,Californication,Red Hot Chili Peppers,1,0.99,0.99
74,40,Dominique Lefebvre,France,2021-11-12 00:00:00,2021,11,2404,Right On Time,Rock,Californication,Red Hot Chili Peppers,1,0.99,0.99
74,40,Dominique Lefebvre,France,2021-11-12 00:00:00,2021,11,2410,Xanadu,Rock,Retrospective I (1974-1980),Rush,1,0.99,0.99
75,49,Stanisław Wójcik,Poland,2021-11-17 00:00:00,2021,11,2419,Finding My Way,Rock,Retrospective I (1974-1980),Rush,1,0.99,0.99
75,49,Stanisław Wójcik,Poland,2021-11-17 00:00:00,2021,11,2428,Evil Ways,Rock,Santana Live,Santana,1,0.99,0.99
75,49,Stanisław Wójcik,Poland,2021-11-17 00:00:00,2021,11,2437,It's Only Love,Rock,Greatest Hits,Lenny Kravitz,1,0.99,0.99
75,49,Stanisław Wójcik,Poland,2021-11-17 00:00:00,2021,11,2446,So Beautiful,Rock,Greatest Hits,Lenny Kravitz,1,0.99,0.99
75,49,Stanisław Wójcik,Poland,2021-11-17 00:00:00,2021,11,2455,Maquinarama,Rock,Maquinarama,Skank,1,0.99,0.99
75,49,Stanisław Wójcik,Poland,2021-11-17 00:00:00,2021,11,2464,Garota Nacional,Rock,O Samba Poconé,Skank,1,0.99,0.99
75,49,Stanisław Wójcik,Poland,2021-11-17 00:00:00,2021,11,2473,Aeroplane Flies High,Alternative & Punk,Judas 0: B-Sides and Rarities,Smashing Pumpkins,1,0.99,0.99
75,49,Stanisław Wójcik,Poland,2021-11-17 00:00:00,2021,11,2482,Saturnine,Alternative & Punk,Judas 0: B-Sides and Rarities,Smashing Pumpkins,1,0.99,0.99
75,49,Stanisław Wójcik,Poland,2021-11-17 00:00:00,2021,11,2491,Cherub Rock,Alternative & Punk,Rotten Apples: Greatest Hits,Smashing Pumpkins,1,0.99,0.99
75,49,Stanisław Wójcik,Poland,2021-11-17 00:00:00,2021,11,2500,Ava Adore,Alternative & Punk,Rotten Apples: Greatest Hits,Smashing Pumpkins,1,0.99,0.99
75,49,Stanisław Wójcik,Poland,2021-11-17 00:00:00,2021,11,2509,Hands All Over,Rock,A-Sides,Soundgarden,1,0.99,0.99
75,49,Stanisław Wójcik,Poland,2021-11-17 00:00:00,2021,11,2518,Pretty Noose,Rock,A-Sides,Soundgarden,1,0.99,0.99
75,49,Stanisław Wójcik,Poland,2021-11-17 00:00:00,2021,11,2527,Starburst,Jazz,Morning Dance,Spyro Gyra,1,0.99,0.99
75,49,Stanisław Wójcik,Poland,2021-11-17 00:00:00,2021,11,2536,Leave My Girl Alone,Blues,In Step,Stevie Ray Vaughan & Double Trouble,1,0.99,0.99
76,4,Bjørn Hansen,Norway,2021-11-25 00:00:00,2021,11,2550,Plush,Rock,Core,Stone Temple Pilots,1,0.99,0.99
77,5,František Wichterlová,Czech Republic,2021-12-08 00:00:00,2021,12,2551,Wet My Bed,Rock,Core,Stone Temple Pilots,1,0.99,0.99
77,5,František Wichterlová,Czech Republic,2021-12-08 00:00:00,2021,12,2552,Crackerman,Rock,Core,Stone Temple Pilots,1,0.99,0.99
78,7,Astrid Gruber,Austria,2021-12-08 00:00:00,2021,12,2554,Soldier Side - Intro,Metal,Mezmerize,System Of A Down,1,0.99,0.99
78,7,Astrid Gruber,Austria,2021-12-08 00:00:00,2021,12,2556,Revenga,Metal,Mezmerize,System Of A Down,1,0.99,0.99
79,9,Kara Nielsen,Denmark,2021-12-09 00:00:00,2021,12,2558,Radio/Video,Metal,Mezmerize,System Of A Down,1,0.99,0.99
79,9,Kara Nielsen,Denmark,2021-12-09 00:00:00,2021,12,2560,Violent Pornography,Metal,Mezmerize,System Of A Down,1,0.99,0.99
79,9,Kara Nielsen,Denmark,2021-12-09 00:00:00,2021,12,2562,Sad Statue,Metal,Mezmerize,System Of A Down,1,0.99,0.99
79,9,Kara Nielsen,Denmark,2021-12-09 00:00:00,2021,12,2564,Lost in Hollywood,Metal,Mezmerize,System Of A Down,1,0.99,0.99
80,13,Fernanda Ramos,Brazil,2021-12-10 00:00:00,2021,12,2568,Black Light Syndrome,Rock,[1997] Black Light Syndrome,"Terry Bozzio, Tony Levin & Steve Stevens",1,0.99,0.99
80,13,Fernanda Ramos,Brazil,2021-12-10 00:00:00,2021,12,2572,Midnight From The Inside Out,Blues,Live [Disc 1],The Black Crowes,1,0.99,0.99
80,13,Fernanda Ramos,Brazil,2021-12-10 00:00:00,2021,12,2576,Sometimes Salvation,Blues,Live [Disc 1],The Black Crowes,1,0.99,0.99
80,13,Fernanda Ramos,Brazil,2021-12-10 00:00:00,2021,12,2580,Girl From A Pawnshop,Blues,Live [Disc 1],The Black Crowes,1,0.99,0.99
80,13,Fernanda Ramos,Brazil,2021-12-10 00:00:00,2021,12,2584,Title Song,Blues,Live [Disc 2],The Black Crowes,1,0.99,0.99
80,13,Fernanda Ramos,Brazil,2021-12-10 00:00:00,2021,12,2588,Soul Singing,Blues,Live [Disc 2],The Black Crowes,1,0.99,0.99
81,19,Tim Goyer,USA,2021-12-13 00:00:00,2021,12,2594,Clash City Rockers,Alternative & Punk,The Singles,The Clash,1,0.99,0.99
81,19,Tim Goyer,USA,2021-12-13 00:00:00,2021,12,2600,Train In Vain,Alternative & Punk,The Singles,The Clash,1,0.99,0.99
81,19,Tim Goyer,USA,2021-12-13 00:00:00,2021,12,2606,Know Your Rights,Alternative & Punk,The Singles,The Clash,1,0.99,0.99
81,19,Tim Goyer,USA,2021-12-13 00:00:00,2021,12,2612,Take The Power,Rock,Beyond Good And Evil,The Cult,1,0.99,0.99
81,19,Tim Goyer,USA,2021-12-13 00:00:00,2021,12,2618,Speed Of Light,Rock,Beyond Good And Evil,The Cult,1,0.99,0.99
81,19,Tim Goyer,USA,2021-12-13 00:00:00,2021,12,2624,Spirit Walker,Rock,"Pure Cult: The Best Of The Cult (For Rockers, Ravers, Lovers & Sinners) [UK]",The Cult,1,0.99,0.99
81,19,Tim Goyer,USA,2021-12-13 00:00:00,2021,12,2630,Edie (Ciao Baby),Rock,"Pure Cult: The Best Of The Cult (For Rockers, Ravers, Lovers & Sinners) [UK]",The Cult,1,0.99,0.99
81,19,Tim Goyer,USA,2021-12-13 00:00:00,2021,12,2636,Sun King,Rock,"Pure Cult: The Best Of The Cult (For Rockers, Ravers, Lovers & Sinners) [UK]",The Cult,1,0.99,0.99
81,19,Tim Goyer,USA,2021-12-13 00:00:00,2021,12,2642,Twentienth Century Fox,Rock,The Doors,The Doors,1,0.99,0.99
82,28,Julia Barnett,USA,2021-12-18 00:00:00,2021,12,2651,Can't Stand Losing You,Rock,The Police Greatest Hits,The Police,1,0.99,0.99
82,28,Julia Barnett,USA,2021-12-18 00:00:00,2021,12,2660,King Of Pain,Rock,The Police Greatest Hits,The Police,1,0.99,0.99
82,28,Julia Barnett,USA,2021-12-18 00:00:00,2021,12,2669,Get Off Of My Cloud,Rock,"Hot Rocks, 1964-1971 (Disc 1)",The Rolling Stones,1,0.99,0.99
82,28,Julia Barnett,USA,2021-12-18 00:00:00,2021,12,2678,Gimmie Shelters,Rock,No Security,The Rolling Stones,1,0.99,0.99
82,28,Julia Barnett,USA,2021-12-18 00:00:00,2021,12,2687,Thief In The Night,Rock,No Security,The Rolling Stones,1,0.99,0.99
82,28,Julia Barnett,USA,2021-12-18 00:00:00,2021,12,2696,Out Of Tears,Rock,Voodoo Lounge,The Rolling Stones,1,0.99,0.99
82,28,Julia Barnett,USA,2021-12-18 00:00:00,2021,12,2705,Walking Wounded,Alternative & Punk,Tangents,The Tea Party,1,0.99,0.99
82,28,Julia Barnett,USA,2021-12-18 00:00:00,2021,12,2714,Heaven Coming Down,Alternative & Punk,Tangents,The Tea Party,1,0.99,0.99
82,28,Julia Barnett,USA,2021-12-18 00:00:00,2021,12,2723,Gyroscope,Alternative & Punk,Transmission,The Tea Party,1,0.99,0.99
82,28,Julia Barnett,USA,2021-12-18 00:00:00,2021,12,2732,"Anyway, Anyhow, Anywhere",Rock,My Generation - The Very Best Of The Who,The Who,1,0.99,0.99
82,28,Julia Barnett,USA,2021-12-18 00:00:00,2021,12,2741,Pinball Wizard,Rock,My Generation - The Very Best Of The Who,The Who,1,0.99,0.99
82,28,Julia Barnett,USA,2021-12-18 00:00:00,2021,12,2750,You Better You Bet,Rock,My Generation - The Very Best Of The Who,The Who,1,0.99,0.99
82,28,Julia Barnett,USA,2021-12-18 00:00:00,2021,12,2759,Música No Ar,Latin,Serie Sem Limite (Disc 1),Tim Maia,1,0.99,0.99
82,28,Julia Barnett,USA,2021-12-18 00:00:00,2021,12,2768,Você,Latin,Serie Sem Limite (Disc 2),Tim Maia,1,0.99,0.99
83,42,Wyatt Girard,France,2021-12-26 00:00:00,2021,12,2782,Go Back,Alternative & Punk,Acústico,Titãs,1,0.99,0.99
84,43,Isabelle Mercier,France,2022-01-08 00:00:00,2022,01,2783,Prá Dizer Adeus,Alternative & Punk,Acústico,Titãs,1,0.99,0.99
84,43,Isabelle Mercier,France,2022-01-08 00:00:00,2022,01,2784,Família,Alternative & Punk,Acústico,Titãs,1,0.99,0.99
85,45,Ladislav Kovács,Hungary,2022-01-08 00:00:00,2022,01,2786,O Pulso,Alternative & Punk,Acústico,Titãs,1,0.99,0.99
85,45,Ladislav Kovács,Hungary,2022-01-08 00:00:00,2022,01,2788,Nem 5 Minutos Guardados,Alternative & Punk,Acústico,Titãs,1,0.99,0.99
86,47,Lucas Mancini,Italy,2022-01-09 00:00:00,2022,01,2790,Palavras,Alternative & Punk,Acústico,Titãs,1,0.99,0.99
86,47,Lucas Mancini,Italy,2022-01-09 00:00:00,2022,01,2792,A Melhor Forma,Alternative & Punk,Acústico,Titãs,1,0.99,0.99
86,47,Lucas Mancini,Italy,2022-01-09 00:00:00,2022,01,2794,32 Dentes,Alternative & Punk,Acústico,Titãs,1,0.99,0.99
86,47,Lucas Mancini,Italy,2022-01-09 00:00:00,2022,01,2796,Não Vou Lutar,Alternative & Punk,Acústico,Titãs,1,0.99,0.99
87,51,Joakim Johansson,Sweden,2022-01-10 00:00:00,2022,01,2800,Querem Meu Sangue,Alternative & Punk,Acústico,Titãs,1,0.99,0.99
87,51,Joakim Johansson,Sweden,2022-01-10 00:00:00,2022,01,2804,Lugar Nenhum,Alternative & Punk,Volume Dois,Titãs,1,0.99,0.99
87,51,Joakim Johansson,Sweden,2022-01-10 00:00:00,2022,01,2808,Domingo,Alternative & Punk,Volume Dois,Titãs,1,0.99,0.99
87,51,Joakim Johansson,Sweden,2022-01-10 00:00:00,2022,01,2812,Era Uma Vez,Alternative & Punk,Volume Dois,Titãs,1,0.99,0.99
87,51,Joakim Johansson,Sweden,2022-01-10 00:00:00,2022,01,2816,Toda Cor,Alternative & Punk,Volume Dois,Titãs,1,0.99,0.99
87,51,Joakim Johansson,Sweden,2022-01-10 00:00:00,2022,01,2820,Occupation / Precipice,TV Shows,"Battlestar Galactica, Season 3",Battlestar Galactica,1,1.99,1.99
88,57,Luis Rojas,Chile,2022-01-13 00:00:00,2022,01,2826,Hero,Science Fiction,"Battlestar Galactica, Season 3",Battlestar Galactica,1,1.99,1.99
88,57,Luis Rojas,Chile,2022-01-13 00:00:00,2022,01,2832,The Woman King,Science Fiction,"Battlestar Galactica, Season 3",Battlestar Galactica,1,1.99,1.99
88,57,Luis Rojas,Chile,2022-01-13 00:00:00,2022,01,2838,"Crossroads, Pt. 2",Sci Fi & Fantasy,"Battlestar Galactica, Season 3",Battlestar Galactica,1,1.99,1.99
88,57,Luis Rojas,Chile,2022-01-13 00:00:00,2022,01,2844,Better Halves,Drama,"Heroes, Season 1",Heroes,1,1.99,1.99
88,57,Luis Rojas,Chile,2022-01-13 00:00:00,2022,01,2850,The Fix,Drama,"Heroes, Season 1",Heroes,1,1.99,1.99
88,57,Luis Rojas,Chile,2022-01-13 00:00:00,2022,01,2856,Parasite,Drama,"Heroes, Season 1",Heroes,1,1.99,1.99
88,57,Luis Rojas,Chile,2022-01-13 00:00:00,2022,01,2862,The Glass Ballerina,Drama,"Lost, Season 3",Lost,1,1.99,1.99
88,57,Luis Rojas,Chile,2022-01-13 00:00:00,2022,01,2868,Walkabout,TV Shows,"Lost, Season 1",Lost,1,1.99,1.99
88,57,Luis Rojas,Chile,2022-01-13 00:00:00,2022,01,2874,I Do,TV Shows,"Lost, Season 3",Lost,1,1.99,1.99
89,7,Astrid Gruber,Austria,2022-01-18 00:00:00,2022,01,2883,Solitary,TV Shows,"Lost, Season 1",Lost,1,1.99,1.99
89,7,Astrid Gruber,Austria,2022-01-18 00:00:00,2022,01,2892,Fire + Water,Drama,"Lost, Season 2",Lost,1,1.99,1.99
89,7,Astrid Gruber,Austria,2022-01-18 00:00:00,2022,01,2901,Homecoming,TV Shows,"Lost, Season 1",Lost,1,1.99,1.99
89,7,Astrid Gruber,Austria,2022-01-18 00:00:00,2022,01,2910,Dave,TV Shows,"Lost, Season 2",Lost,1,1.99,1.99
89,7,Astrid Gruber,Austria,2022-01-18 00:00:00,2022,01,2919,Born to Run,TV Shows,"Lost, Season 1",Lost,1,1.99,1.99
89,7,Astrid Gruber,Austria,2022-01-18 00:00:00,2022,01,2928,One,Rock,Achtung Baby,U2,1,0.99,0.99
89,7,Astrid Gruber,Austria,2022-01-18 00:00:00,2022,01,2937,Love Is Blindness,Rock,Achtung Baby,U2,1,0.99,0.99
89,7,Astrid Gruber,Austria,2022-01-18 00:00:00,2022,01,2946,When I Look At The World,Rock,All That You Can't Leave Behind,U2,1,0.99,0.99
89,7,Astrid Gruber,Austria,2022-01-18 00:00:00,2022,01,2955,Everlasting Love,Rock,B-Sides 1980-1990,U2,1,0.99,0.99
89,7,Astrid Gruber,Austria,2022-01-18 00:00:00,2022,01,2964,Vertigo,Rock,How To Dismantle An Atomic Bomb,U2,1,0.99,0.99
89,7,Astrid Gruber,Austria,2022-01-18 00:00:00,2022,01,2973,Original Of The Species,Rock,How To Dismantle An Atomic Bomb,U2,1,0.99,0.99
89,7,Astrid Gruber,Austria,2022-01-18 00:00:00,2022,01,2982,Miami,Rock,Pop,U2,1,0.99,0.99
89,7,Astrid Gruber,Austria,2022-01-18 00:00:00,2022,01,2991,All Along The Watchtower,Rock,Rattle And Hum,U2,1,0.99,0.99
89,7,Astrid Gruber,Austria,2022-01-18 00:00:00,2022,01,3000,God Part II,Rock,Rattle And Hum,U2,1,0.99,0.99
90,21,Kathy Chase,USA,2022-01-26 00:00:00,2022,01,3014,Desire,Rock,The Best Of 1980-1990,U2,1,0.99,0.99
91,22,Heather Leacock,USA,2022-02-08 00:00:00,2022,02,3015,When Love Comes To Town,Rock,The Best Of 1980-1990,U2,1,0.99,0.99
91,22,Heather Leacock,USA,2022-02-08 00:00:00,2022,02,3016,Angel Of Harlem,Rock,The Best Of 1980-1990,U2,1,0.99,0.99
92,24,Frank Ralston,USA,2022-02-08 00:00:00,2022,02,3018,Sunday Bloody Sunday,Rock,War,U2,1,0.99,0.99
92,24,Frank Ralston,USA,2022-02-08 00:00:00,2022,02,3020,New Year's Day,Rock,War,U2,1,0.99,0.99
93,26,Richard Cunningham,USA,2022-02-09 00:00:00,2022,02,3022,Drowning Man,Rock,War,U2,1,0.99,0.99
93,26,Richard Cunningham,USA,2022-02-09 00:00:00,2022,02,3024,Two Hearts Beat As One,Rock,War,U2,1,0.99,0.99
93,26,Richard Cunningham,USA,2022-02-09 00:00:00,2022,02,3026,Surrender,Rock,War,U2,1,0.99,0.99
93,26,Richard Cunningham,USA,2022-02-09 00:00:00,2022,02,3028,Zooropa,Rock,Zooropa,U2,1,0.99,0.99
94,30,Edward Francis,Canada,2022-02-10 00:00:00,2022,02,3032,"Stay (Faraway, So Close!)",Rock,Zooropa,U2,1,0.99,0.99
94,30,Edward Francis,Canada,2022-02-10 00:00:00,2022,02,3036,Dirty Day,Rock,Zooropa,U2,1,0.99,0.99
94,30,Edward Francis,Canada,2022-02-10 00:00:00,2022,02,3040,I Would Do For You,Reggae,UB40 The Best Of - Volume Two [UK],UB40,1,0.99,0.99
94,30,Edward Francis,Canada,2022-02-10 00:00:00,2022,02,3044,Wear You To The Ball,Reggae,UB40 The Best Of - Volume Two [UK],UB40,1,0.99,0.99
94,30,Edward Francis,Canada,2022-02-10 00:00:00,2022,02,3048,C'est La Vie,Reggae,UB40 The Best Of - Volume Two [UK],UB40,1,0.99,0.99
94,30,Edward Francis,Canada,2022-02-10 00:00:00,2022,02,3052,Where Have All The Good Times Gone?,Rock,Diver Down,Van Halen,1,0.99,0.99
95,36,Hannah Schneider,Germany,2022-02-13 00:00:00,2022,02,3058,Dancing In The Street,Rock,Diver Down,Van Halen,1,0.99,0.99
95,36,Hannah Schneider,Germany,2022-02-13 00:00:00,2022,02,3064,Eruption,Rock,"The Best Of Van Halen, Vol. I",Van Halen,1,0.99,0.99
95,36,Hannah Schneider,Germany,2022-02-13 00:00:00,2022,02,3070,Jump,Rock,"The Best Of Van Halen, Vol. I",Van Halen,1,0.99,0.99
95,36,Hannah Schneider,Germany,2022-02-13 00:00:00,2022,02,3076,Right Now,Rock,"The Best Of Van Halen, Vol. I",Van Halen,1,0.99,0.99
95,36,Hannah Schneider,Germany,2022-02-13 00:00:00,2022,02,3082,Eruption,Rock,Van Halen,Van Halen,1,0.99,0.99
95,36,Hannah Schneider,Germany,2022-02-13 00:00:00,2022,02,3088,Feel Your Love Tonight,Rock,Van Halen,Van Halen,1,0.99,0.99
95,36,Hannah Schneider,Germany,2022-02-13 00:00:00,2022,02,3094,One I Want,Rock,Van Halen III,Van Halen,1,0.99,0.99
95,36,Hannah Schneider,Germany,2022-02-13 00:00:00,2022,02,3100,Year to the Day,Rock,Van Halen III,Van Halen,1,0.99,0.99
95,36,Hannah Schneider,Germany,2022-02-13 00:00:00,2022,02,3106,Big Machine,Rock,Contraband,Velvet Revolver,1,0.99,0.99
96,45,Ladislav Kovács,Hungary,2022-02-18 00:00:00,2022,02,3115,Dirty Little Thing,Rock,Contraband,Velvet Revolver,1,0.99,0.99
96,45,Ladislav Kovács,Hungary,2022-02-18 00:00:00,2022,02,3124,So Por Amor,Latin,Vinicius De Moraes,Vinícius De Moraes,1,0.99,0.99
96,45,Ladislav Kovács,Hungary,2022-02-18 00:00:00,2022,02,3133,Here I Go Again,Metal,Greatest Hits,Lenny Kravitz,1,0.99,0.99
96,45,Ladislav Kovács,Hungary,2022-02-18 00:00:00,2022,02,3142,The Deeper The Love,Metal,Greatest Hits,Lenny Kravitz,1,0.99,0.99
96,45,Ladislav Kovács,Hungary,2022-02-18 00:00:00,2022,02,3151,Seu Balancê,Latin,Ao Vivo [IMPORT],Zeca Pagodinho,1,0.99,0.99
96,45,Ladislav Kovács,Hungary,2022-02-18 00:00:00,2022,02,3160,Sapopemba e Maxambomba,Latin,Ao Vivo [IMPORT],Zeca Pagodinho,1,0.99,0.99
96,45,Ladislav Kovács,Hungary,2022-02-18 00:00:00,2022,02,3169,The Man Behind the Curtain,Drama,"Lost, Season 3",Lost,1,1.99,1.99
96,45,Ladislav Kovács,Hungary,2022-02-18 00:00:00,2022,02,3178,The Dundies,TV Shows,"The Office, Season 2",The Office,1,1.99,1.99
96,45,Ladislav Kovács,Hungary,2022-02-18 00:00:00,2022,02,3187,Christmas Party,TV Shows,"The Office, Season 2",The Office,1,1.99,1.99
96,45,Ladislav Kovács,Hungary,2022-02-18 00:00:00,2022,02,3196,Michael's Birthday,TV Shows,"The Office, Season 2",The Office,1,1.99,1.99
96,45,Ladislav Kovács,Hungary,2022-02-18 00:00:00,2022,02,3205,Diwali,TV Shows,"The Office, Season 3",The Office,1,1.99,1.99
96,45,Ladislav Kovács,Hungary,2022-02-18 00:00:00,2022,02,3214,Phyllis's Wedding,Comedy,"The Office, Season 3",The Office,1,1.99,1.99
96,45,Ladislav Kovács,Hungary,2022-02-18 00:00:00,2022,02,3223,How to Stop an Exploding Man,Drama,"Heroes, Season 1",Heroes,1,1.99,1.99
96,45,Ladislav Kovács,Hungary,2022-02-18 00:00:00,2022,02,3232,The Long Patrol,Sci Fi & Fantasy,"Battlestar Galactica (Classic), Season 1",Battlestar Galactica (Classic),1,1.99,1.99
97,59,Puja Srivastava,India,2022-02-26 00:00:00,2022,02,3246,Baltar's Escape,Sci Fi & Fantasy,"Battlestar Galactica (Classic), Season 1",Battlestar Galactica (Classic),1,1.99,1.99
98,1,Luís Gonçalves,Brazil,2022-03-11 00:00:00,2022,03,3247,Experiment In Terra,Sci Fi & Fantasy,"Battlestar Galactica (Classic), Season 1",Battlestar Galactica (Classic),1,1.99,1.99
98,1,Luís Gonçalves,Brazil,2022-03-11 00:00:00,2022,03,3248,Take the Celestra,Sci Fi & Fantasy,"Battlestar Galactica (Classic), Season 1",Battlestar Galactica (Classic),1,1.99,1.99
99,3,François Tremblay,Canada,2022-03-11 00:00:00,2022,03,3250,Pilot,TV Shows,Aquaman,Aquaman,1,1.99,1.99
99,3,François Tremblay,Canada,2022-03-11 00:00:00,2022,03,3252,"Through the Looking Glass, Pt. 1",Drama,"Lost, Season 3",Lost,1,1.99,1.99
100,5,František Wichterlová,Czech Republic,2022-03-12 00:00:00,2022,03,3254,#9 Dream,Pop,Instant Karma: The Amnesty International Campaign to Save Darfur,U2,1,0.99,0.99
100,5,František Wichterlová,Czech Republic,2022-03-12 00:00:00,2022,03,3256,Give Peace a Chance,Pop,Instant Karma: The Amnesty International Campaign to Save Darfur,U2,1,0.99,0.99
100,5,František Wichterlová,Czech Republic,2022-03-12 00:00:00,2022,03,3258,Whatever Gets You Thru the Night,Pop,Instant Karma: The Amnesty International Campaign to Save Darfur,U2,1,0.99,0.99
100,5,František Wichterlová,Czech Republic,2022-03-12 00:00:00,2022,03,3260,Gimme Some Truth,Pop,Instant Karma: The Amnesty International Campaign to Save Darfur,U2,1,0.99,0.99
101,9,Kara Nielsen,Denmark,2022-03-13 00:00:00,2022,03,3264,Jealous Guy,Pop,Instant Karma: The Amnesty International Campaign to Save Darfur,U2,1,0.99,0.99
101,9,Kara Nielsen,Denmark,2022-03-13 00:00:00,2022,03,3268,Beautiful Boy,Pop,Instant Karma: The Amnesty International Campaign to Save Darfur,U2,1,0.99,0.99
101,9,Kara Nielsen,Denmark,2022-03-13 00:00:00,2022,03,3272,Gimme Some Truth,Pop,Instant Karma: The Amnesty International Campaign to Save Darfur,U2,1,0.99,0.99
101,9,Kara Nielsen,Denmark,2022-03-13 00:00:00,2022,03,3276,Sympton of the Universe,Rock,Speak of the Devil,Ozzy Osbourne,1,0.99,0.99
101,9,Kara Nielsen,Denmark,2022-03-13 00:00:00,2022,03,3280,War Pigs,Rock,Speak of the Devil,Ozzy Osbourne,1,0.99,0.99
101,9,Kara Nielsen,Denmark,2022-03-13 00:00:00,2022,03,3284,Never Say Die,Rock,Speak of the Devil,Ozzy Osbourne,1,0.99,0.99
102,15,Jennifer Peterson,Canada,2022-03-16 00:00:00,2022,03,3290,The Zoo,Rock,20th Century Masters - The Millennium Collection: The Best of Scorpions,Scorpions,1,0.99,0.99
102,15,Jennifer Peterson,Canada,2022-03-16 00:00:00,2022,03,3296,I Can't Explain,Rock,20th Century Masters - The Millennium Collection: The Best of Scorpions,Scorpions,1,0.99,0.99
102,15,Jennifer Peterson,Canada,2022-03-16 00:00:00,2022,03,3302,Put Your Head Out,Hip Hop/Rap,House of Pain,House Of Pain,1,0.99,0.99
102,15,Jennifer Peterson,Canada,2022-03-16 00:00:00,2022,03,3308,"Danny Boy, Danny Boy",Hip Hop/Rap,House of Pain,House Of Pain,1,0.99,0.99
102,15,Jennifer Peterson,Canada,2022-03-16 00:00:00,2022,03,3314,One For The Road,Hip Hop/Rap,House of Pain,House Of Pain,1,0.99,0.99
102,15,Jennifer Peterson,Canada,2022-03-16 00:00:00,2022,03,3320,Chapa o Coco,Electronica/Dance,Radio Brasil (O Som da Jovem Vanguarda) - Seleccao de Henrique Amaro,O Rappa,1,0.99,0.99
102,15,Jennifer Peterson,Canada,2022-03-16 00:00:00,2022,03,3326,Todo o Carnaval tem seu Fim,Electronica/Dance,Radio Brasil (O Som da Jovem Vanguarda) - Seleccao de Henrique Amaro,O Rappa,1,0.99,0.99
102,15,Jennifer Peterson,Canada,2022-03-16 00:00:00,2022,03,3332,Funk de Bamba,Electronica/Dance,Radio Brasil (O Som da Jovem Vanguarda) - Seleccao de Henrique Amaro,O Rappa,1,0.99,0.99
102,15,Jennifer Peterson,Canada,2022-03-16 00:00:00,2022,03,3338,The Beginning of the End,Drama,"LOST, Season 4",Lost,1,1.99,1.99
103,24,Frank Ralston,USA,2022-03-21 00:00:00,2022,03,3347,Meet Kevin Johnson,TV Shows,"LOST, Season 4",Lost,1,1.99,1.99
103,24,Frank Ralston,USA,2022-03-21 00:00:00,2022,03,3356,Muita Bobeira,Latin,Duos II,Luciana Souza/Romero Lubambo,1,0.99,0.99
103,24,Frank Ralston,USA,2022-03-21 00:00:00,2022,03,3365,Say Hello 2 Heaven,Alternative,Temple of the Dog,Temple of the Dog,1,0.99,0.99
103,24,Frank Ralston,USA,2022-03-21 00:00:00,2022,03,3374,All Night Thing,Alternative,Temple of the Dog,Temple of the Dog,1,0.99,0.99
103,24,Frank Ralston,USA,2022-03-21 00:00:00,2022,03,3383,Scar On the Sky,Alternative,Carry On,Chris Cornell,1,0.99,0.99
103,24,Frank Ralston,USA,2022-03-21 00:00:00,2022,03,3392,Until We Fall,Alternative,Revelations,Audioslave,1,0.99,0.99
103,24,Frank Ralston,USA,2022-03-21 00:00:00,2022,03,3401,Show Me How to Live (Live at the Quart Festival),Alternative,Revelations,Audioslave,1,0.99,0.99
103,24,Frank Ralston,USA,2022-03-21 00:00:00,2022,03,3410,"The Messiah: Behold, I Tell You a Mystery... The Trumpet Shall Sound",Classical,Handel: The Messiah (Highlights),Scholars Baroque Ensemble,1,0.99,0.99
103,24,Frank Ralston,USA,2022-03-21 00:00:00,2022,03,3419,"Requiem, Op.48: 4. Pie Jesu",Classical,"Fauré: Requiem, Ravel: Pavane & Others","Academy of St. Martin in the Fields, John Birch, Sir Neville Marriner & Sylvia McNair",1,0.99,0.99
103,24,Frank Ralston,USA,2022-03-21 00:00:00,2022,03,3428,Branch Closing,Comedy,"The Office, Season 3",The Office,1,1.99,1.99
103,24,Frank Ralston,USA,2022-03-21 00:00:00,2022,03,3437,"Piano Sonata No. 14 in C Sharp Minor, Op. 27, No. 2, ""Moonlight"": I. Adagio sostenuto",Classical,Beethoven Piano Sonatas: Moonlight & Pastorale,Maurizio Pollini,1,0.99,0.99
103,24,Frank Ralston,USA,2022-03-21 00:00:00,2022,03,3446,"Symphonie Fantastique, Op. 14: V. Songe d'une nuit du sabbat",Classical,Berlioz: Symphonie Fantastique,Michael Tilson Thomas & San Francisco Symphony,1,0.99,0.99
103,24,Frank Ralston,USA,2022-03-21 00:00:00,2022,03,3455,Rehab,R&B/Soul,Back to Black,Amy Winehouse,1,0.99,0.99
103,24,Frank Ralston,USA,2022-03-21 00:00:00,2022,03,3464,He Can Only Hold Her,R&B/Soul,Back to Black,Amy Winehouse,1,0.99,0.99
104,38,Niklas Schröder,Germany,2022-03-29 00:00:00,2022,03,3478,Slowness,Alternative,Carried to Dust (Bonus Track Version),Calexico,1,0.99,0.99
105,39,Camille Bernard,France,2022-04-11 00:00:00,2022,04,3479,"Prometheus Overture, Op. 43",Classical,Beethoven: Symphony No. 6 'Pastoral' Etc.,Otto Klemperer & Philharmonia Orchestra,1,0.99,0.99
105,39,Camille Bernard,France,2022-04-11 00:00:00,2022,04,3480,Sonata for Solo Violin: IV: Presto,Classical,Bartok: Violin & Viola Concertos,Yehudi Menuhin,1,0.99,0.99
106,41,Marc Dubois,France,2022-04-11 00:00:00,2022,04,3482,"Suite No. 3 in D, BWV 1068: III. Gavotte I & II",Classical,Bach: Orchestral Suites Nos. 1 - 4,"Academy of St. Martin in the Fields, Sir Neville Marriner & Thurston Dart",1,0.99,0.99
106,41,Marc Dubois,France,2022-04-11 00:00:00,2022,04,3484,Adios nonino,Classical,South American Getaway,The 12 Cellists of The Berlin Philharmonic,1,0.99,0.99
107,43,Isabelle Mercier,France,2022-04-12 00:00:00,2022,04,3486,"Act IV, Symphony",Classical,Purcell: The Fairy Queen,"Roger Norrington, London Classical Players",1,0.99,0.99
107,43,Isabelle Mercier,France,2022-04-12 00:00:00,2022,04,3488,"Music for the Funeral of Queen Mary: VI. ""Thou Knowest, Lord, the Secrets of Our Hearts""",Classical,Purcell: Music for the Queen Mary,"Equale Brass Ensemble, John Eliot Gardiner & Munich Monteverdi Orchestra and Choir",1,0.99,0.99
107,43,Isabelle Mercier,France,2022-04-12 00:00:00,2022,04,3490,"Partita in E Major, BWV 1006A: I. Prelude",Classical,"J.S. Bach: Chaconne, Suite in E Minor, Partita in E Major & Prelude, Fugue and Allegro",Julian Bream,1,0.99,0.99
107,43,Isabelle Mercier,France,2022-04-12 00:00:00,2022,04,3492,Sing Joyfully,Classical,English Renaissance,The King's Singers,1,0.99,0.99
108,47,Lucas Mancini,Italy,2022-04-13 00:00:00,2022,04,3496,"Étude 1, In C Major - Preludio (Presto) - Liszt",Classical,Liszt - 12 Études D'Execution Transcendante,Michele Campanella,1,0.99,0.99
108,47,Lucas Mancini,Italy,2022-04-13 00:00:00,2022,04,3500,"String Quartet No. 12 in C Minor, D. 703 ""Quartettsatz"": II. Andante - Allegro assai",Classical,Schubert: The Late String Quartets & String Quintet (3 CD's),Emerson String Quartet,1,0.99,0.99
108,47,Lucas Mancini,Italy,2022-04-13 00:00:00,2022,04,1,For Those About To Rock (We Salute You),Rock,For Those About To Rock We Salute You,AC/DC,1,0.99,0.99
108,47,Lucas Mancini,Italy,2022-04-13 00:00:00,2022,04,5,Princess of the Dawn,Rock,Restless and Wild,Accept,1,0.99,0.99
108,47,Lucas Mancini,Italy,2022-04-13 00:00:00,2022,04,9,Snowballed,Rock,For Those About To Rock We Salute You,AC/DC,1,0.99,0.99
108,47,Lucas Mancini,Italy,2022-04-13 00:00:00,2022,04,13,Night Of The Long Knives,Rock,For Those About To Rock We Salute You,AC/DC,1,0.99,0.99
109,53,Phil Hughes,United Kingdom,2022-04-16 00:00:00,2022,04,19,Problem Child,Rock,Let There Be Rock,AC/DC,1,0.99,0.99
109,53,Phil Hughes,United Kingdom,2022-04-16 00:00:00,2022,04,25,Rag Doll,Rock,Big Ones,Aerosmith,1,0.99,0.99
109,53,Phil Hughes,United Kingdom,2022-04-16 00:00:00,2022,04,31,Blind Man,Rock,Big Ones,Aerosmith,1,0.99,0.99
109,53,Phil Hughes,United Kingdom,2022-04-16 00:00:00,2022,04,37,Livin' On The Edge,Rock,Big Ones,Aerosmith,1,0.99,0.99
109,53,Phil Hughes,United Kingdom,2022-04-16 00:00:00,2022,04,43,Forgiven,Rock,Jagged Little Pill,Alanis Morissette,1,0.99,0.99
109,53,Phil Hughes,United Kingdom,2022-04-16 00:00:00,2022,04,49,Wake Up,Rock,Jagged Little Pill,Alanis Morissette,1,0.99,0.99
109,53,Phil Hughes,United Kingdom,2022-04-16 00:00:00,2022,04,55,I Can't Remember,Rock,Facelift,Alice In Chains,1,0.99,0.99
109,53,Phil Hughes,United Kingdom,2022-04-16 00:00:00,2022,04,61,I Know Somethin (Bout You),Rock,Facelift,Alice In Chains,1,0.99,0.99
109,53,Phil Hughes,United Kingdom,2022-04-16 00:00:00,2022,04,67,Ligia,Jazz,Warner 25 Anos,Antônio Carlos Jobim,1,0.99,0.99
110,3,François Tremblay,Canada,2022-04-21 00:00:00,2022,04,76,"Canta, Canta Mais",Jazz,Warner 25 Anos,Antônio Carlos Jobim,1,0.99,0.99
110,3,François Tremblay,Canada,2022-04-21 00:00:00,2022,04,85,Cochise,Rock,Audioslave,Audioslave,1,0.99,0.99
110,3,François Tremblay,Canada,2022-04-21 00:00:00,2022,04,94,Hypnotize,Rock,Audioslave,Audioslave,1,0.99,0.99
110,3,François Tremblay,Canada,2022-04-21 00:00:00,2022,04,103,Drown Me Slowly,Alternative & Punk,Out Of Exile,Audioslave,1,0.99,0.99
110,3,François Tremblay,Canada,2022-04-21 00:00:00,2022,04,112,Long Tall Sally,Rock And Roll,BackBeat Soundtrack,BackBeat,1,0.99,0.99
110,3,François Tremblay,Canada,2022-04-21 00:00:00,2022,04,121,Good Golly Miss Molly,Rock And Roll,BackBeat Soundtrack,BackBeat,1,0.99,0.99
110,3,François Tremblay,Canada,2022-04-21 00:00:00,2022,04,130,Do what cha wanna,Jazz,The Best Of Billy Cobham,Billy Cobham,1,0.99,0.99
110,3,François Tremblay,Canada,2022-04-21 00:00:00,2022,04,139,A.N.D.R.O.T.A.Z.,Metal,Alcohol Fueled Brewtality Live! [Disc 1],Black Label Society,1,0.99,0.99
110,3,François Tremblay,Canada,2022-04-21 00:00:00,2022,04,148,The Beginning...At Last,Metal,Alcohol Fueled Brewtality Live! [Disc 2],Black Label Society,1,0.99,0.99
110,3,François Tremblay,Canada,2022-04-21 00:00:00,2022,04,157,Tomorrow's Dream,Metal,Black Sabbath Vol. 4 (Remaster),Black Sabbath,1,0.99,0.99
110,3,François Tremblay,Canada,2022-04-21 00:00:00,2022,04,166,Smoked Pork,Alternative & Punk,Body Count,Body Count,1,0.99,0.99
110,3,François Tremblay,Canada,2022-04-21 00:00:00,2022,04,175,Voodoo,Alternative & Punk,Body Count,Body Count,1,0.99,0.99
110,3,François Tremblay,Canada,2022-04-21 00:00:00,2022,04,184,Chemical Wedding,Metal,Chemical Wedding,Bruce Dickinson,1,0.99,0.99
110,3,François Tremblay,Canada,2022-04-21 00:00:00,2022,04,193,Realword,Metal,Chemical Wedding,Bruce Dickinson,1,0.99,0.99
111,17,Jack Smith,USA,2022-04-29 00:00:00,2022,04,207,Meditação,Latin,Prenda Minha,Caetano Veloso,1,0.99,0.99
112,18,Michelle Brooks,USA,2022-05-12 00:00:00,2022,05,208,Terra,Latin,Prenda Minha,Caetano Veloso,1,0.99,0.99
112,18,Michelle Brooks,USA,2022-05-12 00:00:00,2022,05,209,Eclipse Oculto,Latin,Prenda Minha,Caetano Veloso,1,0.99,0.99
113,20,Dan Miller,USA,2022-05-12 00:00:00,2022,05,211,Bem Devagar,Latin,Prenda Minha,Caetano Veloso,1,0.99,0.99
113,20,Dan Miller,USA,2022-05-12 00:00:00,2022,05,213,Saudosismo,Latin,Prenda Minha,Caetano Veloso,1,0.99,0.99
114,22,Heather Leacock,USA,2022-05-13 00:00:00,2022,05,215,Sozinho,Latin,Prenda Minha,Caetano Veloso,1,0.99,0.99
114,22,Heather Leacock,USA,2022-05-13 00:00:00,2022,05,217,Mel,Latin,Prenda Minha,Caetano Veloso,1,0.99,0.99
114,22,Heather Leacock,USA,2022-05-13 00:00:00,2022,05,219,Odara,Latin,Prenda Minha,Caetano Veloso,1,0.99,0.99
114,22,Heather Leacock,USA,2022-05-13 00:00:00,2022,05,221,Atrás Da Verd-E-Rosa Só Não Vai Quem Já Morreu,Latin,Prenda Minha,Caetano Veloso,1,0.99,0.99
115,26,Richard Cunningham,USA,2022-05-14 00:00:00,2022,05,225,Sozinho (Caêdrum 'n' Bass),Latin,Sozinho Remix Ao Vivo,Caetano Veloso,1,0.99,0.99
115,26,Richard Cunningham,USA,2022-05-14 00:00:00,2022,05,229,Samba De Orly,Latin,Minha Historia,Chico Buarque,1,0.99,0.99
115,26,Richard Cunningham,USA,2022-05-14 00:00:00,2022,05,233,O Que Será (À Flor Da Terra),Latin,Minha Historia,Chico Buarque,1,0.99,0.99
115,26,Richard Cunningham,USA,2022-05-14 00:00:00,2022,05,237,Minha Historia,Latin,Minha Historia,Chico Buarque,1,0.99,0.99
115,26,Richard Cunningham,USA,2022-05-14 00:00:00,2022,05,241,Geni E O Zepelim,Latin,Minha Historia,Chico Buarque,1,0.99,0.99
115,26,Richard Cunningham,USA,2022-05-14 00:00:00,2022,05,245,Construção / Deus Lhe Pague,Latin,Minha Historia,Chico Buarque,1,0.99,0.99
116,32,Aaron Mitchell,Canada,2022-05-17 00:00:00,2022,05,251,Um Passeio No Mundo Livre,Latin,Afrociberdelia,Chico Science & Nação Zumbi,1,0.99,0.99
116,32,Aaron Mitchell,Canada,2022-05-17 00:00:00,2022,05,257,Manguetown,Latin,Afrociberdelia,Chico Science & Nação Zumbi,1,0.99,0.99
116,32,Aaron Mitchell,Canada,2022-05-17 00:00:00,2022,05,263,Criança De Domingo,Latin,Afrociberdelia,Chico Science & Nação Zumbi,1,0.99,0.99
116,32,Aaron Mitchell,Canada,2022-05-17 00:00:00,2022,05,269,Banditismo Por Uma Questa,Latin,Da Lama Ao Caos,Chico Science & Nação Zumbi,1,0.99,0.99
116,32,Aaron Mitchell,Canada,2022-05-17 00:00:00,2022,05,275,Da Lama Ao Caos,Latin,Da Lama Ao Caos,Chico Science & Nação Zumbi,1,0.99,0.99
116,32,Aaron Mitchell,Canada,2022-05-17 00:00:00,2022,05,281,Computadores Fazem Arte,Latin,Da Lama Ao Caos,Chico Science & Nação Zumbi,1,0.99,0.99
116,32,Aaron Mitchell,Canada,2022-05-17 00:00:00,2022,05,287,Extra,Reggae,Acústico MTV [Live],Cidade Negra,1,0.99,0.99
116,32,Aaron Mitchell,Canada,2022-05-17 00:00:00,2022,05,293,Onde Você Mora?,Reggae,Acústico MTV [Live],Cidade Negra,1,0.99,0.99
116,32,Aaron Mitchell,Canada,2022-05-17 00:00:00,2022,05,299,Onde Você Mora?,Reggae,Cidade Negra - Hits,Cidade Negra,1,0.99,0.99
117,41,Marc Dubois,France,2022-05-22 00:00:00,2022,05,308,Na Frente Da TV,Reggae,Cidade Negra - Hits,Cidade Negra,1,0.99,0.99
117,41,Marc Dubois,France,2022-05-22 00:00:00,2022,05,317,Amor Demais,Latin,Na Pista,Cláudio Zoli,1,0.99,0.99
117,41,Marc Dubois,France,2022-05-22 00:00:00,2022,05,326,"Tapa Aqui, Descobre Ali",Pop,Axé Bahia 2001,Various Artists,1,0.99,0.99
117,41,Marc Dubois,France,2022-05-22 00:00:00,2022,05,335,My Love,Pop,Axé Bahia 2001,Various Artists,1,0.99,0.99
117,41,Marc Dubois,France,2022-05-22 00:00:00,2022,05,344,Travelling Riverside Blues,Rock,BBC Sessions [Disc 1] [Live],Led Zeppelin,1,0.99,0.99
117,41,Marc Dubois,France,2022-05-22 00:00:00,2022,05,353,Sam With The Showing Scalp Flat Top,Rock,Bongo Fury,Frank Zappa & Captain Beefheart,1,0.99,0.99
117,41,Marc Dubois,France,2022-05-22 00:00:00,2022,05,362,Gavioes 2001,Soundtrack,Carnaval 2001,Various Artists,1,0.99,0.99
117,41,Marc Dubois,France,2022-05-22 00:00:00,2022,05,371,Morro Da Casa Verde 2001,Soundtrack,Carnaval 2001,Various Artists,1,0.99,0.99
117,41,Marc Dubois,France,2022-05-22 00:00:00,2022,05,380,Samba da Bençaco,Latin,Chill: Brazil (Disc 1),Marcos Valle,1,0.99,0.99
117,41,Marc Dubois,France,2022-05-22 00:00:00,2022,05,389,Maria Fumaça,Latin,Chill: Brazil (Disc 1),Marcos Valle,1,0.99,0.99
117,41,Marc Dubois,France,2022-05-22 00:00:00,2022,05,398,Only A Dream In Rio,Latin,Chill: Brazil (Disc 2),Antônio Carlos Jobim,1,0.99,0.99
117,41,Marc Dubois,France,2022-05-22 00:00:00,2022,05,407,Só Tinha De Ser Com Você,Latin,Chill: Brazil (Disc 2),Antônio Carlos Jobim,1,0.99,0.99
117,41,Marc Dubois,France,2022-05-22 00:00:00,2022,05,416,Whiskey In The Jar,Metal,Garage Inc. (Disc 1),Metallica,1,0.99,0.99
117,41,Marc Dubois,France,2022-05-22 00:00:00,2022,05,425,It's A Hard Life,Rock,Greatest Hits II,Queen,1,0.99,0.99
118,55,Mark Taylor,Australia,2022-05-30 00:00:00,2022,05,439,Sure Know Something,Rock,Greatest Kiss,Kiss,1,0.99,0.99
119,56,Diego Gutiérrez,Argentina,2022-06-12 00:00:00,2022,06,440,Love Gun,Rock,Greatest Kiss,Kiss,1,0.99,0.99
119,56,Diego Gutiérrez,Argentina,2022-06-12 00:00:00,2022,06,441,Deuce,Rock,Greatest Kiss,Kiss,1,0.99,0.99
120,58,Manoj Pareek,India,2022-06-12 00:00:00,2022,06,443,Shock Me,Rock,Greatest Kiss,Kiss,1,0.99,0.99
120,58,Manoj Pareek,India,2022-06-12 00:00:00,2022,06,445,She,Rock,Greatest Kiss,Kiss,1,0.99,0.99
121,1,Luís Gonçalves,Brazil,2022-06-13 00:00:00,2022,06,447,Shout It Out Loud,Rock,Greatest Kiss,Kiss,1,0.99,0.99
121,1,Luís Gonçalves,Brazil,2022-06-13 00:00:00,2022,06,449,Calling Dr. Love,Rock,Greatest Kiss,Kiss,1,0.99,0.99
121,1,Luís Gonçalves,Brazil,2022-06-13 00:00:00,2022,06,451,Strutter,Rock,Greatest Kiss,Kiss,1,0.99,0.99
121,1,Luís Gonçalves,Brazil,2022-06-13 00:00:00,2022,06,453,Cold Gin,Rock,Greatest Kiss,Kiss,1,0.99,0.99
122,5,František Wichterlová,Czech Republic,2022-06-14 00:00:00,2022,06,457,De La Luz,Jazz,Heart of the Night,Spyro Gyra,1,0.99,0.99
122,5,František Wichterlová,Czech Republic,2022-06-14 00:00:00,2022,06,461,Surrender,Jazz,Heart of the Night,Spyro Gyra,1,0.99,0.99
122,5,František Wichterlová,Czech Republic,2022-06-14 00:00:00,2022,06,465,When Evening Falls,Jazz,Heart of the Night,Spyro Gyra,1,0.99,0.99
122,5,František Wichterlová,Czech Republic,2022-06-14 00:00:00,2022,06,469,Poprocks And Coke,Alternative & Punk,International Superhits,Green Day,1,0.99,0.99
122,5,František Wichterlová,Czech Republic,2022-06-14 00:00:00,2022,06,473,When I Come Around,Alternative & Punk,International Superhits,Green Day,1,0.99,0.99
122,5,František Wichterlová,Czech Republic,2022-06-14 00:00:00,2022,06,477,Brain Stew,Alternative & Punk,International Superhits,Green Day,1,0.99,0.99
123,11,Alexandre Rocha,Brazil,2022-06-17 00:00:00,2022,06,483,Redundant,Alternative & Punk,International Superhits,Green Day,1,0.99,0.99
123,11,Alexandre Rocha,Brazil,2022-06-17 00:00:00,2022,06,489,Into The Light,Rock,Into The Light,David Coverdale,1,0.99,0.99
123,11,Alexandre Rocha,Brazil,2022-06-17 00:00:00,2022,06,495,Cry For Love,Rock,Into The Light,David Coverdale,1,0.99,0.99
123,11,Alexandre Rocha,Brazil,2022-06-17 00:00:00,2022,06,501,Grito De Alerta,Latin,Meus Momentos,Gonzaguinha,1,0.99,0.99
123,11,Alexandre Rocha,Brazil,2022-06-17 00:00:00,2022,06,507,Lindo Lago Do Amor,Latin,Meus Momentos,Gonzaguinha,1,0.99,0.99
123,11,Alexandre Rocha,Brazil,2022-06-17 00:00:00,2022,06,513,Ponto De Interrogação,Latin,Meus Momentos,Gonzaguinha,1,0.99,0.99
123,11,Alexandre Rocha,Brazil,2022-06-17 00:00:00,2022,06,519,Voce Nao Entende Nada - Cotidiano,Latin,Minha Historia,Chico Buarque,1,0.99,0.99
123,11,Alexandre Rocha,Brazil,2022-06-17 00:00:00,2022,06,525,O Leaozinho,Latin,Minha Historia,Chico Buarque,1,0.99,0.99
123,11,Alexandre Rocha,Brazil,2022-06-17 00:00:00,2022,06,531,Top Top,Alternative & Punk,Minha História,Os Mutantes,1,0.99,0.99
124,20,Dan Miller,USA,2022-06-22 00:00:00,2022,06,540,"Posso Perder Minha Mulher, Minha Mãe, Desde Que Eu Tenha O Rock And Roll",Alternative & Punk,Minha História,Os Mutantes,1,0.99,0.99
124,20,Dan Miller,USA,2022-06-22 00:00:00,2022,06,549,You Fool No One,Rock,MK III The Final Concerts [Disc 1],Deep Purple,1,0.99,0.99
124,20,Dan Miller,USA,2022-06-22 00:00:00,2022,06,558,Viradouro,Latin,Sambas De Enredo 2001,Various Artists,1,0.99,0.99
124,20,Dan Miller,USA,2022-06-22 00:00:00,2022,06,567,Tradição,Latin,Sambas De Enredo 2001,Various Artists,1,0.99,0.99
124,20,Dan Miller,USA,2022-06-22 00:00:00,2022,06,576,Maria Maria,Rock,Supernatural,Santana,1,0.99,0.99
124,20,Dan Miller,USA,2022-06-22 00:00:00,2022,06,585,Entre E Ouça,Latin,The Best of Ed Motta,Ed Motta,1,0.99,0.99
124,20,Dan Miller,USA,2022-06-22 00:00:00,2022,06,594,Agora Que O Dia Acordou,Latin,The Best of Ed Motta,Ed Motta,1,0.99,0.99
124,20,Dan Miller,USA,2022-06-22 00:00:00,2022,06,603,Bye Bye Blackbird,Jazz,The Essential Miles Davis [Disc 1],Miles Davis,1,0.99,0.99
124,20,Dan Miller,USA,2022-06-22 00:00:00,2022,06,612,Nefertiti,Jazz,The Essential Miles Davis [Disc 2],Miles Davis,1,0.99,0.99
124,20,Dan Miller,USA,2022-06-22 00:00:00,2022,06,621,Going Down / Highway Star,Rock,The Final Concerts (Disc 2),Deep Purple,1,0.99,0.99
124,20,Dan Miller,USA,2022-06-22 00:00:00,2022,06,630,Boogie Blues,Jazz,Up An' Atom,Gene Krupa,1,0.99,0.99
124,20,Dan Miller,USA,2022-06-22 00:00:00,2022,06,639,Don't Take Your Love From Me,Jazz,Up An' Atom,Gene Krupa,1,0.99,0.99
124,20,Dan Miller,USA,2022-06-22 00:00:00,2022,06,648,Onde Anda Você,Bossa Nova,Vinícius De Moraes - Sem Limite,Toquinho & Vinícius,1,0.99,0.99
124,20,Dan Miller,USA,2022-06-22 00:00:00,2022,06,657,Deixa,Bossa Nova,Vinícius De Moraes - Sem Limite,Toquinho & Vinícius,1,0.99,0.99
125,34,João Fernandes,Portugal,2022-06-30 00:00:00,2022,06,671,As Rosas Não Falam (Beth Carvalho),Latin,Vozes do MPB,Various Artists,1,0.99,0.99
126,35,Madalena Sampaio,Portugal,2022-07-13 00:00:00,2022,07,672,Wave (Os Cariocas),Latin,Vozes do MPB,Various Artists,1,0.99,0.99
126,35,Madalena Sampaio,Portugal,2022-07-13 00:00:00,2022,07,673,Garota de Ipanema (Dick Farney),Latin,Vozes do MPB,Various Artists,1,0.99,0.99
127,37,Fynn Zimmermann,Germany,2022-07-13 00:00:00,2022,07,675,Susie Q,Rock,"Chronicle, Vol. 1",Creedence Clearwater Revival,1,0.99,0.99
127,37,Fynn Zimmermann,Germany,2022-07-13 00:00:00,2022,07,677,Proud Mary,Rock,"Chronicle, Vol. 1",Creedence Clearwater Revival,1,0.99,0.99
128,39,Camille Bernard,France,2022-07-14 00:00:00,2022,07,679,Lodi,Rock,"Chronicle, Vol. 1",Creedence Clearwater Revival,1,0.99,0.99
128,39,Camille Bernard,France,2022-07-14 00:00:00,2022,07,681,Commotion,Rock,"Chronicle, Vol. 1",Creedence Clearwater Revival,1,0.99,0.99
128,39,Camille Bernard,France,2022-07-14 00:00:00,2022,07,683,Fortunate Son,Rock,"Chronicle, Vol. 1",Creedence Clearwater Revival,1,0.99,0.99
128,39,Camille Bernard,France,2022-07-14 00:00:00,2022,07,685,Who'll Stop The Rain,Rock,"Chronicle, Vol. 1",Creedence Clearwater Revival,1,0.99,0.99
129,43,Isabelle Mercier,France,2022-07-15 00:00:00,2022,07,689,Long As I Can See The Light,Rock,"Chronicle, Vol. 1",Creedence Clearwater Revival,1,0.99,0.99
129,43,Isabelle Mercier,France,2022-07-15 00:00:00,2022,07,693,Sweet Hitch-Hiker,Rock,"Chronicle, Vol. 1",Creedence Clearwater Revival,1,0.99,0.99
129,43,Isabelle Mercier,France,2022-07-15 00:00:00,2022,07,697,Born On The Bayou,Rock,"Chronicle, Vol. 2",Creedence Clearwater Revival,1,0.99,0.99
129,43,Isabelle Mercier,France,2022-07-15 00:00:00,2022,07,701,Night Time Is The Right Time,Rock,"Chronicle, Vol. 2",Creedence Clearwater Revival,1,0.99,0.99
129,43,Isabelle Mercier,France,2022-07-15 00:00:00,2022,07,705,The Midnight Special,Rock,"Chronicle, Vol. 2",Creedence Clearwater Revival,1,0.99,0.99
129,43,Isabelle Mercier,France,2022-07-15 00:00:00,2022,07,709,(Wish I Could) Hideaway,Rock,"Chronicle, Vol. 2",Creedence Clearwater Revival,1,0.99,0.99
130,49,Stanisław Wójcik,Poland,2022-07-18 00:00:00,2022,07,715,Gatas Extraordinárias,Latin,Cássia Eller - Coleção Sem Limite [Disc 2],Cássia Eller,1,0.99,0.99
130,49,Stanisław Wójcik,Poland,2022-07-18 00:00:00,2022,07,721,"Você Passa, Eu Acho Graça (Ao Vivo)",Latin,Cássia Eller - Coleção Sem Limite [Disc 2],Cássia Eller,1,0.99,0.99
130,49,Stanisław Wójcik,Poland,2022-07-18 00:00:00,2022,07,727,Não Sei O Que Eu Quero Da Vida,Latin,Cássia Eller - Coleção Sem Limite [Disc 2],Cássia Eller,1,0.99,0.99
130,49,Stanisław Wójcik,Poland,2022-07-18 00:00:00,2022,07,733,E.C.T.,Latin,Cássia Eller - Sem Limite [Disc 1],Cássia Eller,1,0.99,0.99
130,49,Stanisław Wójcik,Poland,2022-07-18 00:00:00,2022,07,739,Eleanor Rigby,Latin,Cássia Eller - Sem Limite [Disc 1],Cássia Eller,1,0.99,0.99
130,49,Stanisław Wójcik,Poland,2022-07-18 00:00:00,2022,07,745,Comin' Home,Rock,Come Taste The Band,Deep Purple,1,0.99,0.99
130,49,Stanisław Wójcik,Poland,2022-07-18 00:00:00,2022,07,751,Love Child,Rock,Come Taste The Band,Deep Purple,1,0.99,0.99
130,49,Stanisław Wójcik,Poland,2022-07-18 00:00:00,2022,07,757,Flight Of The Rat,Rock,Deep Purple In Rock,Deep Purple,1,0.99,0.99
130,49,Stanisław Wójcik,Poland,2022-07-18 00:00:00,2022,07,763,Strange Kind Of Woman,Rock,Fireball,Deep Purple,1,0.99,0.99
131,58,Manoj Pareek,India,2022-07-23 00:00:00,2022,07,772,Black Night,Rock,Knocking at Your Back Door: The Best Of Deep Purple in the 80's,Deep Purple,1,0.99,0.99
131,58,Manoj Pareek,India,2022-07-23 00:00:00,2022,07,781,Pictures Of Home,Rock,Machine Head,Deep Purple,1,0.99,0.99
131,58,Manoj Pareek,India,2022-07-23 00:00:00,2022,07,790,Cascades : I'm Not Your Lover,Rock,Purpendicular,Deep Purple,1,0.99,0.99
131,58,Manoj Pareek,India,2022-07-23 00:00:00,2022,07,799,The Cut Runs Deep,Rock,Slaves And Masters,Deep Purple,1,0.99,0.99
131,58,Manoj Pareek,India,2022-07-23 00:00:00,2022,07,808,Love Don't Mean a Thing,Rock,Stormbringer,Deep Purple,1,0.99,0.99
131,58,Manoj Pareek,India,2022-07-23 00:00:00,2022,07,817,Lick It Up,Rock,The Battle Rages On,Deep Purple,1,0.99,0.99
131,58,Manoj Pareek,India,2022-07-23 00:00:00,2022,07,826,Pour Some Sugar On Me,Rock,Vault: Def Leppard's Greatest Hits,Def Leppard,1,0.99,0.99
131,58,Manoj Pareek,India,2022-07-23 00:00:00,2022,07,835,Action,Rock,Vault: Def Leppard's Greatest Hits,Def Leppard,1,0.99,0.99
131,58,Manoj Pareek,India,2022-07-23 00:00:00,2022,07,844,Groovus Interruptus,Jazz,Outbreak,Dennis Chambers,1,0.99,0.99
131,58,Manoj Pareek,India,2022-07-23 00:00:00,2022,07,853,Cigano,Latin,Djavan Ao Vivo - Vol. 02,Djavan,1,0.99,0.99
131,58,Manoj Pareek,India,2022-07-23 00:00:00,2022,07,862,Acelerou,Latin,Djavan Ao Vivo - Vol. 02,Djavan,1,0.99,0.99
131,58,Manoj Pareek,India,2022-07-23 00:00:00,2022,07,871,Azul,Latin,Djavan Ao Vivo - Vol. 1,Djavan,1,0.99,0.99
131,58,Manoj Pareek,India,2022-07-23 00:00:00,2022,07,880,"Dois Pra Lá, Dois Pra Cá",Latin,Elis Regina-Minha História,Elis Regina,1,0.99,0.99
131,58,Manoj Pareek,India,2022-07-23 00:00:00,2022,07,889,Maria Rosa,Latin,Elis Regina-Minha História,Elis Regina,1,0.99,0.99
132,13,Fernanda Ramos,Brazil,2022-07-31 00:00:00,2022,07,903,Lay Down Sally,Blues,The Cream Of Clapton,Eric Clapton,1,0.99,0.99
133,14,Mark Philips,Canada,2022-08-13 00:00:00,2022,08,904,Knockin On Heavens Door,Blues,The Cream Of Clapton,Eric Clapton,1,0.99,0.99
133,14,Mark Philips,Canada,2022-08-13 00:00:00,2022,08,905,Wonderful Tonight,Blues,The Cream Of Clapton,Eric Clapton,1,0.99,0.99
134,16,Frank Harris,USA,2022-08-13 00:00:00,2022,08,907,Promises,Blues,The Cream Of Clapton,Eric Clapton,1,0.99,0.99
134,16,Frank Harris,USA,2022-08-13 00:00:00,2022,08,909,Signe,Blues,Unplugged,Eric Clapton,1,0.99,0.99
135,18,Michelle Brooks,USA,2022-08-14 00:00:00,2022,08,911,Hey Hey,Blues,Unplugged,Eric Clapton,1,0.99,0.99
135,18,Michelle Brooks,USA,2022-08-14 00:00:00,2022,08,913,Lonely Stranger,Blues,Unplugged,Eric Clapton,1,0.99,0.99
135,18,Michelle Brooks,USA,2022-08-14 00:00:00,2022,08,915,Layla,Blues,Unplugged,Eric Clapton,1,0.99,0.99
135,18,Michelle Brooks,USA,2022-08-14 00:00:00,2022,08,917,Walkin' Blues,Blues,Unplugged,Eric Clapton,1,0.99,0.99
136,22,Heather Leacock,USA,2022-08-15 00:00:00,2022,08,921,Old Love,Blues,Unplugged,Eric Clapton,1,0.99,0.99
136,22,Heather Leacock,USA,2022-08-15 00:00:00,2022,08,925,Last Cup Of Sorrow,Alternative & Punk,Album Of The Year,Faith No More,1,0.99,0.99
136,22,Heather Leacock,USA,2022-08-15 00:00:00,2022,08,929,Ashes To Ashes,Alternative & Punk,Album Of The Year,Faith No More,1,0.99,0.99
136,22,Heather Leacock,USA,2022-08-15 00:00:00,2022,08,933,Home Sick Home,Alternative & Punk,Album Of The Year,Faith No More,1,0.99,0.99
136,22,Heather Leacock,USA,2022-08-15 00:00:00,2022,08,937,Midlife Crisis,Alternative & Punk,Angel Dust,Faith No More,1,0.99,0.99
136,22,Heather Leacock,USA,2022-08-15 00:00:00,2022,08,941,Malpractice,Alternative & Punk,Angel Dust,Faith No More,1,0.99,0.99
137,28,Julia Barnett,USA,2022-08-18 00:00:00,2022,08,947,Midnight Cowboy,Alternative & Punk,Angel Dust,Faith No More,1,0.99,0.99
137,28,Julia Barnett,USA,2022-08-18 00:00:00,2022,08,953,Star A.D.,Rock,King For A Day Fool For A Lifetime,Faith No More,1,0.99,0.99
137,28,Julia Barnett,USA,2022-08-18 00:00:00,2022,08,959,King For A Day,Rock,King For A Day Fool For A Lifetime,Faith No More,1,0.99,0.99
137,28,Julia Barnett,USA,2022-08-18 00:00:00,2022,08,965,Epic,Alternative & Punk,The Real Thing,Faith No More,1,0.99,0.99
137,28,Julia Barnett,USA,2022-08-18 00:00:00,2022,08,971,The Morning After,Alternative & Punk,The Real Thing,Faith No More,1,0.99,0.99
137,28,Julia Barnett,USA,2022-08-18 00:00:00,2022,08,977,Xote Dos Milagres,Latin,Deixa Entrar,Falamansa,1,0.99,0.99
137,28,Julia Barnett,USA,2022-08-18 00:00:00,2022,08,983,Principiando/Decolagem,Latin,Deixa Entrar,Falamansa,1,0.99,0.99
137,28,Julia Barnett,USA,2022-08-18 00:00:00,2022,08,989,In Your Honor,Rock,In Your Honor [Disc 1],Foo Fighters,1,0.99,0.99
137,28,Julia Barnett,USA,2022-08-18 00:00:00,2022,08,995,Free Me,Rock,In Your Honor [Disc 1],Foo Fighters,1,0.99,0.99
138,37,Fynn Zimmermann,Germany,2022-08-23 00:00:00,2022,08,1004,Over And Out,Rock,In Your Honor [Disc 2],Foo Fighters,1,0.99,0.99
138,37,Fynn Zimmermann,Germany,2022-08-23 00:00:00,2022,08,1013,Disenchanted Lullaby,Alternative & Punk,One By One,Foo Fighters,1,0.99,0.99
138,37,Fynn Zimmermann,Germany,2022-08-23 00:00:00,2022,08,1022,"Hey, Johnny Park!",Rock,The Colour And The Shape,Foo Fighters,1,0.99,0.99
138,37,Fynn Zimmermann,Germany,2022-08-23 00:00:00,2022,08,1031,Walking After You,Rock,The Colour And The Shape,Foo Fighters,1,0.99,0.99
138,37,Fynn Zimmermann,Germany,2022-08-23 00:00:00,2022,08,1040,Summer Love,Easy Listening,My Way: The Best Of Frank Sinatra [Disc 1],Frank Sinatra,1,0.99,0.99
138,37,Fynn Zimmermann,Germany,2022-08-23 00:00:00,2022,08,1049,Come Fly With Me,Easy Listening,My Way: The Best Of Frank Sinatra [Disc 1],Frank Sinatra,1,0.99,0.99
138,37,Fynn Zimmermann,Germany,2022-08-23 00:00:00,2022,08,1058,Nervosa,Latin,Roda De Funk,Funk Como Le Gusta,1,0.99,0.99
138,37,Fynn Zimmermann,Germany,2022-08-23 00:00:00,2022,08,1067,Meu Guarda-Chuva,Latin,Roda De Funk,Funk Como Le Gusta,1,0.99,0.99
138,37,Fynn Zimmermann,Germany,2022-08-23 00:00:00,2022,08,1076,Juazeiro,Soundtrack,As Canções de Eu Tu Eles,Gilberto Gil,1,0.99,0.99
138,37,Fynn Zimmermann,Germany,2022-08-23 00:00:00,2022,08,1085,Lamento Sertanejo,Soundtrack,As Canções de Eu Tu Eles,Gilberto Gil,1,0.99,0.99
138,37,Fynn Zimmermann,Germany,2022-08-23 00:00:00,2022,08,1094,Estrela (Live),Latin,Quanta Gente Veio Ver (Live),Gilberto Gil,1,0.99,0.99
138,37,Fynn Zimmermann,Germany,2022-08-23 00:00:00,2022,08,1103,Lamento De Carnaval,Jazz,Quanta Gente Veio ver--Bônus De Carnaval,Gilberto Gil,1,0.99,0.99
138,37,Fynn Zimmermann,Germany,2022-08-23 00:00:00,2022,08,1112,Beira Mar,Latin,Unplugged,Eric Clapton,1,0.99,0.99
138,37,Fynn Zimmermann,Germany,2022-08-23 00:00:00,2022,08,1121,Straight Out Of Line,Metal,Faceless,Godsmack,1,0.99,0.99
139,51,Joakim Johansson,Sweden,2022-08-31 00:00:00,2022,08,1135,Holiday,Alternative & Punk,American Idiot,Green Day,1,0.99,0.99
140,52,Emma Jones,United Kingdom,2022-09-13 00:00:00,2022,09,1136,Boulevard Of Broken Dreams,Alternative & Punk,American Idiot,Green Day,1,0.99,0.99
140,52,Emma Jones,United Kingdom,2022-09-13 00:00:00,2022,09,1137,Are We The Waiting,Alternative & Punk,American Idiot,Green Day,1,0.99,0.99
141,54,Steve Murray,United Kingdom,2022-09-13 00:00:00,2022,09,1139,Give Me Novacaine,Alternative & Punk,American Idiot,Green Day,1,0.99,0.99
141,54,Steve Murray,United Kingdom,2022-09-13 00:00:00,2022,09,1141,Extraordinary Girl,Alternative & Punk,American Idiot,Green Day,1,0.99,0.99
142,56,Diego Gutiérrez,Argentina,2022-09-14 00:00:00,2022,09,1143,Wake Me Up When September Ends,Alternative & Punk,American Idiot,Green Day,1,0.99,0.99
142,56,Diego Gutiérrez,Argentina,2022-09-14 00:00:00,2022,09,1145,Whatsername,Alternative & Punk,American Idiot,Green Day,1,0.99,0.99
142,56,Diego Gutiérrez,Argentina,2022-09-14 00:00:00,2022,09,1147,It's So Easy,Rock,Appetite for Destruction,Guns N' Roses,1,0.99,0.99
142,56,Diego Gutiérrez,Argentina,2022-09-14 00:00:00,2022,09,1149,Out Ta Get Me,Rock,Appetite for Destruction,Guns N' Roses,1,0.99,0.99
143,1,Luís Gonçalves,Brazil,2022-09-15 00:00:00,2022,09,1153,Think About You,Rock,Appetite for Destruction,Guns N' Roses,1,0.99,0.99
143,1,Luís Gonçalves,Brazil,2022-09-15 00:00:00,2022,09,1157,Rocket Queen,Rock,Appetite for Destruction,Guns N' Roses,1,0.99,0.99
143,1,Luís Gonçalves,Brazil,2022-09-15 00:00:00,2022,09,1161,Don't Cry (Original),Rock,Use Your Illusion I,Guns N' Roses,1,0.99,0.99
143,1,Luís Gonçalves,Brazil,2022-09-15 00:00:00,2022,09,1165,Back off Bitch,Rock,Use Your Illusion I,Guns N' Roses,1,0.99,0.99
143,1,Luís Gonçalves,Brazil,2022-09-15 00:00:00,2022,09,1169,Garden of Eden,Rock,Use Your Illusion I,Guns N' Roses,1,0.99,0.99
143,1,Luís Gonçalves,Brazil,2022-09-15 00:00:00,2022,09,1173,Coma,Rock,Use Your Illusion I,Guns N' Roses,1,0.99,0.99
144,7,Astrid Gruber,Austria,2022-09-18 00:00:00,2022,09,1179,Shotgun Blues,Metal,Use Your Illusion II,Guns N' Roses,1,0.99,0.99
144,7,Astrid Gruber,Austria,2022-09-18 00:00:00,2022,09,1185,You Could Be Mine,Metal,Use Your Illusion II,Guns N' Roses,1,0.99,0.99
144,7,Astrid Gruber,Austria,2022-09-18 00:00:00,2022,09,1191,Deep Waters,Jazz,Blue Moods,Incognito,1,0.99,0.99
144,7,Astrid Gruber,Austria,2022-09-18 00:00:00,2022,09,1197,Thinking 'Bout Tomorrow,Jazz,Blue Moods,Incognito,1,0.99,0.99
144,7,Astrid Gruber,Austria,2022-09-18 00:00:00,2022,09,1203,Brighter Than a Thousand Suns,Rock,A Matter of Life and Death,Iron Maiden,1,0.99,0.99
144,7,Astrid Gruber,Austria,2022-09-18 00:00:00,2022,09,1209,Lord of Light,Rock,A Matter of Life and Death,Iron Maiden,1,0.99,0.99
144,7,Astrid Gruber,Austria,2022-09-18 00:00:00,2022,09,1215,Transylvania,Metal,A Real Dead One,Iron Maiden,1,0.99,0.99
144,7,Astrid Gruber,Austria,2022-09-18 00:00:00,2022,09,1221,2 Minutes To Midnight,Metal,A Real Dead One,Iron Maiden,1,0.99,0.99
144,7,Astrid Gruber,Austria,2022-09-18 00:00:00,2022,09,1227,Wasting Love,Metal,A Real Live One,Iron Maiden,1,0.99,0.99
145,16,Frank Harris,USA,2022-09-23 00:00:00,2022,09,1236,Ghost Of The Navigator,Rock,Brave New World,Iron Maiden,1,0.99,0.99
145,16,Frank Harris,USA,2022-09-23 00:00:00,2022,09,1245,Wildest Dreams,Heavy Metal,Dance Of Death,Iron Maiden,1,0.99,0.99
145,16,Frank Harris,USA,2022-09-23 00:00:00,2022,09,1254,Age Of Innocence,Heavy Metal,Dance Of Death,Iron Maiden,1,0.99,0.99
145,16,Frank Harris,USA,2022-09-23 00:00:00,2022,09,1263,Chains Of Misery,Rock,Fear Of The Dark,Iron Maiden,1,0.99,0.99
145,16,Frank Harris,USA,2022-09-23 00:00:00,2022,09,1272,05 - Phantom of the Opera,Blues,Iron Maiden,Iron Maiden,1,0.99,0.99
145,16,Frank Harris,USA,2022-09-23 00:00:00,2022,09,1281,Genghis Khan,Heavy Metal,Killers,Iron Maiden,1,0.99,0.99
145,16,Frank Harris,USA,2022-09-23 00:00:00,2022,09,1290,The Trooper,Metal,Live After Death,Iron Maiden,1,0.99,0.99
145,16,Frank Harris,USA,2022-09-23 00:00:00,2022,09,1299,Running Free,Metal,Live After Death,Iron Maiden,1,0.99,0.99
145,16,Frank Harris,USA,2022-09-23 00:00:00,2022,09,1308,From Here To Eternity,Rock,Live At Donington 1992 (Disc 1),Iron Maiden,1,0.99,0.99
145,16,Frank Harris,USA,2022-09-23 00:00:00,2022,09,1317,Heaven Can Wait,Rock,Live At Donington 1992 (Disc 2),Iron Maiden,1,0.99,0.99
145,16,Frank Harris,USA,2022-09-23 00:00:00,2022,09,1326,Holy Smoke,Metal,No Prayer For The Dying,Iron Maiden,1,0.99,0.99
145,16,Frank Harris,USA,2022-09-23 00:00:00,2022,09,1335,Where Eagles Dare,Metal,Piece Of Mind,Iron Maiden,1,0.99,0.99
145,16,Frank Harris,USA,2022-09-23 00:00:00,2022,09,1344,Aces High,Metal,Powerslave,Iron Maiden,1,0.99,0.99
145,16,Frank Harris,USA,2022-09-23 00:00:00,2022,09,1353,The Wicker Man,Metal,Rock In Rio [CD1],Iron Maiden,1,0.99,0.99
146,30,Edward Francis,Canada,2022-10-01 00:00:00,2022,10,1367,The Number Of The Beast,Rock,Rock In Rio [CD2],Iron Maiden,1,0.99,0.99
147,31,Martha Silk,Canada,2022-10-14 00:00:00,2022,10,1368,Hallowed Be Thy Name,Rock,Rock In Rio [CD2],Iron Maiden,1,0.99,0.99
147,31,Martha Silk,Canada,2022-10-14 00:00:00,2022,10,1369,Sanctuary,Rock,Rock In Rio [CD2],Iron Maiden,1,0.99,0.99
148,33,Ellie Sullivan,Canada,2022-10-14 00:00:00,2022,10,1371,Moonchild,Metal,Seventh Son of a Seventh Son,Iron Maiden,1,0.99,0.99
148,33,Ellie Sullivan,Canada,2022-10-14 00:00:00,2022,10,1373,Can I Play With Madness,Metal,Seventh Son of a Seventh Son,Iron Maiden,1,0.99,0.99
149,35,Madalena Sampaio,Portugal,2022-10-15 00:00:00,2022,10,1375,Seventh Son of a Seventh Son,Metal,Seventh Son of a Seventh Son,Iron Maiden,1,0.99,0.99
149,35,Madalena Sampaio,Portugal,2022-10-15 00:00:00,2022,10,1377,The Clairvoyant,Metal,Seventh Son of a Seventh Son,Iron Maiden,1,0.99,0.99
149,35,Madalena Sampaio,Portugal,2022-10-15 00:00:00,2022,10,1379,Caught Somewhere in Time,Metal,Somewhere in Time,Iron Maiden,1,0.99,0.99
149,35,Madalena Sampaio,Portugal,2022-10-15 00:00:00,2022,10,1381,Sea of Madness,Metal,Somewhere in Time,Iron Maiden,1,0.99,0.99
150,39,Camille Bernard,France,2022-10-16 00:00:00,2022,10,1385,De Ja Vu,Metal,Somewhere in Time,Iron Maiden,1,0.99,0.99
150,39,Camille Bernard,France,2022-10-16 00:00:00,2022,10,1389,Gangland,Metal,The Number of The Beast,Iron Maiden,1,0.99,0.99
150,39,Camille Bernard,France,2022-10-16 00:00:00,2022,10,1393,The Number Of The Beast,Rock,The Number of The Beast,Iron Maiden,1,0.99,0.99
150,39,Camille Bernard,France,2022-10-16 00:00:00,2022,10,1397,Man On The Edge,Rock,The X Factor,Iron Maiden,1,0.99,0.99
150,39,Camille Bernard,France,2022-10-16 00:00:00,2022,10,1401,Judgement Of Heaven,Rock,The X Factor,Iron Maiden,1,0.99,0.99
150,39,Camille Bernard,France,2022-10-16 00:00:00,2022,10,1405,The Unbeliever,Rock,The X Factor,Iron Maiden,1,0.99,0.99
151,45,Ladislav Kovács,Hungary,2022-10-19 00:00:00,2022,10,1411,The Educated Fool,Rock,Virtual XI,Iron Maiden,1,0.99,0.99
151,45,Ladislav Kovács,Hungary,2022-10-19 00:00:00,2022,10,1417,Out Of Sight,R&B/Soul,Sex Machine,James Brown,1,0.99,0.99
151,45,Ladislav Kovács,Hungary,2022-10-19 00:00:00,2022,10,1423,Get Up (I Feel Like Being A) Sex Machine,R&B/Soul,Sex Machine,James Brown,1,0.99,0.99
151,45,Ladislav Kovács,Hungary,2022-10-19 00:00:00,2022,10,1429,It's Too Funky In Here,R&B/Soul,Sex Machine,James Brown,1,0.99,0.99
151,45,Ladislav Kovács,Hungary,2022-10-19 00:00:00,2022,10,1435,Too Young To Die,Rock,Emergency On Planet Earth,Jamiroquai,1,0.99,0.99
151,45,Ladislav Kovács,Hungary,2022-10-19 00:00:00,2022,10,1441,Blow Your Mind,Rock,Emergency On Planet Earth,Jamiroquai,1,0.99,0.99
151,45,Ladislav Kovács,Hungary,2022-10-19 00:00:00,2022,10,1447,Soul Education,R&B/Soul,Synkronized,Jamiroquai,1,0.99,0.99
151,45,Ladislav Kovács,Hungary,2022-10-19 00:00:00,2022,10,1453,King For A Day,R&B/Soul,Synkronized,Jamiroquai,1,0.99,0.99
151,45,Ladislav Kovács,Hungary,2022-10-19 00:00:00,2022,10,1459,Manifest Destiny,Electronica/Dance,The Return Of The Space Cowboy,Jamiroquai,1,0.99,0.99
152,54,Steve Murray,United Kingdom,2022-10-24 00:00:00,2022,10,1468,Rollover D.J.,Alternative & Punk,Get Born,JET,1,0.99,0.99
152,54,Steve Murray,United Kingdom,2022-10-24 00:00:00,2022,10,1477,Lazy Gun,Alternative & Punk,Get Born,JET,1,0.99,0.99
152,54,Steve Murray,United Kingdom,2022-10-24 00:00:00,2022,10,1486,Fire,Rock,Are You Experienced?,Jimi Hendrix,1,0.99,0.99
152,54,Steve Murray,United Kingdom,2022-10-24 00:00:00,2022,10,1495,Highway Chile,Rock,Are You Experienced?,Jimi Hendrix,1,0.99,0.99
152,54,Steve Murray,United Kingdom,2022-10-24 00:00:00,2022,10,1504,Midnight,Rock,Surfing with the Alien (Remastered),Joe Satriani,1,0.99,0.99
152,54,Steve Murray,United Kingdom,2022-10-24 00:00:00,2022,10,1513,Charles Anjo 45,Latin,Jorge Ben Jor 25 Anos,Jorge Ben,1,0.99,0.99
152,54,Steve Murray,United Kingdom,2022-10-24 00:00:00,2022,10,1522,Vou Pra Ai,Latin,Jota Quest-1995,Jota Quest,1,0.99,0.99
152,54,Steve Murray,United Kingdom,2022-10-24 00:00:00,2022,10,1531,Onibusfobia,Latin,Jota Quest-1995,Jota Quest,1,0.99,0.99
152,54,Steve Murray,United Kingdom,2022-10-24 00:00:00,2022,10,1540,Papelão,World,Cafezinho,João Suplicy,1,0.99,0.99
152,54,Steve Murray,United Kingdom,2022-10-24 00:00:00,2022,10,1549,Hot Rockin',Metal,Living After Midnight,Judas Priest,1,0.99,0.99
152,54,Steve Murray,United Kingdom,2022-10-24 00:00:00,2022,10,1558,Ram It Down,Metal,Living After Midnight,Judas Priest,1,0.99,0.99
152,54,Steve Murray,United Kingdom,2022-10-24 00:00:00,2022,10,1567,Sure Know Something,Rock,Unplugged [Live],Kiss,1,0.99,0.99
152,54,Steve Murray,United Kingdom,2022-10-24 00:00:00,2022,10,1576,Rock And Roll All Nite,Rock,Unplugged [Live],Kiss,1,0.99,0.99
152,54,Steve Murray,United Kingdom,2022-10-24 00:00:00,2022,10,1585,Whole Lotta Love (Medley),Rock,BBC Sessions [Disc 2] [Live],Led Zeppelin,1,0.99,0.99
153,9,Kara Nielsen,Denmark,2022-11-01 00:00:00,2022,11,1599,Dancing Days,Rock,Houses Of The Holy,Led Zeppelin,1,0.99,0.99
154,10,Eduardo Martins,Brazil,2022-11-14 00:00:00,2022,11,1600,D'Yer Mak'er,Rock,Houses Of The Holy,Led Zeppelin,1,0.99,0.99
154,10,Eduardo Martins,Brazil,2022-11-14 00:00:00,2022,11,1601,No Quarter,Rock,Houses Of The Holy,Led Zeppelin,1,0.99,0.99
155,12,Roberto Almeida,Brazil,2022-11-14 00:00:00,2022,11,1603,In The Evening,Rock,In Through The Out Door,Led Zeppelin,1,0.99,0.99
155,12,Roberto Almeida,Brazil,2022-11-14 00:00:00,2022,11,1605,Fool In The Rain,Rock,In Through The Out Door,Led Zeppelin,1,0.99,0.99
156,14,Mark Philips,Canada,2022-11-15 00:00:00,2022,11,1607,Carouselambra,Rock,In Through The Out Door,Led Zeppelin,1,0.99,0.99
156,14,Mark Philips,Canada,2022-11-15 00:00:00,2022,11,1609,I'm Gonna Crawl,Rock,In Through The Out Door,Led Zeppelin,1,0.99,0.99
156,14,Mark Philips,Canada,2022-11-15 00:00:00,2022,11,1611,Rock & Roll,Rock,IV,Led Zeppelin,1,0.99,0.99
156,14,Mark Philips,Canada,2022-11-15 00:00:00,2022,11,1613,Stairway To Heaven,Rock,IV,Led Zeppelin,1,0.99,0.99
157,18,Michelle Brooks,USA,2022-11-16 00:00:00,2022,11,1617,When The Levee Breaks,Rock,IV,Led Zeppelin,1,0.99,0.99
157,18,Michelle Brooks,USA,2022-11-16 00:00:00,2022,11,1621,Dazed and Confused,Rock,Led Zeppelin I,Led Zeppelin,1,0.99,0.99
157,18,Michelle Brooks,USA,2022-11-16 00:00:00,2022,11,1625,I Can't Quit You Baby,Rock,Led Zeppelin I,Led Zeppelin,1,0.99,0.99
157,18,Michelle Brooks,USA,2022-11-16 00:00:00,2022,11,1629,The Lemon Song,Rock,Led Zeppelin II,Led Zeppelin,1,0.99,0.99
157,18,Michelle Brooks,USA,2022-11-16 00:00:00,2022,11,1633,Ramble On,Rock,Led Zeppelin II,Led Zeppelin,1,0.99,0.99
157,18,Michelle Brooks,USA,2022-11-16 00:00:00,2022,11,1637,Friends,Rock,Led Zeppelin III,Led Zeppelin,1,0.99,0.99
158,24,Frank Ralston,USA,2022-11-19 00:00:00,2022,11,1643,That's The Way,Rock,Led Zeppelin III,Led Zeppelin,1,0.99,0.99
158,24,Frank Ralston,USA,2022-11-19 00:00:00,2022,11,1649,Ten Years Gone,Rock,Physical Graffiti [Disc 2],Led Zeppelin,1,0.99,0.99
158,24,Frank Ralston,USA,2022-11-19 00:00:00,2022,11,1655,Achilles Last Stand,Rock,Presence,Led Zeppelin,1,0.99,0.99
158,24,Frank Ralston,USA,2022-11-19 00:00:00,2022,11,1661,Tea For One,Rock,Presence,Led Zeppelin,1,0.99,0.99
158,24,Frank Ralston,USA,2022-11-19 00:00:00,2022,11,1667,No Quarter,Rock,The Song Remains The Same (Disc 2),Led Zeppelin,1,0.99,0.99
158,24,Frank Ralston,USA,2022-11-19 00:00:00,2022,11,1673,Música De Trabalho,Latin,A TempestadeTempestade Ou O Livro Dos Dias,Legião Urbana,1,0.99,0.99
158,24,Frank Ralston,USA,2022-11-19 00:00:00,2022,11,1679,Dezesseis,Latin,A TempestadeTempestade Ou O Livro Dos Dias,Legião Urbana,1,0.99,0.99
158,24,Frank Ralston,USA,2022-11-19 00:00:00,2022,11,1685,O Livro Dos Dias,Latin,A TempestadeTempestade Ou O Livro Dos Dias,Legião Urbana,1,0.99,0.99
158,24,Frank Ralston,USA,2022-11-19 00:00:00,2022,11,1691,Indios,Latin,Mais Do Mesmo,Legião Urbana,1,0.99,0.99
159,33,Ellie Sullivan,Canada,2022-11-24 00:00:00,2022,11,1700,Dezesseis,Latin,Mais Do Mesmo,Legião Urbana,1,0.99,0.99
159,33,Ellie Sullivan,Canada,2022-11-24 00:00:00,2022,11,1709,American Woman,Rock,Greatest Hits,Lenny Kravitz,1,0.99,0.99
159,33,Ellie Sullivan,Canada,2022-11-24 00:00:00,2022,11,1718,Honolulu,Latin,Lulu Santos - RCA 100 Anos De Música - Álbum 02,Lulu Santos,1,0.99,0.99
159,33,Ellie Sullivan,Canada,2022-11-24 00:00:00,2022,11,1727,Brumário,Latin,Lulu Santos - RCA 100 Anos De Música - Álbum 01,Lulu Santos,1,0.99,0.99
159,33,Ellie Sullivan,Canada,2022-11-24 00:00:00,2022,11,1736,Tudo Bem,Latin,Lulu Santos - RCA 100 Anos De Música - Álbum 01,Lulu Santos,1,0.99,0.99
159,33,Ellie Sullivan,Canada,2022-11-24 00:00:00,2022,11,1745,Pseudo Silk Kimono,Rock,Misplaced Childhood,Marillion,1,0.99,0.99
159,33,Ellie Sullivan,Canada,2022-11-24 00:00:00,2022,11,1754,White Feather,Rock,Misplaced Childhood,Marillion,1,0.99,0.99
159,33,Ellie Sullivan,Canada,2022-11-24 00:00:00,2022,11,1763,De Noite Na Cama,Latin,Barulhinho Bom,Marisa Monte,1,0.99,0.99
159,33,Ellie Sullivan,Canada,2022-11-24 00:00:00,2022,11,1772,O Xote Das Meninas,Latin,Barulhinho Bom,Marisa Monte,1,0.99,0.99
159,33,Ellie Sullivan,Canada,2022-11-24 00:00:00,2022,11,1781,Seek And You Shall Find,R&B/Soul,Seek And Shall Find: More Of The Best (1963-1981),Marvin Gaye,1,0.99,0.99
159,33,Ellie Sullivan,Canada,2022-11-24 00:00:00,2022,11,1790,Heavy Love Affair,R&B/Soul,Seek And Shall Find: More Of The Best (1963-1981),Marvin Gaye,1,0.99,0.99
159,33,Ellie Sullivan,Canada,2022-11-24 00:00:00,2022,11,1799,Shakes and Ladders,Rock,The Best Of Men At Work,Men At Work,1,0.99,0.99
159,33,Ellie Sullivan,Canada,2022-11-24 00:00:00,2022,11,1808,Nothing Else Matters,Metal,Black Album,Metallica,1,0.99,0.99
159,33,Ellie Sullivan,Canada,2022-11-24 00:00:00,2022,11,1817,Last Caress/Green Hell,Metal,Garage Inc. (Disc 2),Metallica,1,0.99,0.99
160,47,Lucas Mancini,Italy,2022-12-02 00:00:00,2022,12,1831,Motorbreath,Metal,Kill 'Em All,Metallica,1,0.99,0.99
161,48,Johannes Van der Berg,Netherlands,2022-12-15 00:00:00,2022,12,1832,Jump In The Fire,Metal,Kill 'Em All,Metallica,1,0.99,0.99
161,48,Johannes Van der Berg,Netherlands,2022-12-15 00:00:00,2022,12,1833,(Anesthesia) Pulling Teeth,Metal,Kill 'Em All,Metallica,1,0.99,0.99
162,50,Enrique Muñoz,Spain,2022-12-15 00:00:00,2022,12,1835,Phantom Lord,Metal,Kill 'Em All,Metallica,1,0.99,0.99
162,50,Enrique Muñoz,Spain,2022-12-15 00:00:00,2022,12,1837,Seek & Destroy,Metal,Kill 'Em All,Metallica,1,0.99,0.99
163,52,Emma Jones,United Kingdom,2022-12-16 00:00:00,2022,12,1839,Ain't My Bitch,Metal,Load,Metallica,1,0.99,0.99
163,52,Emma Jones,United Kingdom,2022-12-16 00:00:00,2022,12,1841,The House Jack Built,Metal,Load,Metallica,1,0.99,0.99
163,52,Emma Jones,United Kingdom,2022-12-16 00:00:00,2022,12,1843,King Nothing,Metal,Load,Metallica,1,0.99,0.99
163,52,Emma Jones,United Kingdom,2022-12-16 00:00:00,2022,12,1845,Bleeding Me,Metal,Load,Metallica,1,0.99,0.99
164,56,Diego Gutiérrez,Argentina,2022-12-17 00:00:00,2022,12,1849,Mama Said,Metal,Load,Metallica,1,0.99,0.99
164,56,Diego Gutiérrez,Argentina,2022-12-17 00:00:00,2022,12,1853,Battery,Metal,Master Of Puppets,Metallica,1,0.99,0.99
164,56,Diego Gutiérrez,Argentina,2022-12-17 00:00:00,2022,12,1857,Disposable Heroes,Metal,Master Of Puppets,Metallica,1,0.99,0.99
164,56,Diego Gutiérrez,Argentina,2022-12-17 00:00:00,2022,12,1861,Fuel,Metal,ReLoad,Metallica,1,0.99,0.99
164,56,Diego Gutiérrez,Argentina,2022-12-17 00:00:00,2022,12,1865,Better Than You,Metal,ReLoad,Metallica,1,0.99,0.99
164,56,Diego Gutiérrez,Argentina,2022-12-17 00:00:00,2022,12,1869,Where The Wild Things Are,Metal,ReLoad,Metallica,1,0.99,0.99
165,3,François Tremblay,Canada,2022-12-20 00:00:00,2022,12,1875,Ride The Lightning,Metal,Ride The Lightning,Metallica,1,0.99,0.99
165,3,François Tremblay,Canada,2022-12-20 00:00:00,2022,12,1881,The Call Of Ktulu,Metal,Ride The Lightning,Metallica,1,0.99,0.99
165,3,François Tremblay,Canada,2022-12-20 00:00:00,2022,12,1887,My World,Metal,St. Anger,Metallica,1,0.99,0.99
165,3,François Tremblay,Canada,2022-12-20 00:00:00,2022,12,1893,Blackened,Metal,...And Justice For All,Metallica,1,0.99,0.99
165,3,François Tremblay,Canada,2022-12-20 00:00:00,2022,12,1899,The Frayed Ends Of Sanity,Metal,...And Justice For All,Metallica,1,0.99,0.99
165,3,François Tremblay,Canada,2022-12-20 00:00:00,2022,12,1905,My Ship,Jazz,Miles Ahead,Miles Davis,1,0.99,0.99
165,3,François Tremblay,Canada,2022-12-20 00:00:00,2022,12,1911,I Don't Wanna Be Kissed (By Anyone But You),Jazz,Miles Ahead,Miles Davis,1,0.99,0.99
165,3,François Tremblay,Canada,2022-12-20 00:00:00,2022,12,1917,A Noite Do Meu Bem,Latin,Milton Nascimento Ao Vivo,Milton Nascimento,1,0.99,0.99
165,3,François Tremblay,Canada,2022-12-20 00:00:00,2022,12,1923,Brasil,Latin,Milton Nascimento Ao Vivo,Milton Nascimento,1,0.99,0.99
166,12,Roberto Almeida,Brazil,2022-12-25 00:00:00,2022,12,1932,Saudade Dos Aviões Da Panair (Conversando No Bar),Latin,Minas,Milton Nascimento,1,0.99,0.99
166,12,Roberto Almeida,Brazil,2022-12-25 00:00:00,2022,12,1941,Caso Você Queira Saber,Latin,Minas,Milton Nascimento,1,0.99,0.99
166,12,Roberto Almeida,Brazil,2022-12-25 00:00:00,2022,12,1950,Dance,Metal,Ace Of Spades,Motörhead,1,0.99,0.99
166,12,Roberto Almeida,Brazil,2022-12-25 00:00:00,2022,12,1959,Aos Leões,World,Demorou...,Mônica Marianno,1,0.99,0.99
166,12,Roberto Almeida,Brazil,2022-12-25 00:00:00,2022,12,1968,Demorou!,World,Demorou...,Mônica Marianno,1,0.99,0.99
166,12,Roberto Almeida,Brazil,2022-12-25 00:00:00,2022,12,1977,Home Sweet Home,Metal,Motley Crue Greatest Hits,Mötley Crüe,1,0.99,0.99
166,12,Roberto Almeida,Brazil,2022-12-25 00:00:00,2022,12,1986,Intro,Rock,From The Muddy Banks Of The Wishkah [Live],Nirvana,1,0.99,0.99
166,12,Roberto Almeida,Brazil,2022-12-25 00:00:00,2022,12,1995,Scentless Apprentice,Rock,From The Muddy Banks Of The Wishkah [Live],Nirvana,1,0.99,0.99
166,12,Roberto Almeida,Brazil,2022-12-25 00:00:00,2022,12,2004,In Bloom,Rock,Nevermind,Nirvana,1,0.99,0.99
166,12,Roberto Almeida,Brazil,2022-12-25 00:00:00,2022,12,2013,On A Plain,Rock,Nevermind,Nirvana,1,0.99,0.99
166,12,Roberto Almeida,Brazil,2022-12-25 00:00:00,2022,12,2022,Mundaréu,Rock,Compositores,O Terço,1,0.99,0.99
166,12,Roberto Almeida,Brazil,2022-12-25 00:00:00,2022,12,2031,Nossa Gente (Avisa Là),Latin,Olodum,Olodum,1,0.99,0.99
166,12,Roberto Almeida,Brazil,2022-12-25 00:00:00,2022,12,2040,Revolta Olodum,Latin,Olodum,Olodum,1,0.99,0.99
166,12,Roberto Almeida,Brazil,2022-12-25 00:00:00,2022,12,2049,Vai Valer,Latin,Acústico MTV,Os Paralamas Do Sucesso,1,0.99,0.99
167,26,Richard Cunningham,USA,2023-01-02 00:00:00,2023,01,2063,Nebulosa Do Amor,Latin,Acústico MTV,Os Paralamas Do Sucesso,1,0.99,0.99
168,27,Patrick Gray,USA,2023-01-15 00:00:00,2023,01,2064,Caleidoscópio,Latin,Acústico MTV,Os Paralamas Do Sucesso,1,0.99,0.99
168,27,Patrick Gray,USA,2023-01-15 00:00:00,2023,01,2065,Trac Trac,Latin,Arquivo II,Os Paralamas Do Sucesso,1,0.99,0.99
169,29,Robert Brown,Canada,2023-01-15 00:00:00,2023,01,2067,Mensagen De Amor (2000),Latin,Arquivo II,Os Paralamas Do Sucesso,1,0.99,0.99
169,29,Robert Brown,Canada,2023-01-15 00:00:00,2023,01,2069,La Bella Luna,Latin,Arquivo II,Os Paralamas Do Sucesso,1,0.99,0.99
170,31,Martha Silk,Canada,2023-01-16 00:00:00,2023,01,2071,Uma Brasileira,Latin,Arquivo II,Os Paralamas Do Sucesso,1,0.99,0.99
170,31,Martha Silk,Canada,2023-01-16 00:00:00,2023,01,2073,Saber Amar,Latin,Arquivo II,Os Paralamas Do Sucesso,1,0.99,0.99
170,31,Martha Silk,Canada,2023-01-16 00:00:00,2023,01,2075,O Amor Nao Sabe Esperar,Latin,Arquivo II,Os Paralamas Do Sucesso,1,0.99,0.99
170,31,Martha Silk,Canada,2023-01-16 00:00:00,2023,01,2077,Caleidoscópio,Latin,Arquivo Os Paralamas Do Sucesso,Os Paralamas Do Sucesso,1,0.99,0.99
171,35,Madalena Sampaio,Portugal,2023-01-17 00:00:00,2023,01,2081,Lanterna Dos Afogados,Latin,Arquivo Os Paralamas Do Sucesso,Os Paralamas Do Sucesso,1,0.99,0.99
171,35,Madalena Sampaio,Portugal,2023-01-17 00:00:00,2023,01,2085,Meu Erro,Latin,Arquivo Os Paralamas Do Sucesso,Os Paralamas Do Sucesso,1,0.99,0.99
171,35,Madalena Sampaio,Portugal,2023-01-17 00:00:00,2023,01,2089,Selvagem,Latin,Arquivo Os Paralamas Do Sucesso,Os Paralamas Do Sucesso,1,0.99,0.99
171,35,Madalena Sampaio,Portugal,2023-01-17 00:00:00,2023,01,2093,Bark at the Moon,Rock,Bark at the Moon (Remastered),Ozzy Osbourne,1,0.99,0.99
171,35,Madalena Sampaio,Portugal,2023-01-17 00:00:00,2023,01,2097,"Mama, I'm Coming Home",Rock,No More Tears (Remastered),Ozzy Osbourne,1,0.99,0.99
171,35,Madalena Sampaio,Portugal,2023-01-17 00:00:00,2023,01,2101,Believer,Metal,Tribute,Ozzy Osbourne,1,0.99,0.99
172,41,Marc Dubois,France,2023-01-20 00:00:00,2023,01,2107,Iron Man,Metal,Tribute,Ozzy Osbourne,1,0.99,0.99
172,41,Marc Dubois,France,2023-01-20 00:00:00,2023,01,2113,Shining In The Light,Rock,Walking Into Clarksdale,Page & Plant,1,0.99,0.99
172,41,Marc Dubois,France,2023-01-20 00:00:00,2023,01,2119,Heart In Your Hand,Rock,Walking Into Clarksdale,Page & Plant,1,0.99,0.99
172,41,Marc Dubois,France,2023-01-20 00:00:00,2023,01,2125,United Colours,Soundtrack,Original Soundtracks 1,Passengers,1,0.99,0.99
172,41,Marc Dubois,France,2023-01-20 00:00:00,2023,01,2131,Miss Sarajevo,Soundtrack,Original Soundtracks 1,Passengers,1,0.99,0.99
172,41,Marc Dubois,France,2023-01-20 00:00:00,2023,01,2137,Theme From The Swan,Soundtrack,Original Soundtracks 1,Passengers,1,0.99,0.99
172,41,Marc Dubois,France,2023-01-20 00:00:00,2023,01,2143,Women In Uniform,Rock,The Beast Live,Paul D'Ianno,1,0.99,0.99
172,41,Marc Dubois,France,2023-01-20 00:00:00,2023,01,2149,Corduroy,Rock,Live On Two Legs [Live],Pearl Jam,1,0.99,0.99
172,41,Marc Dubois,France,2023-01-20 00:00:00,2023,01,2155,MFC,Rock,Live On Two Legs [Live],Pearl Jam,1,0.99,0.99
173,50,Enrique Muñoz,Spain,2023-01-25 00:00:00,2023,01,2164,F*Ckin' Up,Rock,Live On Two Legs [Live],Pearl Jam,1,0.99,0.99
173,50,Enrique Muñoz,Spain,2023-01-25 00:00:00,2023,01,2173,Gone,Alternative & Punk,Pearl Jam,Pearl Jam,1,0.99,0.99
173,50,Enrique Muñoz,Spain,2023-01-25 00:00:00,2023,01,2182,Ghost,Rock,Riot Act,Pearl Jam,1,0.99,0.99
173,50,Enrique Muñoz,Spain,2023-01-25 00:00:00,2023,01,2191,Arc,Rock,Riot Act,Pearl Jam,1,0.99,0.99
173,50,Enrique Muñoz,Spain,2023-01-25 00:00:00,2023,01,2200,Porch,Rock,Ten,Pearl Jam,1,0.99,0.99
173,50,Enrique Muñoz,Spain,2023-01-25 00:00:00,2023,01,2209,W.M.A.,Rock,Vs.,Pearl Jam,1,0.99,0.99
173,50,Enrique Muñoz,Spain,2023-01-25 00:00:00,2023,01,2218,Jah Seh No,Reggae,Greatest Hits,Lenny Kravitz,1,0.99,0.99
173,50,Enrique Muñoz,Spain,2023-01-25 00:00:00,2023,01,2227,Crystal Ball,Reggae,Greatest Hits,Lenny Kravitz,1,0.99,0.99
173,50,Enrique Muñoz,Spain,2023-01-25 00:00:00,2023,01,2236,Brain Damage,Rock,Dark Side Of The Moon,Pink Floyd,1,0.99,0.99
173,50,Enrique Muñoz,Spain,2023-01-25 00:00:00,2023,01,2245,O Bicho Tá Pregando,Hip Hop/Rap,Os Cães Ladram Mas A Caravana Não Pára,Planet Hemp,1,0.99,0.99
173,50,Enrique Muñoz,Spain,2023-01-25 00:00:00,2023,01,2254,Bohemian Rhapsody,Rock,Greatest Hits I,Queen,1,0.99,0.99
173,50,Enrique Muñoz,Spain,2023-01-25 00:00:00,2023,01,2263,Somebody To Love,Rock,Greatest Hits I,Queen,1,0.99,0.99
173,50,Enrique Muñoz,Spain,2023-01-25 00:00:00,2023,01,2272,We Are The Champions,Rock,News Of The World,Queen,1,0.99,0.99
173,50,Enrique Muñoz,Spain,2023-01-25 00:00:00,2023,01,2281,My Melancholy Blues,Rock,News Of The World,Queen,1,0.99,0.99
174,5,František Wichterlová,Czech Republic,2023-02-02 00:00:00,2023,02,2295,Untitled,Alternative & Punk,Green,R.E.M.,1,0.99,0.99
175,6,Helena Holý,Czech Republic,2023-02-15 00:00:00,2023,02,2296,How The West Was Won And Where It Got Us,Rock,New Adventures In Hi-Fi,R.E.M.,1,0.99,0.99
175,6,Helena Holý,Czech Republic,2023-02-15 00:00:00,2023,02,2297,The Wake-Up Bomb,Rock,New Adventures In Hi-Fi,R.E.M.,1,0.99,0.99
176,8,Daan Peeters,Belgium,2023-02-15 00:00:00,2023,02,2299,Undertow,Rock,New Adventures In Hi-Fi,R.E.M.,1,0.99,0.99
176,8,Daan Peeters,Belgium,2023-02-15 00:00:00,2023,02,2301,Leave,Rock,New Adventures In Hi-Fi,R.E.M.,1,0.99,0.99
177,10,Eduardo Martins,Brazil,2023-02-16 00:00:00,2023,02,2303,Bittersweet Me,Rock,New Adventures In Hi-Fi,R.E.M.,1,0.99,0.99
177,10,Eduardo Martins,Brazil,2023-02-16 00:00:00,2023,02,2305,Binky The Doormat,Rock,New Adventures In Hi-Fi,R.E.M.,1,0.99,0.99
177,10,Eduardo Martins,Brazil,2023-02-16 00:00:00,2023,02,2307,"So Fast, So Numb",Rock,New Adventures In Hi-Fi,R.E.M.,1,0.99,0.99
177,10,Eduardo Martins,Brazil,2023-02-16 00:00:00,2023,02,2309,Electrolite,Rock,New Adventures In Hi-Fi,R.E.M.,1,0.99,0.99
178,14,Mark Philips,Canada,2023-02-17 00:00:00,2023,02,2313,Endgame,Alternative & Punk,Out Of Time,R.E.M. Feat. Kate Pearson,1,0.99,0.99
178,14,Mark Philips,Canada,2023-02-17 00:00:00,2023,02,2317,Country Feedback,Alternative & Punk,Out Of Time,R.E.M. Feat. Kate Pearson,1,0.99,0.99
178,14,Mark Philips,Canada,2023-02-17 00:00:00,2023,02,2321,Talk About The Passion,Alternative & Punk,The Best Of R.E.M.: The IRS Years,R.E.M.,1,0.99,0.99
178,14,Mark Philips,Canada,2023-02-17 00:00:00,2023,02,2325,Green Grow The Rushes,Alternative & Punk,The Best Of R.E.M.: The IRS Years,R.E.M.,1,0.99,0.99
178,14,Mark Philips,Canada,2023-02-17 00:00:00,2023,02,2329,I Believe,Alternative & Punk,The Best Of R.E.M.: The IRS Years,R.E.M.,1,0.99,0.99
178,14,Mark Philips,Canada,2023-02-17 00:00:00,2023,02,2333,It's The End Of The World As We Know It (And I Feel Fine),Alternative & Punk,The Best Of R.E.M.: The IRS Years,R.E.M.,1,0.99,0.99
179,20,Dan Miller,USA,2023-02-20 00:00:00,2023,02,2339,Puteiro Em João Pessoa,Alternative & Punk,Cesta Básica,Raimundos,1,0.99,0.99
179,20,Dan Miller,USA,2023-02-20 00:00:00,2023,02,2345,O Dia Em Que A Terra Parou,Rock,Raul Seixas,Raul Seixas,1,0.99,0.99
179,20,Dan Miller,USA,2023-02-20 00:00:00,2023,02,2351,Todo Mundo Explica,Rock,Raul Seixas,Raul Seixas,1,0.99,0.99
179,20,Dan Miller,USA,2023-02-20 00:00:00,2023,02,2357,Rock Das Aranhas (Ao Vivo) (Live),Rock,Raul Seixas,Raul Seixas,1,0.99,0.99
179,20,Dan Miller,USA,2023-02-20 00:00:00,2023,02,2363,I Could Have Lied,Alternative & Punk,Blood Sugar Sex Magik,Red Hot Chili Peppers,1,0.99,0.99
179,20,Dan Miller,USA,2023-02-20 00:00:00,2023,02,2369,Naked In The Rain,Alternative & Punk,Blood Sugar Sex Magik,Red Hot Chili Peppers,1,0.99,0.99
179,20,Dan Miller,USA,2023-02-20 00:00:00,2023,02,2375,By The Way,Rock,By The Way,Red Hot Chili Peppers,1,0.99,0.99
179,20,Dan Miller,USA,2023-02-20 00:00:00,2023,02,2381,Can't Stop,Rock,By The Way,Red Hot Chili Peppers,1,0.99,0.99
179,20,Dan Miller,USA,2023-02-20 00:00:00,2023,02,2387,On Mercury,Rock,By The Way,Red Hot Chili Peppers,1,0.99,0.99
180,29,Robert Brown,Canada,2023-02-25 00:00:00,2023,02,2396,Californication,Rock,Californication,Red Hot Chili Peppers,1,0.99,0.99
180,29,Robert Brown,Canada,2023-02-25 00:00:00,2023,02,2405,Road Trippin',Rock,Californication,Red Hot Chili Peppers,1,0.99,0.99
180,29,Robert Brown,Canada,2023-02-25 00:00:00,2023,02,2414,Closer To The Heart,Rock,Retrospective I (1974-1980),Rush,1,0.99,0.99
180,29,Robert Brown,Canada,2023-02-25 00:00:00,2023,02,2423,Persuasion,Rock,Santana - As Years Go By,Santana,1,0.99,0.99
180,29,Robert Brown,Canada,2023-02-25 00:00:00,2023,02,2432,Funky Piano,Rock,Santana Live,Santana,1,0.99,0.99
180,29,Robert Brown,Canada,2023-02-25 00:00:00,2023,02,2441,Stars,Rock,Greatest Hits,Lenny Kravitz,1,0.99,0.99
180,29,Robert Brown,Canada,2023-02-25 00:00:00,2023,02,2450,Três Lados,Rock,Maquinarama,Skank,1,0.99,0.99
180,29,Robert Brown,Canada,2023-02-25 00:00:00,2023,02,2459,Ali,Rock,Maquinarama,Skank,1,0.99,0.99
180,29,Robert Brown,Canada,2023-02-25 00:00:00,2023,02,2468,Um Dia Qualquer,Rock,O Samba Poconé,Skank,1,0.99,0.99
180,29,Robert Brown,Canada,2023-02-25 00:00:00,2023,02,2477,My Mistake,Alternative & Punk,Judas 0: B-Sides and Rarities,Smashing Pumpkins,1,0.99,0.99
180,29,Robert Brown,Canada,2023-02-25 00:00:00,2023,02,2486,Soot & Stars,Alternative & Punk,Judas 0: B-Sides and Rarities,Smashing Pumpkins,1,0.99,0.99
180,29,Robert Brown,Canada,2023-02-25 00:00:00,2023,02,2495,Bullet With Butterfly Wings,Alternative & Punk,Rotten Apples: Greatest Hits,Smashing Pumpkins,1,0.99,0.99
180,29,Robert Brown,Canada,2023-02-25 00:00:00,2023,02,2504,Real Love,Alternative & Punk,Rotten Apples: Greatest Hits,Smashing Pumpkins,1,0.99,0.99
180,29,Robert Brown,Canada,2023-02-25 00:00:00,2023,02,2513,Rusty Cage,Rock,A-Sides,Soundgarden,1,0.99,0.99
181,43,Isabelle Mercier,France,2023-03-05 00:00:00,2023,03,2527,Starburst,Jazz,Morning Dance,Spyro Gyra,1,0.99,0.99
182,44,Terhi Hämäläinen,Finland,2023-03-18 00:00:00,2023,03,2528,Heliopolis,Jazz,Morning Dance,Spyro Gyra,1,0.99,0.99
182,44,Terhi Hämäläinen,Finland,2023-03-18 00:00:00,2023,03,2529,It Doesn't Matter,Jazz,Morning Dance,Spyro Gyra,1,0.99,0.99
183,46,Hugh O'Reilly,Ireland,2023-03-18 00:00:00,2023,03,2531,End Of Romanticism,Jazz,Morning Dance,Spyro Gyra,1,0.99,0.99
183,46,Hugh O'Reilly,Ireland,2023-03-18 00:00:00,2023,03,2533,Crossfire,Blues,In Step,Stevie Ray Vaughan & Double Trouble,1,0.99,0.99
184,48,Johannes Van der Berg,Netherlands,2023-03-19 00:00:00,2023,03,2535,Let Me Love You Baby,Blues,In Step,Stevie Ray Vaughan & Double Trouble,1,0.99,0.99
184,48,Johannes Van der Berg,Netherlands,2023-03-19 00:00:00,2023,03,2537,Travis Walk,Blues,In Step,Stevie Ray Vaughan & Double Trouble,1,0.99,0.99
184,48,Johannes Van der Berg,Netherlands,2023-03-19 00:00:00,2023,03,2539,Scratch-N-Sniff,Blues,In Step,Stevie Ray Vaughan & Double Trouble,1,0.99,0.99
184,48,Johannes Van der Berg,Netherlands,2023-03-19 00:00:00,2023,03,2541,Riviera Paradise,Blues,In Step,Stevie Ray Vaughan & Double Trouble,1,0.99,0.99
185,52,Emma Jones,United Kingdom,2023-03-20 00:00:00,2023,03,2545,No Memory,Rock,Core,Stone Temple Pilots,1,0.99,0.99
185,52,Emma Jones,United Kingdom,2023-03-20 00:00:00,2023,03,2549,Piece Of Pie,Rock,Core,Stone Temple Pilots,1,0.99,0.99
185,52,Emma Jones,United Kingdom,2023-03-20 00:00:00,2023,03,2553,Where The River Goes,Rock,Core,Stone Temple Pilots,1,0.99,0.99
185,52,Emma Jones,United Kingdom,2023-03-20 00:00:00,2023,03,2557,Cigaro,Metal,Mezmerize,System Of A Down,1,0.99,0.99
185,52,Emma Jones,United Kingdom,2023-03-20 00:00:00,2023,03,2561,Question!,Metal,Mezmerize,System Of A Down,1,0.99,0.99
185,52,Emma Jones,United Kingdom,2023-03-20 00:00:00,2023,03,2565,The Sun Road,Rock,[1997] Black Light Syndrome,"Terry Bozzio, Tony Levin & Steve Stevens",1,0.99,0.99
186,58,Manoj Pareek,India,2023-03-23 00:00:00,2023,03,2571,Chaos-Control,Rock,[1997] Black Light Syndrome,"Terry Bozzio, Tony Levin & Steve Stevens",1,0.99,0.99
186,58,Manoj Pareek,India,2023-03-23 00:00:00,2023,03,2577,Cursed Diamonds,Blues,Live [Disc 1],The Black Crowes,1,0.99,0.99
186,58,Manoj Pareek,India,2023-03-23 00:00:00,2023,03,2583,High Head Blues,Blues,Live [Disc 2],The Black Crowes,1,0.99,0.99
186,58,Manoj Pareek,India,2023-03-23 00:00:00,2023,03,2589,Hard To Handle,Blues,Live [Disc 2],The Black Crowes,1,0.99,0.99
186,58,Manoj Pareek,India,2023-03-23 00:00:00,2023,03,2595,(White Man) In Hammersmith Palais,Alternative & Punk,The Singles,The Clash,1,0.99,0.99
186,58,Manoj Pareek,India,2023-03-23 00:00:00,2023,03,2601,Bankrobber,Alternative & Punk,The Singles,The Clash,1,0.99,0.99
186,58,Manoj Pareek,India,2023-03-23 00:00:00,2023,03,2607,Rock The Casbah,Alternative & Punk,The Singles,The Clash,1,0.99,0.99
186,58,Manoj Pareek,India,2023-03-23 00:00:00,2023,03,2613,Breathe,Rock,Beyond Good And Evil,The Cult,1,0.99,0.99
186,58,Manoj Pareek,India,2023-03-23 00:00:00,2023,03,2619,True Believers,Rock,Beyond Good And Evil,The Cult,1,0.99,0.99
187,8,Daan Peeters,Belgium,2023-03-28 00:00:00,2023,03,2628,Love Removal Machine,Rock,"Pure Cult: The Best Of The Cult (For Rockers, Ravers, Lovers & Sinners) [UK]",The Cult,1,0.99,0.99
187,8,Daan Peeters,Belgium,2023-03-28 00:00:00,2023,03,2637,Sweet Soul Sister,Rock,"Pure Cult: The Best Of The Cult (For Rockers, Ravers, Lovers & Sinners) [UK]",The Cult,1,0.99,0.99
187,8,Daan Peeters,Belgium,2023-03-28 00:00:00,2023,03,2646,I Looked At You,Rock,The Doors,The Doors,1,0.99,0.99
187,8,Daan Peeters,Belgium,2023-03-28 00:00:00,2023,03,2655,"De Do Do Do, De Da Da Da",Rock,The Police Greatest Hits,The Police,1,0.99,0.99
187,8,Daan Peeters,Belgium,2023-03-28 00:00:00,2023,03,2664,Time Is On My Side,Rock,"Hot Rocks, 1964-1971 (Disc 1)",The Rolling Stones,1,0.99,0.99
187,8,Daan Peeters,Belgium,2023-03-28 00:00:00,2023,03,2673,Under My Thumb,Rock,"Hot Rocks, 1964-1971 (Disc 1)",The Rolling Stones,1,0.99,0.99
187,8,Daan Peeters,Belgium,2023-03-28 00:00:00,2023,03,2682,Saint Of Me,Rock,No Security,The Rolling Stones,1,0.99,0.99
187,8,Daan Peeters,Belgium,2023-03-28 00:00:00,2023,03,2691,You Got Me Rocking,Rock,Voodoo Lounge,The Rolling Stones,1,0.99,0.99
187,8,Daan Peeters,Belgium,2023-03-28 00:00:00,2023,03,2700,Suck On The Jugular,Rock,Voodoo Lounge,The Rolling Stones,1,0.99,0.99
187,8,Daan Peeters,Belgium,2023-03-28 00:00:00,2023,03,2709,Sister Awake,Alternative & Punk,Tangents,The Tea Party,1,0.99,0.99
187,8,Daan Peeters,Belgium,2023-03-28 00:00:00,2023,03,2718,Life Line,Alternative & Punk,Tangents,The Tea Party,1,0.99,0.99
187,8,Daan Peeters,Belgium,2023-03-28 00:00:00,2023,03,2727,Babylon,Alternative & Punk,Transmission,The Tea Party,1,0.99,0.99
187,8,Daan Peeters,Belgium,2023-03-28 00:00:00,2023,03,2736,Boris The Spider,Rock,My Generation - The Very Best Of The Who,The Who,1,0.99,0.99
187,8,Daan Peeters,Belgium,2023-03-28 00:00:00,2023,03,2745,Let's See Action,Rock,My Generation - The Very Best Of The Who,The Who,1,0.99,0.99
188,22,Heather Leacock,USA,2023-04-05 00:00:00,2023,04,2759,Música No Ar,Latin,Serie Sem Limite (Disc 1),Tim Maia,1,0.99,0.99
189,23,John Gordon,USA,2023-04-18 00:00:00,2023,04,2760,Salve Nossa Senhora,Latin,Serie Sem Limite (Disc 1),Tim Maia,1,0.99,0.99
189,23,John Gordon,USA,2023-04-18 00:00:00,2023,04,2761,Você Fugiu,Latin,Serie Sem Limite (Disc 1),Tim Maia,1,0.99,0.99
190,25,Victor Stevens,USA,2023-04-18 00:00:00,2023,04,2763,Compadre,Latin,Serie Sem Limite (Disc 1),Tim Maia,1,0.99,0.99
190,25,Victor Stevens,USA,2023-04-18 00:00:00,2023,04,2765,Réu Confesso,Latin,Serie Sem Limite (Disc 1),Tim Maia,1,0.99,0.99
191,27,Patrick Gray,USA,2023-04-19 00:00:00,2023,04,2767,Gostava Tanto De Você,Latin,Serie Sem Limite (Disc 2),Tim Maia,1,0.99,0.99
191,27,Patrick Gray,USA,2023-04-19 00:00:00,2023,04,2769,Não Quero Dinheiro,Latin,Serie Sem Limite (Disc 2),Tim Maia,1,0.99,0.99
191,27,Patrick Gray,USA,2023-04-19 00:00:00,2023,04,2771,A Festa Do Santo Reis,Latin,Serie Sem Limite (Disc 2),Tim Maia,1,0.99,0.99
191,27,Patrick Gray,USA,2023-04-19 00:00:00,2023,04,2773,Padre Cícero,Latin,Serie Sem Limite (Disc 2),Tim Maia,1,0.99,0.99
192,31,Martha Silk,Canada,2023-04-20 00:00:00,2023,04,2777,Balanço,Latin,Serie Sem Limite (Disc 2),Tim Maia,1,0.99,0.99
192,31,Martha Silk,Canada,2023-04-20 00:00:00,2023,04,2781,Comida,Alternative & Punk,Acústico,Titãs,1,0.99,0.99
192,31,Martha Silk,Canada,2023-04-20 00:00:00,2023,04,2785,Os Cegos Do Castelo,Alternative & Punk,Acústico,Titãs,1,0.99,0.99
192,31,Martha Silk,Canada,2023-04-20 00:00:00,2023,04,2789,Flores,Alternative & Punk,Acústico,Titãs,1,0.99,0.99
192,31,Martha Silk,Canada,2023-04-20 00:00:00,2023,04,2793,Cabeça Dinossauro,Alternative & Punk,Acústico,Titãs,1,0.99,0.99
192,31,Martha Silk,Canada,2023-04-20 00:00:00,2023,04,2797,Homem Primata (Vinheta),Alternative & Punk,Acústico,Titãs,1,0.99,0.99
193,37,Fynn Zimmermann,Germany,2023-04-23 00:00:00,2023,04,2803,Sonifera Ilha,Alternative & Punk,Volume Dois,Titãs,1,0.99,0.99
193,37,Fynn Zimmermann,Germany,2023-04-23 00:00:00,2023,04,2809,Amanhã Não Se Sabe,Alternative & Punk,Volume Dois,Titãs,1,0.99,0.99
193,37,Fynn Zimmermann,Germany,2023-04-23 00:00:00,2023,04,2815,Eu E Ela,Alternative & Punk,Volume Dois,Titãs,1,0.99,0.99
193,37,Fynn Zimmermann,Germany,2023-04-23 00:00:00,2023,04,2821,"Exodus, Pt. 1",TV Shows,"Battlestar Galactica, Season 3",Battlestar Galactica,1,1.99,1.99
193,37,Fynn Zimmermann,Germany,2023-04-23 00:00:00,2023,04,2827,Unfinished Business,Science Fiction,"Battlestar Galactica, Season 3",Battlestar Galactica,1,1.99,1.99
193,37,Fynn Zimmermann,Germany,2023-04-23 00:00:00,2023,04,2833,A Day In the Life,Science Fiction,"Battlestar Galactica, Season 3",Battlestar Galactica,1,1.99,1.99
193,37,Fynn Zimmermann,Germany,2023-04-23 00:00:00,2023,04,2839,Genesis,TV Shows,"Heroes, Season 1",Heroes,1,1.99,1.99
193,37,Fynn Zimmermann,Germany,2023-04-23 00:00:00,2023,04,2845,Nothing to Hide,TV Shows,"Heroes, Season 1",Heroes,1,1.99,1.99
193,37,Fynn Zimmermann,Germany,2023-04-23 00:00:00,2023,04,2851,Distractions,Drama,"Heroes, Season 1",Heroes,1,1.99,1.99
194,46,Hugh O'Reilly,Ireland,2023-04-28 00:00:00,2023,04,2860,Adrift,TV Shows,"Lost, Season 2",Lost,1,1.99,1.99
194,46,Hugh O'Reilly,Ireland,2023-04-28 00:00:00,2023,04,2869,...And Found,TV Shows,"Lost, Season 2",Lost,1,1.99,1.99
194,46,Hugh O'Reilly,Ireland,2023-04-28 00:00:00,2023,04,2878,The Other 48 Days,TV Shows,"Lost, Season 2",Lost,1,1.99,1.99
194,46,Hugh O'Reilly,Ireland,2023-04-28 00:00:00,2023,04,2887,The 23rd Psalm,TV Shows,"Lost, Season 2",Lost,1,1.99,1.99
194,46,Hugh O'Reilly,Ireland,2023-04-28 00:00:00,2023,04,2896,The Long Con,TV Shows,"Lost, Season 2",Lost,1,1.99,1.99
194,46,Hugh O'Reilly,Ireland,2023-04-28 00:00:00,2023,04,2905,The Whole Truth,Drama,"Lost, Season 2",Lost,1,1.99,1.99
194,46,Hugh O'Reilly,Ireland,2023-04-28 00:00:00,2023,04,2914,S.O.S.,TV Shows,"Lost, Season 2",Lost,1,1.99,1.99
194,46,Hugh O'Reilly,Ireland,2023-04-28 00:00:00,2023,04,2923,Exodus (Part 2) [Season Finale],TV Shows,"Lost, Season 1",Lost,1,1.99,1.99
194,46,Hugh O'Reilly,Ireland,2023-04-28 00:00:00,2023,04,2932,The Fly,Rock,Achtung Baby,U2,1,0.99,0.99
194,46,Hugh O'Reilly,Ireland,2023-04-28 00:00:00,2023,04,2941,Walk On,Rock,All That You Can't Leave Behind,U2,1,0.99,0.99
194,46,Hugh O'Reilly,Ireland,2023-04-28 00:00:00,2023,04,2950,Spanish Eyes,Rock,B-Sides 1980-1990,U2,1,0.99,0.99
194,46,Hugh O'Reilly,Ireland,2023-04-28 00:00:00,2023,04,2959,Hallelujah Here She Comes,Rock,B-Sides 1980-1990,U2,1,0.99,0.99
194,46,Hugh O'Reilly,Ireland,2023-04-28 00:00:00,2023,04,2968,City Of Blinding Lights,Rock,How To Dismantle An Atomic Bomb,U2,1,0.99,0.99
194,46,Hugh O'Reilly,Ireland,2023-04-28 00:00:00,2023,04,2977,Mofo,Rock,Pop,U2,1,0.99,0.99
195,1,Luís Gonçalves,Brazil,2023-05-06 00:00:00,2023,05,2991,All Along The Watchtower,Rock,Rattle And Hum,U2,1,0.99,0.99
196,2,Leonie Köhler,Germany,2023-05-19 00:00:00,2023,05,2992,I Still Haven't Found What I'm Looking for,Rock,Rattle And Hum,U2,1,0.99,0.99
196,2,Leonie Köhler,Germany,2023-05-19 00:00:00,2023,05,2993,Freedom For My People,Rock,Rattle And Hum,U2,1,0.99,0.99
197,4,Bjørn Hansen,Norway,2023-05-19 00:00:00,2023,05,2995,Pride (In The Name Of Love),Rock,Rattle And Hum,U2,1,0.99,0.99
197,4,Bjørn Hansen,Norway,2023-05-19 00:00:00,2023,05,2997,Love Rescue Me,Rock,Rattle And Hum,U2,1,0.99,0.99
198,6,Helena Holý,Czech Republic,2023-05-20 00:00:00,2023,05,2999,Heartland,Rock,Rattle And Hum,U2,1,0.99,0.99
198,6,Helena Holý,Czech Republic,2023-05-20 00:00:00,2023,05,3001,The Star Spangled Banner,Rock,Rattle And Hum,U2,1,0.99,0.99
198,6,Helena Holý,Czech Republic,2023-05-20 00:00:00,2023,05,3003,All I Want Is You,Rock,Rattle And Hum,U2,1,0.99,0.99
198,6,Helena Holý,Czech Republic,2023-05-20 00:00:00,2023,05,3005,New Year's Day,Rock,The Best Of 1980-1990,U2,1,0.99,0.99
199,10,Eduardo Martins,Brazil,2023-05-21 00:00:00,2023,05,3009,Bad,Rock,The Best Of 1980-1990,U2,1,0.99,0.99
199,10,Eduardo Martins,Brazil,2023-05-21 00:00:00,2023,05,3013,Sweetest Thing,Rock,The Best Of 1980-1990,U2,1,0.99,0.99
199,10,Eduardo Martins,Brazil,2023-05-21 00:00:00,2023,05,3017,All I Want Is You,Rock,The Best Of 1980-1990,U2,1,0.99,0.99
199,10,Eduardo Martins,Brazil,2023-05-21 00:00:00,2023,05,3021,Like A Song...,Rock,War,U2,1,0.99,0.99
199,10,Eduardo Martins,Brazil,2023-05-21 00:00:00,2023,05,3025,Red Light,Rock,War,U2,1,0.99,0.99
199,10,Eduardo Martins,Brazil,2023-05-21 00:00:00,2023,05,3029,Babyface,Rock,Zooropa,U2,1,0.99,0.99
200,16,Frank Harris,USA,2023-05-24 00:00:00,2023,05,3035,The First Time,Rock,Zooropa,U2,1,0.99,0.99
200,16,Frank Harris,USA,2023-05-24 00:00:00,2023,05,3041,Homely Girl,Reggae,UB40 The Best Of - Volume Two [UK],UB40,1,0.99,0.99
200,16,Frank Harris,USA,2023-05-24 00:00:00,2023,05,3047,Bring Me Your Cup,Reggae,UB40 The Best Of - Volume Two [UK],UB40,1,0.99,0.99
200,16,Frank Harris,USA,2023-05-24 00:00:00,2023,05,3053,Hang 'Em High,Rock,Diver Down,Van Halen,1,0.99,0.99
200,16,Frank Harris,USA,2023-05-24 00:00:00,2023,05,3059,Little Guitars (Intro),Rock,Diver Down,Van Halen,1,0.99,0.99
200,16,Frank Harris,USA,2023-05-24 00:00:00,2023,05,3065,Ain't Talkin' 'bout Love,Rock,"The Best Of Van Halen, Vol. I",Van Halen,1,0.99,0.99
200,16,Frank Harris,USA,2023-05-24 00:00:00,2023,05,3071,Panama,Rock,"The Best Of Van Halen, Vol. I",Van Halen,1,0.99,0.99
200,16,Frank Harris,USA,2023-05-24 00:00:00,2023,05,3077,Can't Stop Loving You,Rock,"The Best Of Van Halen, Vol. I",Van Halen,1,0.99,0.99
200,16,Frank Harris,USA,2023-05-24 00:00:00,2023,05,3083,You Really Got Me,Rock,Van Halen,Van Halen,1,0.99,0.99
201,25,Victor Stevens,USA,2023-05-29 00:00:00,2023,05,3092,Neworld,Rock,Van Halen III,Van Halen,1,0.99,0.99
201,25,Victor Stevens,USA,2023-05-29 00:00:00,2023,05,3101,Primary,Rock,Van Halen III,Van Halen,1,0.99,0.99
201,25,Victor Stevens,USA,2023-05-29 00:00:00,2023,05,3110,Headspace,Rock,Contraband,Velvet Revolver,1,0.99,0.99
201,25,Victor Stevens,USA,2023-05-29 00:00:00,2023,05,3119,Tudo Na Mais Santa Paz,Latin,Vinicius De Moraes,Vinícius De Moraes,1,0.99,0.99
201,25,Victor Stevens,USA,2023-05-29 00:00:00,2023,05,3128,Samba Do Jato,Latin,Vinicius De Moraes,Vinícius De Moraes,1,0.99,0.99
201,25,Victor Stevens,USA,2023-05-29 00:00:00,2023,05,3137,Now You're Gone,Metal,Greatest Hits,Lenny Kravitz,1,0.99,0.99
201,25,Victor Stevens,USA,2023-05-29 00:00:00,2023,05,3146,Faixa Amarela,Latin,Ao Vivo [IMPORT],Zeca Pagodinho,1,0.99,0.99
201,25,Victor Stevens,USA,2023-05-29 00:00:00,2023,05,3155,Sem Essa de Malandro Agulha,Latin,Ao Vivo [IMPORT],Zeca Pagodinho,1,0.99,0.99
201,25,Victor Stevens,USA,2023-05-29 00:00:00,2023,05,3164,Verdade,Latin,Ao Vivo [IMPORT],Zeca Pagodinho,1,0.99,0.99
201,25,Victor Stevens,USA,2023-05-29 00:00:00,2023,05,3173,Diversity Day,TV Shows,"The Office, Season 1",The Office,1,1.99,1.99
201,25,Victor Stevens,USA,2023-05-29 00:00:00,2023,05,3182,Halloween,TV Shows,"The Office, Season 2",The Office,1,1.99,1.99
201,25,Victor Stevens,USA,2023-05-29 00:00:00,2023,05,3191,The Carpet,TV Shows,"The Office, Season 2",The Office,1,1.99,1.99
201,25,Victor Stevens,USA,2023-05-29 00:00:00,2023,05,3200,Gay Witch Hunt,TV Shows,"The Office, Season 3",The Office,1,1.99,1.99
201,25,Victor Stevens,USA,2023-05-29 00:00:00,2023,05,3209,"A Benihana Christmas, Pts. 1 & 2",Comedy,"The Office, Season 3",The Office,1,1.99,1.99
202,39,Camille Bernard,France,2023-06-06 00:00:00,2023,06,3223,How to Stop an Exploding Man,Drama,"Heroes, Season 1",Heroes,1,1.99,1.99
203,40,Dominique Lefebvre,France,2023-06-19 00:00:00,2023,06,3224,Through a Looking Glass,Drama,"Lost, Season 3",Lost,1,1.99,1.99
203,40,Dominique Lefebvre,France,2023-06-19 00:00:00,2023,06,3225,Your Time Is Gonna Come,Rock,Un-Led-Ed,Dread Zeppelin,1,0.99,0.99
204,42,Wyatt Girard,France,2023-06-19 00:00:00,2023,06,3227,"Battlestar Galactica, Pt. 2",Sci Fi & Fantasy,"Battlestar Galactica (Classic), Season 1",Battlestar Galactica (Classic),1,1.99,1.99
204,42,Wyatt Girard,France,2023-06-19 00:00:00,2023,06,3229,"Lost Planet of the Gods, Pt. 1",Sci Fi & Fantasy,"Battlestar Galactica (Classic), Season 1",Battlestar Galactica (Classic),1,1.99,1.99
205,44,Terhi Hämäläinen,Finland,2023-06-20 00:00:00,2023,06,3231,The Lost Warrior,Sci Fi & Fantasy,"Battlestar Galactica (Classic), Season 1",Battlestar Galactica (Classic),1,1.99,1.99
205,44,Terhi Hämäläinen,Finland,2023-06-20 00:00:00,2023,06,3233,"The Gun On Ice Planet Zero, Pt. 1",Sci Fi & Fantasy,"Battlestar Galactica (Classic), Season 1",Battlestar Galactica (Classic),1,1.99,1.99
205,44,Terhi Hämäläinen,Finland,2023-06-20 00:00:00,2023,06,3235,The Magnificent Warriors,Sci Fi & Fantasy,"Battlestar Galactica (Classic), Season 1",Battlestar Galactica (Classic),1,1.99,1.99
205,44,Terhi Hämäläinen,Finland,2023-06-20 00:00:00,2023,06,3237,"The Living Legend, Pt. 1",Sci Fi & Fantasy,"Battlestar Galactica (Classic), Season 1",Battlestar Galactica (Classic),1,1.99,1.99
206,48,Johannes Van der Berg,Netherlands,2023-06-21 00:00:00,2023,06,3241,"War of the Gods, Pt. 2",Sci Fi & Fantasy,"Battlestar Galactica (Classic), Season 1",Battlestar Galactica (Classic),1,1.99,1.99
206,48,Johannes Van der Berg,Netherlands,2023-06-21 00:00:00,2023,06,3245,"Greetings from Earth, Pt. 2",Sci Fi & Fantasy,"Battlestar Galactica (Classic), Season 1",Battlestar Galactica (Classic),1,1.99,1.99
206,48,Johannes Van der Berg,Netherlands,2023-06-21 00:00:00,2023,06,3249,The Hand of God,Sci Fi & Fantasy,"Battlestar Galactica (Classic), Season 1",Battlestar Galactica (Classic),1,1.99,1.99
206,48,Johannes Van der Berg,Netherlands,2023-06-21 00:00:00,2023,06,3253,Instant Karma,Pop,Instant Karma: The Amnesty International Campaign to Save Darfur,U2,1,0.99,0.99
206,48,Johannes Van der Berg,Netherlands,2023-06-21 00:00:00,2023,06,3257,Cold Turkey,Pop,Instant Karma: The Amnesty International Campaign to Save Darfur,U2,1,0.99,0.99
206,48,Johannes Van der Berg,Netherlands,2023-06-21 00:00:00,2023,06,3261,"Oh, My Love",Pop,Instant Karma: The Amnesty International Campaign to Save Darfur,U2,1,0.99,0.99
207,54,Steve Murray,United Kingdom,2023-06-24 00:00:00,2023,06,3267,Imagine,Pop,Instant Karma: The Amnesty International Campaign to Save Darfur,U2,1,0.99,0.99
207,54,Steve Murray,United Kingdom,2023-06-24 00:00:00,2023,06,3273,[Just Like] Starting Over,Pop,Instant Karma: The Amnesty International Campaign to Save Darfur,U2,1,0.99,0.99
207,54,Steve Murray,United Kingdom,2023-06-24 00:00:00,2023,06,3279,Fairies Wear Boots,Rock,Speak of the Devil,Ozzy Osbourne,1,0.99,0.99
207,54,Steve Murray,United Kingdom,2023-06-24 00:00:00,2023,06,3285,"Sabbath, Bloody Sabbath",Rock,Speak of the Devil,Ozzy Osbourne,1,0.99,0.99
207,54,Steve Murray,United Kingdom,2023-06-24 00:00:00,2023,06,3291,Loving You Sunday Morning,Rock,20th Century Masters - The Millennium Collection: The Best of Scorpions,Scorpions,1,0.99,0.99
207,54,Steve Murray,United Kingdom,2023-06-24 00:00:00,2023,06,3297,Tease Me Please Me,Rock,20th Century Masters - The Millennium Collection: The Best of Scorpions,Scorpions,1,0.99,0.99
207,54,Steve Murray,United Kingdom,2023-06-24 00:00:00,2023,06,3303,Top O' The Morning To Ya,Hip Hop/Rap,House of Pain,House Of Pain,1,0.99,0.99
207,54,Steve Murray,United Kingdom,2023-06-24 00:00:00,2023,06,3309,Guess Who's Back,Hip Hop/Rap,House of Pain,House Of Pain,1,0.99,0.99
207,54,Steve Murray,United Kingdom,2023-06-24 00:00:00,2023,06,3315,Feel It,Hip Hop/Rap,House of Pain,House Of Pain,1,0.99,0.99
208,4,Bjørn Hansen,Norway,2023-06-29 00:00:00,2023,06,3324,Um Lugar ao Sol,Electronica/Dance,Radio Brasil (O Som da Jovem Vanguarda) - Seleccao de Henrique Amaro,O Rappa,1,0.99,0.99
208,4,Bjørn Hansen,Norway,2023-06-29 00:00:00,2023,06,3333,Chega no Suingue,Electronica/Dance,Radio Brasil (O Som da Jovem Vanguarda) - Seleccao de Henrique Amaro,O Rappa,1,0.99,0.99
208,4,Bjørn Hansen,Norway,2023-06-29 00:00:00,2023,06,3342,The Economist,Drama,"LOST, Season 4",Lost,1,1.99,1.99
208,4,Bjørn Hansen,Norway,2023-06-29 00:00:00,2023,06,3351,Din Din Wo (Little Child),World,Muso Ko,Habib Koité and Bamada,1,0.99,0.99
208,4,Bjørn Hansen,Norway,2023-06-29 00:00:00,2023,06,3360,Something Nice Back Home,Drama,"LOST, Season 4",Lost,1,1.99,1.99
208,4,Bjørn Hansen,Norway,2023-06-29 00:00:00,2023,06,3369,Call Me a Dog,Alternative,Temple of the Dog,Temple of the Dog,1,0.99,0.99
208,4,Bjørn Hansen,Norway,2023-06-29 00:00:00,2023,06,3378,Safe and Sound,Alternative,Carry On,Chris Cornell,1,0.99,0.99
208,4,Bjørn Hansen,Norway,2023-06-29 00:00:00,2023,06,3387,Disappearing Act,Alternative,Carry On,Chris Cornell,1,0.99,0.99
208,4,Bjørn Hansen,Norway,2023-06-29 00:00:00,2023,06,3396,Shape of Things to Come,Alternative,Revelations,Audioslave,1,0.99,0.99
208,4,Bjørn Hansen,Norway,2023-06-29 00:00:00,2023,06,3405,Canon and Gigue in D Major: I. Canon,Classical,Pachelbel: Canon & Gigue,English Concert & Trevor Pinnock,1,0.99,0.99
208,4,Bjørn Hansen,Norway,2023-06-29 00:00:00,2023,06,3414,"Symphony No. 104 in D Major ""London"": IV. Finale: Spiritoso",Classical,Haydn: Symphonies 99 - 104,Royal Philharmonic Orchestra & Sir Thomas Beecham,1,0.99,0.99
208,4,Bjørn Hansen,Norway,2023-06-29 00:00:00,2023,06,3423,"Jupiter, the Bringer of Jollity",Classical,"Holst: The Planets, Op. 32 & Vaughan Williams: Fantasies",Eugene Ormandy,1,0.99,0.99
208,4,Bjørn Hansen,Norway,2023-06-29 00:00:00,2023,06,3432,"Scheherazade, Op. 35: I. The Sea and Sindbad's Ship",Classical,Scheherazade,Chicago Symphony Orchestra & Fritz Reiner,1,0.99,0.99
208,4,Bjørn Hansen,Norway,2023-06-29 00:00:00,2023,06,3441,Two Fanfares for Orchestra: II. Short Ride in a Fast Machine,Classical,"Adams, John: The Chairman Dances",Edo de Waart & San Francisco Symphony,1,0.99,0.99
209,18,Michelle Brooks,USA,2023-07-07 00:00:00,2023,07,3455,Rehab,R&B/Soul,Back to Black,Amy Winehouse,1,0.99,0.99
210,19,Tim Goyer,USA,2023-07-20 00:00:00,2023,07,3456,You Know I'm No Good,R&B/Soul,Back to Black,Amy Winehouse,1,0.99,0.99
210,19,Tim Goyer,USA,2023-07-20 00:00:00,2023,07,3457,Me & Mr. Jones,R&B/Soul,Back to Black,Amy Winehouse,1,0.99,0.99
211,21,Kathy Chase,USA,2023-07-20 00:00:00,2023,07,3459,Back to Black,R&B/Soul,Back to Black,Amy Winehouse,1,0.99,0.99
211,21,Kathy Chase,USA,2023-07-20 00:00:00,2023,07,3461,Tears Dry On Their Own,R&B/Soul,Back to Black,Amy Winehouse,1,0.99,0.99
212,23,John Gordon,USA,2023-07-21 00:00:00,2023,07,3463,Some Unholy War,R&B/Soul,Back to Black,Amy Winehouse,1,0.99,0.99
212,23,John Gordon,USA,2023-07-21 00:00:00,2023,07,3465,You Know I'm No Good (feat. Ghostface Killah),R&B/Soul,Back to Black,Amy Winehouse,1,0.99,0.99
212,23,John Gordon,USA,2023-07-21 00:00:00,2023,07,3467,Intro / Stronger Than Me,Pop,Frank,Amy Winehouse,1,0.99,0.99
212,23,John Gordon,USA,2023-07-21 00:00:00,2023,07,3469,F**k Me Pumps,Pop,Frank,Amy Winehouse,1,0.99,0.99
213,27,Patrick Gray,USA,2023-07-22 00:00:00,2023,07,3473,Take the Box,Pop,Frank,Amy Winehouse,1,0.99,0.99
213,27,Patrick Gray,USA,2023-07-22 00:00:00,2023,07,3477,Amy Amy Amy (Outro),Pop,Frank,Amy Winehouse,1,0.99,0.99
213,27,Patrick Gray,USA,2023-07-22 00:00:00,2023,07,3481,"A Midsummer Night's Dream, Op.61 Incidental Music: No.7 Notturno",Classical,Mendelssohn: A Midsummer Night's Dream,Philharmonia Orchestra & Sir Neville Marriner,1,0.99,0.99
213,27,Patrick Gray,USA,2023-07-22 00:00:00,2023,07,3485,"Symphony No. 3 Op. 36 for Orchestra and Soprano ""Symfonia Piesni Zalosnych"" \ Lento E Largo - Tranquillissimo",Classical,Górecki: Symphony No. 3,Adrian Leaper & Doreen de Feis,1,0.99,0.99
213,27,Patrick Gray,USA,2023-07-22 00:00:00,2023,07,3489,Symphony No. 2: III. Allegro vivace,Classical,Weill: The Seven Deadly Sins,Kent Nagano and Orchestre de l'Opéra de Lyon,1,0.99,0.99
213,27,Patrick Gray,USA,2023-07-22 00:00:00,2023,07,3493,"Metopes, Op. 29: Calypso",Classical,"Szymanowski: Piano Works, Vol. 1",Martin Roscoe,1,0.99,0.99
214,33,Ellie Sullivan,Canada,2023-07-25 00:00:00,2023,07,3499,Pini Di Roma (Pinien Von Rom) \ I Pini Della Via Appia,Classical,Respighi:Pines of Rome,Eugene Ormandy,1,0.99,0.99
214,33,Ellie Sullivan,Canada,2023-07-25 00:00:00,2023,07,2,Balls to the Wall,Rock,Balls to the Wall,Accept,1,0.99,0.99
214,33,Ellie Sullivan,Canada,2023-07-25 00:00:00,2023,07,8,Inject The Venom,Rock,For Those About To Rock We Salute You,AC/DC,1,0.99,0.99
214,33,Ellie Sullivan,Canada,2023-07-25 00:00:00,2023,07,14,Spellbound,Rock,For Those About To Rock We Salute You,AC/DC,1,0.99,0.99
214,33,Ellie Sullivan,Canada,2023-07-25 00:00:00,2023,07,20,Overdose,Rock,Let There Be Rock,AC/DC,1,0.99,0.99
214,33,Ellie Sullivan,Canada,2023-07-25 00:00:00,2023,07,26,What It Takes,Rock,Big Ones,Aerosmith,1,0.99,0.99
214,33,Ellie Sullivan,Canada,2023-07-25 00:00:00,2023,07,32,Deuces Are Wild,Rock,Big Ones,Aerosmith,1,0.99,0.99
214,33,Ellie Sullivan,Canada,2023-07-25 00:00:00,2023,07,38,All I Really Want,Rock,Jagged Little Pill,Alanis Morissette,1,0.99,0.99
214,33,Ellie Sullivan,Canada,2023-07-25 00:00:00,2023,07,44,You Learn,Rock,Jagged Little Pill,Alanis Morissette,1,0.99,0.99
215,42,Wyatt Girard,France,2023-07-30 00:00:00,2023,07,53,Sea Of Sorrow,Rock,Facelift,Alice In Chains,1,0.99,0.99
215,42,Wyatt Girard,France,2023-07-30 00:00:00,2023,07,62,Real Thing,Rock,Facelift,Alice In Chains,1,0.99,0.99
215,42,Wyatt Girard,France,2023-07-30 00:00:00,2023,07,71,Falando De Amor,Jazz,Warner 25 Anos,Antônio Carlos Jobim,1,0.99,0.99
215,42,Wyatt Girard,France,2023-07-30 00:00:00,2023,07,80,The Unforgiven,Metal,Plays Metallica By Four Cellos,Apocalyptica,1,0.99,0.99
215,42,Wyatt Girard,France,2023-07-30 00:00:00,2023,07,89,Like a Stone,Rock,Audioslave,Audioslave,1,0.99,0.99
215,42,Wyatt Girard,France,2023-07-30 00:00:00,2023,07,98,The Last Remaining Light,Rock,Audioslave,Audioslave,1,0.99,0.99
215,42,Wyatt Girard,France,2023-07-30 00:00:00,2023,07,107,Yesterday To Tomorrow,Alternative & Punk,Out Of Exile,Audioslave,1,0.99,0.99
215,42,Wyatt Girard,France,2023-07-30 00:00:00,2023,07,116,C'Mon Everybody,Rock And Roll,BackBeat Soundtrack,BackBeat,1,0.99,0.99
215,42,Wyatt Girard,France,2023-07-30 00:00:00,2023,07,125,"Spanish moss-""A sound portrait""-Spanish moss",Jazz,The Best Of Billy Cobham,Billy Cobham,1,0.99,0.99
215,42,Wyatt Girard,France,2023-07-30 00:00:00,2023,07,134,All For You,Metal,Alcohol Fueled Brewtality Live! [Disc 1],Black Label Society,1,0.99,0.99
215,42,Wyatt Girard,France,2023-07-30 00:00:00,2023,07,143,The Begining... At Last,Metal,Alcohol Fueled Brewtality Live! [Disc 1],Black Label Society,1,0.99,0.99
215,42,Wyatt Girard,France,2023-07-30 00:00:00,2023,07,152,N.I.B.,Metal,Black Sabbath,Black Sabbath,1,0.99,0.99
215,42,Wyatt Girard,France,2023-07-30 00:00:00,2023,07,161,Snowblind,Metal,Black Sabbath Vol. 4 (Remaster),Black Sabbath,1,0.99,0.99
215,42,Wyatt Girard,France,2023-07-30 00:00:00,2023,07,170,A Statistic,Alternative & Punk,Body Count,Body Count,1,0.99,0.99
216,56,Diego Gutiérrez,Argentina,2023-08-07 00:00:00,2023,08,184,Chemical Wedding,Metal,Chemical Wedding,Bruce Dickinson,1,0.99,0.99
217,57,Luis Rojas,Chile,2023-08-20 00:00:00,2023,08,185,The Tower,Metal,Chemical Wedding,Bruce Dickinson,1,0.99,0.99
217,57,Luis Rojas,Chile,2023-08-20 00:00:00,2023,08,186,Killing Floor,Metal,Chemical Wedding,Bruce Dickinson,1,0.99,0.99
218,59,Puja Srivastava,India,2023-08-20 00:00:00,2023,08,188,Gates Of Urizen,Metal,Chemical Wedding,Bruce Dickinson,1,0.99,0.99
218,59,Puja Srivastava,India,2023-08-20 00:00:00,2023,08,190,Trupets Of Jericho,Metal,Chemical Wedding,Bruce Dickinson,1,0.99,0.99
219,2,Leonie Köhler,Germany,2023-08-21 00:00:00,2023,08,192,The Alchemist,Metal,Chemical Wedding,Bruce Dickinson,1,0.99,0.99
219,2,Leonie Köhler,Germany,2023-08-21 00:00:00,2023,08,194,First Time I Met The Blues,Blues,The Best Of Buddy Guy - The Millenium Collection,Buddy Guy,1,0.99,0.99
219,2,Leonie Köhler,Germany,2023-08-21 00:00:00,2023,08,196,Stone Crazy,Blues,The Best Of Buddy Guy - The Millenium Collection,Buddy Guy,1,0.99,0.99
219,2,Leonie Köhler,Germany,2023-08-21 00:00:00,2023,08,198,When My Left Eye Jumps,Blues,The Best Of Buddy Guy - The Millenium Collection,Buddy Guy,1,0.99,0.99
220,6,Helena Holý,Czech Republic,2023-08-22 00:00:00,2023,08,202,My Time After Awhile,Blues,The Best Of Buddy Guy - The Millenium Collection,Buddy Guy,1,0.99,0.99
220,6,Helena Holý,Czech Republic,2023-08-22 00:00:00,2023,08,206,Prenda Minha,Latin,Prenda Minha,Caetano Veloso,1,0.99,0.99
220,6,Helena Holý,Czech Republic,2023-08-22 00:00:00,2023,08,210,"Texto ""Verdade Tropical""",Latin,Prenda Minha,Caetano Veloso,1,0.99,0.99
220,6,Helena Holý,Czech Republic,2023-08-22 00:00:00,2023,08,214,Carolina,Latin,Prenda Minha,Caetano Veloso,1,0.99,0.99
220,6,Helena Holý,Czech Republic,2023-08-22 00:00:00,2023,08,218,Linha Do Equador,Latin,Prenda Minha,Caetano Veloso,1,0.99,0.99
220,6,Helena Holý,Czech Republic,2023-08-22 00:00:00,2023,08,222,Vida Boa,Latin,Prenda Minha,Caetano Veloso,1,0.99,0.99
221,12,Roberto Almeida,Brazil,2023-08-25 00:00:00,2023,08,228,Vai Passar,Latin,Minha Historia,Chico Buarque,1,0.99,0.99
221,12,Roberto Almeida,Brazil,2023-08-25 00:00:00,2023,08,234,Morena De Angola,Latin,Minha Historia,Chico Buarque,1,0.99,0.99
221,12,Roberto Almeida,Brazil,2023-08-25 00:00:00,2023,08,240,Meu Caro Amigo,Latin,Minha Historia,Chico Buarque,1,0.99,0.99
221,12,Roberto Almeida,Brazil,2023-08-25 00:00:00,2023,08,246,Mateus Enter,Latin,Afrociberdelia,Chico Science & Nação Zumbi,1,0.99,0.99
221,12,Roberto Almeida,Brazil,2023-08-25 00:00:00,2023,08,252,Samba Do Lado,Latin,Afrociberdelia,Chico Science & Nação Zumbi,1,0.99,0.99
221,12,Roberto Almeida,Brazil,2023-08-25 00:00:00,2023,08,258,Um Satélite Na Cabeça,Latin,Afrociberdelia,Chico Science & Nação Zumbi,1,0.99,0.99
221,12,Roberto Almeida,Brazil,2023-08-25 00:00:00,2023,08,264,Amor De Muito,Latin,Afrociberdelia,Chico Science & Nação Zumbi,1,0.99,0.99
221,12,Roberto Almeida,Brazil,2023-08-25 00:00:00,2023,08,270,Banditismo Por Uma Questa,Latin,Da Lama Ao Caos,Chico Science & Nação Zumbi,1,0.99,0.99
221,12,Roberto Almeida,Brazil,2023-08-25 00:00:00,2023,08,276,Maracatu De Tiro Certeiro,Latin,Da Lama Ao Caos,Chico Science & Nação Zumbi,1,0.99,0.99
222,21,Kathy Chase,USA,2023-08-30 00:00:00,2023,08,285,Soldado Da Paz,Reggae,Acústico MTV [Live],Cidade Negra,1,0.99,0.99
222,21,Kathy Chase,USA,2023-08-30 00:00:00,2023,08,294,Pensamento,Reggae,Acústico MTV [Live],Cidade Negra,1,0.99,0.99
222,21,Kathy Chase,USA,2023-08-30 00:00:00,2023,08,303,Falar A Verdade,Reggae,Cidade Negra - Hits,Cidade Negra,1,0.99,0.99
222,21,Kathy Chase,USA,2023-08-30 00:00:00,2023,08,312,Eu Também Quero Beijar,Reggae,Cidade Negra - Hits,Cidade Negra,1,0.99,0.99
222,21,Kathy Chase,USA,2023-08-30 00:00:00,2023,08,321,Felicidade Urgente,Latin,Na Pista,Cláudio Zoli,1,0.99,0.99
222,21,Kathy Chase,USA,2023-08-30 00:00:00,2023,08,330,Levada do Amor (Ailoviu),Pop,Axé Bahia 2001,Various Artists,1,0.99,0.99
222,21,Kathy Chase,USA,2023-08-30 00:00:00,2023,08,339,Communication Breakdown,Rock,BBC Sessions [Disc 1] [Live],Led Zeppelin,1,0.99,0.99
222,21,Kathy Chase,USA,2023-08-30 00:00:00,2023,08,348,I Can't Quit You Baby(2),Rock,BBC Sessions [Disc 1] [Live],Led Zeppelin,1,0.99,0.99
222,21,Kathy Chase,USA,2023-08-30 00:00:00,2023,08,357,Advance Romance,Rock,Bongo Fury,Frank Zappa & Captain Beefheart,1,0.99,0.99
222,21,Kathy Chase,USA,2023-08-30 00:00:00,2023,08,366,Camisa Verde 2001,Soundtrack,Carnaval 2001,Various Artists,1,0.99,0.99
222,21,Kathy Chase,USA,2023-08-30 00:00:00,2023,08,375,Mas Que Nada,Latin,Chill: Brazil (Disc 1),Marcos Valle,1,0.99,0.99
222,21,Kathy Chase,USA,2023-08-30 00:00:00,2023,08,384,Mistério da Raça,Latin,Chill: Brazil (Disc 1),Marcos Valle,1,0.99,0.99
222,21,Kathy Chase,USA,2023-08-30 00:00:00,2023,08,393,Tarde Em Itapoã,Latin,Chill: Brazil (Disc 2),Antônio Carlos Jobim,1,0.99,0.99
222,21,Kathy Chase,USA,2023-08-30 00:00:00,2023,08,402,Um Jantar Pra Dois,Latin,Chill: Brazil (Disc 2),Antônio Carlos Jobim,1,0.99,0.99
223,35,Madalena Sampaio,Portugal,2023-09-07 00:00:00,2023,09,416,Whiskey In The Jar,Metal,Garage Inc. (Disc 1),Metallica,1,0.99,0.99
224,36,Hannah Schneider,Germany,2023-09-20 00:00:00,2023,09,417,Tuesday's Gone,Metal,Garage Inc. (Disc 1),Metallica,1,0.99,0.99
224,36,Hannah Schneider,Germany,2023-09-20 00:00:00,2023,09,418,The More I See,Metal,Garage Inc. (Disc 1),Metallica,1,0.99,0.99
225,38,Niklas Schröder,Germany,2023-09-20 00:00:00,2023,09,420,Under Pressure,Rock,Greatest Hits II,Queen,1,0.99,0.99
225,38,Niklas Schröder,Germany,2023-09-20 00:00:00,2023,09,422,I Want It All,Rock,Greatest Hits II,Queen,1,0.99,0.99
226,40,Dominique Lefebvre,France,2023-09-21 00:00:00,2023,09,424,Innuendo,Rock,Greatest Hits II,Queen,1,0.99,0.99
226,40,Dominique Lefebvre,France,2023-09-21 00:00:00,2023,09,426,Breakthru,Rock,Greatest Hits II,Queen,1,0.99,0.99
226,40,Dominique Lefebvre,France,2023-09-21 00:00:00,2023,09,428,Headlong,Rock,Greatest Hits II,Queen,1,0.99,0.99
226,40,Dominique Lefebvre,France,2023-09-21 00:00:00,2023,09,430,I'm Going Slightly Mad,Rock,Greatest Hits II,Queen,1,0.99,0.99
227,44,Terhi Hämäläinen,Finland,2023-09-22 00:00:00,2023,09,434,The Show Must Go On,Rock,Greatest Hits II,Queen,1,0.99,0.99
227,44,Terhi Hämäläinen,Finland,2023-09-22 00:00:00,2023,09,438,Hard Luck Woman,Rock,Greatest Kiss,Kiss,1,0.99,0.99
227,44,Terhi Hämäläinen,Finland,2023-09-22 00:00:00,2023,09,442,Goin' Blind,Rock,Greatest Kiss,Kiss,1,0.99,0.99
227,44,Terhi Hämäläinen,Finland,2023-09-22 00:00:00,2023,09,446,I Was Made For Loving You,Rock,Greatest Kiss,Kiss,1,0.99,0.99
227,44,Terhi Hämäläinen,Finland,2023-09-22 00:00:00,2023,09,450,Beth,Rock,Greatest Kiss,Kiss,1,0.99,0.99
227,44,Terhi Hämäläinen,Finland,2023-09-22 00:00:00,2023,09,454,Plaster Caster,Rock,Greatest Kiss,Kiss,1,0.99,0.99
228,50,Enrique Muñoz,Spain,2023-09-25 00:00:00,2023,09,460,Playtime,Jazz,Heart of the Night,Spyro Gyra,1,0.99,0.99
228,50,Enrique Muñoz,Spain,2023-09-25 00:00:00,2023,09,466,J Squared,Jazz,Heart of the Night,Spyro Gyra,1,0.99,0.99
228,50,Enrique Muñoz,Spain,2023-09-25 00:00:00,2023,09,472,Basket Case,Alternative & Punk,International Superhits,Green Day,1,0.99,0.99
228,50,Enrique Muñoz,Spain,2023-09-25 00:00:00,2023,09,478,Jaded,Alternative & Punk,International Superhits,Green Day,1,0.99,0.99
228,50,Enrique Muñoz,Spain,2023-09-25 00:00:00,2023,09,484,Nice Guys Finish Last,Alternative & Punk,International Superhits,Green Day,1,0.99,0.99
228,50,Enrique Muñoz,Spain,2023-09-25 00:00:00,2023,09,490,River Song,Rock,Into The Light,David Coverdale,1,0.99,0.99
228,50,Enrique Muñoz,Spain,2023-09-25 00:00:00,2023,09,496,Living On Love,Rock,Into The Light,David Coverdale,1,0.99,0.99
228,50,Enrique Muñoz,Spain,2023-09-25 00:00:00,2023,09,502,Não Dá Mais Pra Segurar (Explode Coração),Latin,Meus Momentos,Gonzaguinha,1,0.99,0.99
228,50,Enrique Muñoz,Spain,2023-09-25 00:00:00,2023,09,508,Eu Apenas Queria Que Voçê Soubesse,Latin,Meus Momentos,Gonzaguinha,1,0.99,0.99
229,59,Puja Srivastava,India,2023-09-30 00:00:00,2023,09,517,Um Indio,Latin,Minha Historia,Chico Buarque,1,0.99,0.99
229,59,Puja Srivastava,India,2023-09-30 00:00:00,2023,09,526,Fora Da Ordem,Latin,Minha Historia,Chico Buarque,1,0.99,0.99
229,59,Puja Srivastava,India,2023-09-30 00:00:00,2023,09,535,Chão De Estrelas,Alternative & Punk,Minha História,Os Mutantes,1,0.99,0.99
229,59,Puja Srivastava,India,2023-09-30 00:00:00,2023,09,544,Stormbringer,Rock,MK III The Final Concerts [Disc 1],Deep Purple,1,0.99,0.99
229,59,Puja Srivastava,India,2023-09-30 00:00:00,2023,09,553,Houses Of The Holy,Rock,Physical Graffiti [Disc 1],Led Zeppelin,1,0.99,0.99
229,59,Puja Srivastava,India,2023-09-30 00:00:00,2023,09,562,Mangueira,Latin,Sambas De Enredo 2001,Various Artists,1,0.99,0.99
229,59,Puja Srivastava,India,2023-09-30 00:00:00,2023,09,571,Love Of My Life,Rock,Supernatural,Santana,1,0.99,0.99
229,59,Puja Srivastava,India,2023-09-30 00:00:00,2023,09,580,El Farol,Rock,Supernatural,Santana,1,0.99,0.99
229,59,Puja Srivastava,India,2023-09-30 00:00:00,2023,09,589,Um Love,Latin,The Best of Ed Motta,Ed Motta,1,0.99,0.99
229,59,Puja Srivastava,India,2023-09-30 00:00:00,2023,09,598,Jeru,Jazz,The Essential Miles Davis [Disc 1],Miles Davis,1,0.99,0.99
229,59,Puja Srivastava,India,2023-09-30 00:00:00,2023,09,607,So What,Jazz,The Essential Miles Davis [Disc 1],Miles Davis,1,0.99,0.99
229,59,Puja Srivastava,India,2023-09-30 00:00:00,2023,09,616,Black Satin,Jazz,The Essential Miles Davis [Disc 2],Miles Davis,1,0.99,0.99
229,59,Puja Srivastava,India,2023-09-30 00:00:00,2023,09,625,Blue Rythm Fantasy,Jazz,Up An' Atom,Gene Krupa,1,0.99,0.99
229,59,Puja Srivastava,India,2023-09-30 00:00:00,2023,09,634,Bop Boogie,Jazz,Up An' Atom,Gene Krupa,1,0.99,0.99
230,14,Mark Philips,Canada,2023-10-08 00:00:00,2023,10,648,Onde Anda Você,Bossa Nova,Vinícius De Moraes - Sem Limite,Toquinho & Vinícius,1,0.99,0.99
231,15,Jennifer Peterson,Canada,2023-10-21 00:00:00,2023,10,649,Samba Da Volta,Bossa Nova,Vinícius De Moraes - Sem Limite,Toquinho & Vinícius,1,0.99,0.99
231,15,Jennifer Peterson,Canada,2023-10-21 00:00:00,2023,10,650,Canto De Ossanha,Bossa Nova,Vinícius De Moraes - Sem Limite,Toquinho & Vinícius,1,0.99,0.99
232,17,Jack Smith,USA,2023-10-21 00:00:00,2023,10,652,Formosa,Bossa Nova,Vinícius De Moraes - Sem Limite,Toquinho & Vinícius,1,0.99,0.99
232,17,Jack Smith,USA,2023-10-21 00:00:00,2023,10,654,Minha Namorada,Bossa Nova,Vinícius De Moraes - Sem Limite,Toquinho & Vinícius,1,0.99,0.99
233,19,Tim Goyer,USA,2023-10-22 00:00:00,2023,10,656,Berimbau,Bossa Nova,Vinícius De Moraes - Sem Limite,Toquinho & Vinícius,1,0.99,0.99
233,19,Tim Goyer,USA,2023-10-22 00:00:00,2023,10,658,Pot-Pourri N.º 2,Bossa Nova,Vinícius De Moraes - Sem Limite,Toquinho & Vinícius,1,0.99,0.99
233,19,Tim Goyer,USA,2023-10-22 00:00:00,2023,10,660,Carta Ao Tom 74,Bossa Nova,Vinícius De Moraes - Sem Limite,Toquinho & Vinícius,1,0.99,0.99
233,19,Tim Goyer,USA,2023-10-22 00:00:00,2023,10,662,Pela Luz dos Olhos Teus (Miúcha e Tom Jobim),Latin,Vozes do MPB,Various Artists,1,0.99,0.99
234,23,John Gordon,USA,2023-10-23 00:00:00,2023,10,666,Coração do Agreste (Fafá de Belém),Latin,Vozes do MPB,Various Artists,1,0.99,0.99
234,23,John Gordon,USA,2023-10-23 00:00:00,2023,10,670,Romaria (Renato Teixeira),Latin,Vozes do MPB,Various Artists,1,0.99,0.99
234,23,John Gordon,USA,2023-10-23 00:00:00,2023,10,674,Preciso Apender a Viver Só (Maysa),Latin,Vozes do MPB,Various Artists,1,0.99,0.99
234,23,John Gordon,USA,2023-10-23 00:00:00,2023,10,678,Bad Moon Rising,Rock,"Chronicle, Vol. 1",Creedence Clearwater Revival,1,0.99,0.99
234,23,John Gordon,USA,2023-10-23 00:00:00,2023,10,682,Down On The Corner,Rock,"Chronicle, Vol. 1",Creedence Clearwater Revival,1,0.99,0.99
234,23,John Gordon,USA,2023-10-23 00:00:00,2023,10,686,Up Around The Bend,Rock,"Chronicle, Vol. 1",Creedence Clearwater Revival,1,0.99,0.99
235,29,Robert Brown,Canada,2023-10-26 00:00:00,2023,10,692,Hey Tonight,Rock,"Chronicle, Vol. 1",Creedence Clearwater Revival,1,0.99,0.99
235,29,Robert Brown,Canada,2023-10-26 00:00:00,2023,10,698,Good Golly Miss Molly,Rock,"Chronicle, Vol. 2",Creedence Clearwater Revival,1,0.99,0.99
235,29,Robert Brown,Canada,2023-10-26 00:00:00,2023,10,704,Don't Look Now,Rock,"Chronicle, Vol. 2",Creedence Clearwater Revival,1,0.99,0.99
235,29,Robert Brown,Canada,2023-10-26 00:00:00,2023,10,710,It's Just A Thought,Rock,"Chronicle, Vol. 2",Creedence Clearwater Revival,1,0.99,0.99
235,29,Robert Brown,Canada,2023-10-26 00:00:00,2023,10,716,Brasil,Latin,Cássia Eller - Coleção Sem Limite [Disc 2],Cássia Eller,1,0.99,0.99
235,29,Robert Brown,Canada,2023-10-26 00:00:00,2023,10,722,Meu Mundo Fica Completo (Com Você),Latin,Cássia Eller - Coleção Sem Limite [Disc 2],Cássia Eller,1,0.99,0.99
235,29,Robert Brown,Canada,2023-10-26 00:00:00,2023,10,728,Woman Of The World (Ao Vivo),Latin,Cássia Eller - Coleção Sem Limite [Disc 2],Cássia Eller,1,0.99,0.99
235,29,Robert Brown,Canada,2023-10-26 00:00:00,2023,10,734,Todo Amor Que Houver Nesta Vida,Latin,Cássia Eller - Sem Limite [Disc 1],Cássia Eller,1,0.99,0.99
235,29,Robert Brown,Canada,2023-10-26 00:00:00,2023,10,740,Socorro,Latin,Cássia Eller - Sem Limite [Disc 1],Cássia Eller,1,0.99,0.99
236,38,Niklas Schröder,Germany,2023-10-31 00:00:00,2023,10,749,I Need Love,Rock,Come Taste The Band,Deep Purple,1,0.99,0.99
236,38,Niklas Schröder,Germany,2023-10-31 00:00:00,2023,10,758,Into The Fire,Rock,Deep Purple In Rock,Deep Purple,1,0.99,0.99
236,38,Niklas Schröder,Germany,2023-10-31 00:00:00,2023,10,767,No One Came,Rock,Fireball,Deep Purple,1,0.99,0.99
236,38,Niklas Schröder,Germany,2023-10-31 00:00:00,2023,10,776,Hush,Rock,Knocking at Your Back Door: The Best Of Deep Purple in the 80's,Deep Purple,1,0.99,0.99
236,38,Niklas Schröder,Germany,2023-10-31 00:00:00,2023,10,785,Space Truckin',Rock,Machine Head,Deep Purple,1,0.99,0.99
236,38,Niklas Schröder,Germany,2023-10-31 00:00:00,2023,10,794,A Touch Away,Rock,Purpendicular,Deep Purple,1,0.99,0.99
236,38,Niklas Schröder,Germany,2023-10-31 00:00:00,2023,10,803,Love Conquers All,Rock,Slaves And Masters,Deep Purple,1,0.99,0.99
236,38,Niklas Schröder,Germany,2023-10-31 00:00:00,2023,10,812,You Can't Do it Right (With the One You Love),Rock,Stormbringer,Deep Purple,1,0.99,0.99
236,38,Niklas Schröder,Germany,2023-10-31 00:00:00,2023,10,821,Ramshackle Man,Rock,The Battle Rages On,Deep Purple,1,0.99,0.99
236,38,Niklas Schröder,Germany,2023-10-31 00:00:00,2023,10,830,Two Steps Behind [Acoustic Version],Rock,Vault: Def Leppard's Greatest Hits,Def Leppard,1,0.99,0.99
236,38,Niklas Schröder,Germany,2023-10-31 00:00:00,2023,10,839,Rock Of Ages,Rock,Vault: Def Leppard's Greatest Hits,Def Leppard,1,0.99,0.99
236,38,Niklas Schröder,Germany,2023-10-31 00:00:00,2023,10,848,Outbreak,Jazz,Outbreak,Dennis Chambers,1,0.99,0.99
236,38,Niklas Schröder,Germany,2023-10-31 00:00:00,2023,10,857,Álibi,Latin,Djavan Ao Vivo - Vol. 02,Djavan,1,0.99,0.99
236,38,Niklas Schröder,Germany,2023-10-31 00:00:00,2023,10,866,Oceano,Latin,Djavan Ao Vivo - Vol. 1,Djavan,1,0.99,0.99
237,52,Emma Jones,United Kingdom,2023-11-08 00:00:00,2023,11,880,"Dois Pra Lá, Dois Pra Cá",Latin,Elis Regina-Minha História,Elis Regina,1,0.99,0.99
238,53,Phil Hughes,United Kingdom,2023-11-21 00:00:00,2023,11,881,Casa no Campo,Latin,Elis Regina-Minha História,Elis Regina,1,0.99,0.99
238,53,Phil Hughes,United Kingdom,2023-11-21 00:00:00,2023,11,882,Romaria,Latin,Elis Regina-Minha História,Elis Regina,1,0.99,0.99
239,55,Mark Taylor,Australia,2023-11-21 00:00:00,2023,11,884,Me Deixas Louca,Latin,Elis Regina-Minha História,Elis Regina,1,0.99,0.99
239,55,Mark Taylor,Australia,2023-11-21 00:00:00,2023,11,886,Saudosa Maloca,Latin,Elis Regina-Minha História,Elis Regina,1,0.99,0.99
240,57,Luis Rojas,Chile,2023-11-22 00:00:00,2023,11,888,Madalena,Latin,Elis Regina-Minha História,Elis Regina,1,0.99,0.99
240,57,Luis Rojas,Chile,2023-11-22 00:00:00,2023,11,890,Aprendendo A Jogar,Latin,Elis Regina-Minha História,Elis Regina,1,0.99,0.99
240,57,Luis Rojas,Chile,2023-11-22 00:00:00,2023,11,892,Badge,Blues,The Cream Of Clapton,Eric Clapton,1,0.99,0.99
240,57,Luis Rojas,Chile,2023-11-22 00:00:00,2023,11,894,Sunshine Of Your Love,Blues,The Cream Of Clapton,Eric Clapton,1,0.99,0.99
241,2,Leonie Köhler,Germany,2023-11-23 00:00:00,2023,11,898,Bell Bottom Blues,Blues,The Cream Of Clapton,Eric Clapton,1,0.99,0.99
241,2,Leonie Köhler,Germany,2023-11-23 00:00:00,2023,11,902,Swing Low Sweet Chariot,Blues,The Cream Of Clapton,Eric Clapton,1,0.99,0.99
241,2,Leonie Köhler,Germany,2023-11-23 00:00:00,2023,11,906,Let It Grow,Blues,The Cream Of Clapton,Eric Clapton,1,0.99,0.99
241,2,Leonie Köhler,Germany,2023-11-23 00:00:00,2023,11,910,Before You Accuse Me,Blues,Unplugged,Eric Clapton,1,0.99,0.99
241,2,Leonie Köhler,Germany,2023-11-23 00:00:00,2023,11,914,Nobody Knows You When You're Down & Out,Blues,Unplugged,Eric Clapton,1,0.99,0.99
241,2,Leonie Köhler,Germany,2023-11-23 00:00:00,2023,11,918,Alberta,Blues,Unplugged,Eric Clapton,1,0.99,0.99
242,8,Daan Peeters,Belgium,2023-11-26 00:00:00,2023,11,924,Stripsearch,Alternative & Punk,Album Of The Year,Faith No More,1,0.99,0.99
242,8,Daan Peeters,Belgium,2023-11-26 00:00:00,2023,11,930,She Loves Me Not,Alternative & Punk,Album Of The Year,Faith No More,1,0.99,0.99
242,8,Daan Peeters,Belgium,2023-11-26 00:00:00,2023,11,936,Caffeine,Alternative & Punk,Angel Dust,Faith No More,1,0.99,0.99
242,8,Daan Peeters,Belgium,2023-11-26 00:00:00,2023,11,942,Kindergarten,Alternative & Punk,Angel Dust,Faith No More,1,0.99,0.99
242,8,Daan Peeters,Belgium,2023-11-26 00:00:00,2023,11,948,Easy,Alternative & Punk,Angel Dust,Faith No More,1,0.99,0.99
242,8,Daan Peeters,Belgium,2023-11-26 00:00:00,2023,11,954,Cuckoo For Caca,Rock,King For A Day Fool For A Lifetime,Faith No More,1,0.99,0.99
242,8,Daan Peeters,Belgium,2023-11-26 00:00:00,2023,11,960,What A Day,Rock,King For A Day Fool For A Lifetime,Faith No More,1,0.99,0.99
242,8,Daan Peeters,Belgium,2023-11-26 00:00:00,2023,11,966,Falling To Pieces,Alternative & Punk,The Real Thing,Faith No More,1,0.99,0.99
242,8,Daan Peeters,Belgium,2023-11-26 00:00:00,2023,11,972,Woodpecker From Mars,Alternative & Punk,The Real Thing,Faith No More,1,0.99,0.99
243,17,Jack Smith,USA,2023-12-01 00:00:00,2023,12,981,Zeca Violeiro,Latin,Deixa Entrar,Falamansa,1,0.99,0.99
243,17,Jack Smith,USA,2023-12-01 00:00:00,2023,12,990,No Way Back,Rock,In Your Honor [Disc 1],Foo Fighters,1,0.99,0.99
243,17,Jack Smith,USA,2023-12-01 00:00:00,2023,12,999,Still,Rock,In Your Honor [Disc 2],Foo Fighters,1,0.99,0.99
243,17,Jack Smith,USA,2023-12-01 00:00:00,2023,12,1008,Razor,Rock,In Your Honor [Disc 2],Foo Fighters,1,0.99,0.99
243,17,Jack Smith,USA,2023-12-01 00:00:00,2023,12,1017,Overdrive,Alternative & Punk,One By One,Foo Fighters,1,0.99,0.99
243,17,Jack Smith,USA,2023-12-01 00:00:00,2023,12,1026,My Hero,Rock,The Colour And The Shape,Foo Fighters,1,0.99,0.99
243,17,Jack Smith,USA,2023-12-01 00:00:00,2023,12,1035,"New York, New York",Easy Listening,My Way: The Best Of Frank Sinatra [Disc 1],Frank Sinatra,1,0.99,0.99
243,17,Jack Smith,USA,2023-12-01 00:00:00,2023,12,1044,My Kind Of Town,Easy Listening,My Way: The Best Of Frank Sinatra [Disc 1],Frank Sinatra,1,0.99,0.99
243,17,Jack Smith,USA,2023-12-01 00:00:00,2023,12,1053,"Bad, Bad Leroy Brown",Easy Listening,My Way: The Best Of Frank Sinatra [Disc 1],Frank Sinatra,1,0.99,0.99
243,17,Jack Smith,USA,2023-12-01 00:00:00,2023,12,1062,Zambação,Latin,Roda De Funk,Funk Como Le Gusta,1,0.99,0.99
243,17,Jack Smith,USA,2023-12-01 00:00:00,2023,12,1071,Divirta-Se (Saindo Da Sua),Latin,Roda De Funk,Funk Como Le Gusta,1,0.99,0.99
243,17,Jack Smith,USA,2023-12-01 00:00:00,2023,12,1080,Assum Preto,Soundtrack,As Canções de Eu Tu Eles,Gilberto Gil,1,0.99,0.99
243,17,Jack Smith,USA,2023-12-01 00:00:00,2023,12,1089,Is This Love (Live),Latin,Quanta Gente Veio Ver (Live),Gilberto Gil,1,0.99,0.99
243,17,Jack Smith,USA,2023-12-01 00:00:00,2023,12,1098,Copacabana (Live),Latin,Quanta Gente Veio Ver (Live),Gilberto Gil,1,0.99,0.99
244,31,Martha Silk,Canada,2023-12-09 00:00:00,2023,12,1112,Beira Mar,Latin,Unplugged,Eric Clapton,1,0.99,0.99
245,32,Aaron Mitchell,Canada,2023-12-22 00:00:00,2023,12,1113,Sampa,Latin,Unplugged,Eric Clapton,1,0.99,0.99
245,32,Aaron Mitchell,Canada,2023-12-22 00:00:00,2023,12,1114,Parabolicamará,Latin,Unplugged,Eric Clapton,1,0.99,0.99
246,34,João Fernandes,Portugal,2023-12-22 00:00:00,2023,12,1116,Expresso 2222,Latin,Unplugged,Eric Clapton,1,0.99,0.99
246,34,João Fernandes,Portugal,2023-12-22 00:00:00,2023,12,1118,Palco,Latin,Unplugged,Eric Clapton,1,0.99,0.99
247,36,Hannah Schneider,Germany,2023-12-23 00:00:00,2023,12,1120,Sítio Do Pica-Pau Amarelo,Latin,Unplugged,Eric Clapton,1,0.99,0.99
247,36,Hannah Schneider,Germany,2023-12-23 00:00:00,2023,12,1122,Faceless,Metal,Faceless,Godsmack,1,0.99,0.99
247,36,Hannah Schneider,Germany,2023-12-23 00:00:00,2023,12,1124,Make Me Believe,Metal,Faceless,Godsmack,1,0.99,0.99
247,36,Hannah Schneider,Germany,2023-12-23 00:00:00,2023,12,1126,Re-Align,Metal,Faceless,Godsmack,1,0.99,0.99
248,40,Dominique Lefebvre,France,2023-12-24 00:00:00,2023,12,1130,I Am,Metal,Faceless,Godsmack,1,0.99,0.99
248,40,Dominique Lefebvre,France,2023-12-24 00:00:00,2023,12,1134,Jesus Of Suburbia / City Of The Damned / I Don't Care / Dearly Beloved / Tales Of Another Broken Home,Alternative & Punk,American Idiot,Green Day,1,0.99,0.99
248,40,Dominique Lefebvre,France,2023-12-24 00:00:00,2023,12,1138,St. Jimmy,Alternative & Punk,American Idiot,Green Day,1,0.99,0.99
248,40,Dominique Lefebvre,France,2023-12-24 00:00:00,2023,12,1142,Letterbomb,Alternative & Punk,American Idiot,Green Day,1,0.99,0.99
248,40,Dominique Lefebvre,France,2023-12-24 00:00:00,2023,12,1146,Welcome to the Jungle,Rock,Appetite for Destruction,Guns N' Roses,1,0.99,0.99
248,40,Dominique Lefebvre,France,2023-12-24 00:00:00,2023,12,1150,Mr. Brownstone,Rock,Appetite for Destruction,Guns N' Roses,1,0.99,0.99
249,46,Hugh O'Reilly,Ireland,2023-12-27 00:00:00,2023,12,1156,Anything Goes,Rock,Appetite for Destruction,Guns N' Roses,1,0.99,0.99
249,46,Hugh O'Reilly,Ireland,2023-12-27 00:00:00,2023,12,1162,Perfect Crime,Rock,Use Your Illusion I,Guns N' Roses,1,0.99,0.99
249,46,Hugh O'Reilly,Ireland,2023-12-27 00:00:00,2023,12,1168,The Garden,Rock,Use Your Illusion I,Guns N' Roses,1,0.99,0.99
249,46,Hugh O'Reilly,Ireland,2023-12-27 00:00:00,2023,12,1174,Civil War,Metal,Use Your Illusion II,Guns N' Roses,1,0.99,0.99
249,46,Hugh O'Reilly,Ireland,2023-12-27 00:00:00,2023,12,1180,Breakdown,Metal,Use Your Illusion II,Guns N' Roses,1,0.99,0.99
249,46,Hugh O'Reilly,Ireland,2023-12-27 00:00:00,2023,12,1186,Don't Cry,Metal,Use Your Illusion II,Guns N' Roses,1,0.99,0.99
249,46,Hugh O'Reilly,Ireland,2023-12-27 00:00:00,2023,12,1192,L'Arc En Ciel De Miles,Jazz,Blue Moods,Incognito,1,0.99,0.99
249,46,Hugh O'Reilly,Ireland,2023-12-27 00:00:00,2023,12,1198,Jacob's Ladder,Jazz,Blue Moods,Incognito,1,0.99,0.99
249,46,Hugh O'Reilly,Ireland,2023-12-27 00:00:00,2023,12,1204,The Pilgrim,Rock,A Matter of Life and Death,Iron Maiden,1,0.99,0.99
250,55,Mark Taylor,Australia,2024-01-01 00:00:00,2024,01,1213,The Trooper,Metal,A Real Dead One,Iron Maiden,1,0.99,0.99
250,55,Mark Taylor,Australia,2024-01-01 00:00:00,2024,01,1222,Iron Maiden,Metal,A Real Dead One,Iron Maiden,1,0.99,0.99
250,55,Mark Taylor,Australia,2024-01-01 00:00:00,2024,01,1231,Bring Your Daughter... To The Slaughter,Metal,A Real Live One,Iron Maiden,1,0.99,0.99
250,55,Mark Taylor,Australia,2024-01-01 00:00:00,2024,01,1240,Dream Of Mirrors,Rock,Brave New World,Iron Maiden,1,0.99,0.99
250,55,Mark Taylor,Australia,2024-01-01 00:00:00,2024,01,1249,Dance Of Death,Heavy Metal,Dance Of Death,Iron Maiden,1,0.99,0.99
250,55,Mark Taylor,Australia,2024-01-01 00:00:00,2024,01,1258,Afraid To Shoot Strangers,Rock,Fear Of The Dark,Iron Maiden,1,0.99,0.99
250,55,Mark Taylor,Australia,2024-01-01 00:00:00,2024,01,1267,Fear Of The Dark,Rock,Fear Of The Dark,Iron Maiden,1,0.99,0.99
250,55,Mark Taylor,Australia,2024-01-01 00:00:00,2024,01,1276,09 - Iron Maiden,Blues,Iron Maiden,Iron Maiden,1,0.99,0.99
250,55,Mark Taylor,Australia,2024-01-01 00:00:00,2024,01,1285,Purgatory,Heavy Metal,Killers,Iron Maiden,1,0.99,0.99
250,55,Mark Taylor,Australia,2024-01-01 00:00:00,2024,01,1294,Powerslave,Metal,Live After Death,Iron Maiden,1,0.99,0.99
250,55,Mark Taylor,Australia,2024-01-01 00:00:00,2024,01,1303,Die With Your Boots On,Heavy Metal,Live After Death,Iron Maiden,1,0.99,0.99
250,55,Mark Taylor,Australia,2024-01-01 00:00:00,2024,01,1312,The Evil That Men Do,Rock,Live At Donington 1992 (Disc 1),Iron Maiden,1,0.99,0.99
250,55,Mark Taylor,Australia,2024-01-01 00:00:00,2024,01,1321,Hallowed Be Thy Name,Rock,Live At Donington 1992 (Disc 2),Iron Maiden,1,0.99,0.99
250,55,Mark Taylor,Australia,2024-01-01 00:00:00,2024,01,1330,The Assassin,Metal,No Prayer For The Dying,Iron Maiden,1,0.99,0.99
251,10,Eduardo Martins,Brazil,2024-01-09 00:00:00,2024,01,1344,Aces High,Metal,Powerslave,Iron Maiden,1,0.99,0.99
252,11,Alexandre Rocha,Brazil,2024-01-22 00:00:00,2024,01,1345,2 Minutes To Midnight,Metal,Powerslave,Iron Maiden,1,0.99,0.99
252,11,Alexandre Rocha,Brazil,2024-01-22 00:00:00,2024,01,1346,Losfer Words,Metal,Powerslave,Iron Maiden,1,0.99,0.99
253,13,Fernanda Ramos,Brazil,2024-01-22 00:00:00,2024,01,1348,Duelists,Metal,Powerslave,Iron Maiden,1,0.99,0.99
253,13,Fernanda Ramos,Brazil,2024-01-22 00:00:00,2024,01,1350,Powerslave,Metal,Powerslave,Iron Maiden,1,0.99,0.99
254,15,Jennifer Peterson,Canada,2024-01-23 00:00:00,2024,01,1352,Intro,Metal,Rock In Rio [CD1],Iron Maiden,1,0.99,0.99
254,15,Jennifer Peterson,Canada,2024-01-23 00:00:00,2024,01,1354,Ghost Of The Navigator,Metal,Rock In Rio [CD1],Iron Maiden,1,0.99,0.99
254,15,Jennifer Peterson,Canada,2024-01-23 00:00:00,2024,01,1356,Wrathchild,Metal,Rock In Rio [CD1],Iron Maiden,1,0.99,0.99
254,15,Jennifer Peterson,Canada,2024-01-23 00:00:00,2024,01,1358,Blood Brothers,Metal,Rock In Rio [CD1],Iron Maiden,1,0.99,0.99
255,19,Tim Goyer,USA,2024-01-24 00:00:00,2024,01,1362,Dream Of Mirrors,Rock,Rock In Rio [CD2],Iron Maiden,1,0.99,0.99
255,19,Tim Goyer,USA,2024-01-24 00:00:00,2024,01,1366,Iron Maiden,Rock,Rock In Rio [CD2],Iron Maiden,1,0.99,0.99
255,19,Tim Goyer,USA,2024-01-24 00:00:00,2024,01,1370,Run To The Hills,Rock,Rock In Rio [CD2],Iron Maiden,1,0.99,0.99
255,19,Tim Goyer,USA,2024-01-24 00:00:00,2024,01,1374,The Evil That Men Do,Metal,Seventh Son of a Seventh Son,Iron Maiden,1,0.99,0.99
255,19,Tim Goyer,USA,2024-01-24 00:00:00,2024,01,1378,Only the Good Die Young,Metal,Seventh Son of a Seventh Son,Iron Maiden,1,0.99,0.99
255,19,Tim Goyer,USA,2024-01-24 00:00:00,2024,01,1382,Heaven Can Wait,Metal,Somewhere in Time,Iron Maiden,1,0.99,0.99
256,25,Victor Stevens,USA,2024-01-27 00:00:00,2024,01,1388,Children of the Damned,Metal,The Number of The Beast,Iron Maiden,1,0.99,0.99
256,25,Victor Stevens,USA,2024-01-27 00:00:00,2024,01,1394,The Prisoner,Metal,The Number of The Beast,Iron Maiden,1,0.99,0.99
256,25,Victor Stevens,USA,2024-01-27 00:00:00,2024,01,1400,The Aftermath,Rock,The X Factor,Iron Maiden,1,0.99,0.99
256,25,Victor Stevens,USA,2024-01-27 00:00:00,2024,01,1406,Futureal,Rock,Virtual XI,Iron Maiden,1,0.99,0.99
256,25,Victor Stevens,USA,2024-01-27 00:00:00,2024,01,1412,Don't Look To The Eyes Of A Stranger,Rock,Virtual XI,Iron Maiden,1,0.99,0.99
256,25,Victor Stevens,USA,2024-01-27 00:00:00,2024,01,1418,Papa's Got A Brand New Bag Pt.1,R&B/Soul,Sex Machine,James Brown,1,0.99,0.99
256,25,Victor Stevens,USA,2024-01-27 00:00:00,2024,01,1424,Hey America,R&B/Soul,Sex Machine,James Brown,1,0.99,0.99
256,25,Victor Stevens,USA,2024-01-27 00:00:00,2024,01,1430,Living In America,R&B/Soul,Sex Machine,James Brown,1,0.99,0.99
256,25,Victor Stevens,USA,2024-01-27 00:00:00,2024,01,1436,Hooked Up,Rock,Emergency On Planet Earth,Jamiroquai,1,0.99,0.99
257,34,João Fernandes,Portugal,2024-02-01 00:00:00,2024,02,1445,Planet Home,R&B/Soul,Synkronized,Jamiroquai,1,0.99,0.99
257,34,João Fernandes,Portugal,2024-02-01 00:00:00,2024,02,1454,Deeper Underground,R&B/Soul,Synkronized,Jamiroquai,1,0.99,0.99
257,34,João Fernandes,Portugal,2024-02-01 00:00:00,2024,02,1463,Journey To Arnhemland,Electronica/Dance,The Return Of The Space Cowboy,Jamiroquai,1,0.99,0.99
257,34,João Fernandes,Portugal,2024-02-01 00:00:00,2024,02,1472,Radio Song,Alternative & Punk,Get Born,JET,1,0.99,0.99
257,34,João Fernandes,Portugal,2024-02-01 00:00:00,2024,02,1481,Red House,Rock,Are You Experienced?,Jimi Hendrix,1,0.99,0.99
257,34,João Fernandes,Portugal,2024-02-01 00:00:00,2024,02,1490,Hey Joe,Rock,Are You Experienced?,Jimi Hendrix,1,0.99,0.99
257,34,João Fernandes,Portugal,2024-02-01 00:00:00,2024,02,1499,"Always With Me, Always With You",Rock,Surfing with the Alien (Remastered),Joe Satriani,1,0.99,0.99
257,34,João Fernandes,Portugal,2024-02-01 00:00:00,2024,02,1508,Mama Africa,Latin,Jorge Ben Jor 25 Anos,Jorge Ben,1,0.99,0.99
257,34,João Fernandes,Portugal,2024-02-01 00:00:00,2024,02,1517,Santa Clara Clareou,Latin,Jorge Ben Jor 25 Anos,Jorge Ben,1,0.99,0.99
257,34,João Fernandes,Portugal,2024-02-01 00:00:00,2024,02,1526,Encontrar Alguém,Latin,Jota Quest-1995,Jota Quest,1,0.99,0.99
257,34,João Fernandes,Portugal,2024-02-01 00:00:00,2024,02,1535,No Futuro,World,Cafezinho,João Suplicy,1,0.99,0.99
257,34,João Fernandes,Portugal,2024-02-01 00:00:00,2024,02,1544,Cafezinho,World,Cafezinho,João Suplicy,1,0.99,0.99
257,34,João Fernandes,Portugal,2024-02-01 00:00:00,2024,02,1553,You've Got Another Thing Comin',Metal,Living After Midnight,Judas Priest,1,0.99,0.99
257,34,João Fernandes,Portugal,2024-02-01 00:00:00,2024,02,1562,Comin' Home,Rock,Unplugged [Live],Kiss,1,0.99,0.99
258,48,Johannes Van der Berg,Netherlands,2024-02-09 00:00:00,2024,02,1576,Rock And Roll All Nite,Rock,Unplugged [Live],Kiss,1,0.99,0.99
259,49,Stanisław Wójcik,Poland,2024-02-22 00:00:00,2024,02,1577,Immigrant Song,Rock,BBC Sessions [Disc 2] [Live],Led Zeppelin,1,0.99,0.99
259,49,Stanisław Wójcik,Poland,2024-02-22 00:00:00,2024,02,1578,Heartbreaker,Rock,BBC Sessions [Disc 2] [Live],Led Zeppelin,1,0.99,0.99
260,51,Joakim Johansson,Sweden,2024-02-22 00:00:00,2024,02,1580,Black Dog,Rock,BBC Sessions [Disc 2] [Live],Led Zeppelin,1,0.99,0.99
260,51,Joakim Johansson,Sweden,2024-02-22 00:00:00,2024,02,1582,Stairway To Heaven,Rock,BBC Sessions [Disc 2] [Live],Led Zeppelin,1,0.99,0.99
261,53,Phil Hughes,United Kingdom,2024-02-23 00:00:00,2024,02,1584,That's The Way,Rock,BBC Sessions [Disc 2] [Live],Led Zeppelin,1,0.99,0.99
261,53,Phil Hughes,United Kingdom,2024-02-23 00:00:00,2024,02,1586,Thank You,Rock,BBC Sessions [Disc 2] [Live],Led Zeppelin,1,0.99,0.99
261,53,Phil Hughes,United Kingdom,2024-02-23 00:00:00,2024,02,1588,Poor Tom,Rock,Coda,Led Zeppelin,1,0.99,0.99
261,53,Phil Hughes,United Kingdom,2024-02-23 00:00:00,2024,02,1590,Walter's Walk,Rock,Coda,Led Zeppelin,1,0.99,0.99
262,57,Luis Rojas,Chile,2024-02-24 00:00:00,2024,02,1594,Wearing And Tearing,Rock,Coda,Led Zeppelin,1,0.99,0.99
262,57,Luis Rojas,Chile,2024-02-24 00:00:00,2024,02,1598,The Crunge,Rock,Houses Of The Holy,Led Zeppelin,1,0.99,0.99
262,57,Luis Rojas,Chile,2024-02-24 00:00:00,2024,02,1602,The Ocean,Rock,Houses Of The Holy,Led Zeppelin,1,0.99,0.99
262,57,Luis Rojas,Chile,2024-02-24 00:00:00,2024,02,1606,Hot Dog,Rock,In Through The Out Door,Led Zeppelin,1,0.99,0.99
262,57,Luis Rojas,Chile,2024-02-24 00:00:00,2024,02,1610,Black Dog,Rock,IV,Led Zeppelin,1,0.99,0.99
262,57,Luis Rojas,Chile,2024-02-24 00:00:00,2024,02,1614,Misty Mountain Hop,Rock,IV,Led Zeppelin,1,0.99,0.99
263,4,Bjørn Hansen,Norway,2024-02-27 00:00:00,2024,02,1620,You Shook Me,Rock,Led Zeppelin I,Led Zeppelin,1,0.99,0.99
263,4,Bjørn Hansen,Norway,2024-02-27 00:00:00,2024,02,1626,How Many More Times,Rock,Led Zeppelin I,Led Zeppelin,1,0.99,0.99
263,4,Bjørn Hansen,Norway,2024-02-27 00:00:00,2024,02,1632,Living Loving Maid (She's Just A Woman),Rock,Led Zeppelin II,Led Zeppelin,1,0.99,0.99
263,4,Bjørn Hansen,Norway,2024-02-27 00:00:00,2024,02,1638,Celebration Day,Rock,Led Zeppelin III,Led Zeppelin,1,0.99,0.99
263,4,Bjørn Hansen,Norway,2024-02-27 00:00:00,2024,02,1644,Bron-Y-Aur Stomp,Rock,Led Zeppelin III,Led Zeppelin,1,0.99,0.99
263,4,Bjørn Hansen,Norway,2024-02-27 00:00:00,2024,02,1650,Night Flight,Rock,Physical Graffiti [Disc 2],Led Zeppelin,1,0.99,0.99
263,4,Bjørn Hansen,Norway,2024-02-27 00:00:00,2024,02,1656,For Your Life,Rock,Presence,Led Zeppelin,1,0.99,0.99
263,4,Bjørn Hansen,Norway,2024-02-27 00:00:00,2024,02,1662,Rock & Roll,Rock,The Song Remains The Same (Disc 1),Led Zeppelin,1,0.99,0.99
263,4,Bjørn Hansen,Norway,2024-02-27 00:00:00,2024,02,1668,Stairway To Heaven,Rock,The Song Remains The Same (Disc 2),Led Zeppelin,1,0.99,0.99
264,13,Fernanda Ramos,Brazil,2024-03-03 00:00:00,2024,03,1677,Aloha,Latin,A TempestadeTempestade Ou O Livro Dos Dias,Legião Urbana,1,0.99,0.99
264,13,Fernanda Ramos,Brazil,2024-03-03 00:00:00,2024,03,1686,Será,Latin,Mais Do Mesmo,Legião Urbana,1,0.99,0.99
264,13,Fernanda Ramos,Brazil,2024-03-03 00:00:00,2024,03,1695,Pais E Filhos,Latin,Mais Do Mesmo,Legião Urbana,1,0.99,0.99
264,13,Fernanda Ramos,Brazil,2024-03-03 00:00:00,2024,03,1704,Rock And Roll Is Dead,Rock,Greatest Hits,Lenny Kravitz,1,0.99,0.99
264,13,Fernanda Ramos,Brazil,2024-03-03 00:00:00,2024,03,1713,I Belong To You,Rock,Greatest Hits,Lenny Kravitz,1,0.99,0.99
264,13,Fernanda Ramos,Brazil,2024-03-03 00:00:00,2024,03,1722,Casa,Latin,Lulu Santos - RCA 100 Anos De Música - Álbum 01,Lulu Santos,1,0.99,0.99
264,13,Fernanda Ramos,Brazil,2024-03-03 00:00:00,2024,03,1731,A Cura,Latin,Lulu Santos - RCA 100 Anos De Música - Álbum 01,Lulu Santos,1,0.99,0.99
264,13,Fernanda Ramos,Brazil,2024-03-03 00:00:00,2024,03,1740,Sereia,Latin,Lulu Santos - RCA 100 Anos De Música - Álbum 01,Lulu Santos,1,0.99,0.99
264,13,Fernanda Ramos,Brazil,2024-03-03 00:00:00,2024,03,1749,Heart Of Lothian: Wide Boy / Curtain Call,Rock,Misplaced Childhood,Marillion,1,0.99,0.99
264,13,Fernanda Ramos,Brazil,2024-03-03 00:00:00,2024,03,1758,Cérebro Eletrônico,Latin,Barulhinho Bom,Marisa Monte,1,0.99,0.99
264,13,Fernanda Ramos,Brazil,2024-03-03 00:00:00,2024,03,1767,A Menina Dança,Latin,Barulhinho Bom,Marisa Monte,1,0.99,0.99
264,13,Fernanda Ramos,Brazil,2024-03-03 00:00:00,2024,03,1776,You've Been A Long Time Coming,R&B/Soul,Seek And Shall Find: More Of The Best (1963-1981),Marvin Gaye,1,0.99,0.99
264,13,Fernanda Ramos,Brazil,2024-03-03 00:00:00,2024,03,1785,"Abraham, Martin And John",R&B/Soul,Seek And Shall Find: More Of The Best (1963-1981),Marvin Gaye,1,0.99,0.99
264,13,Fernanda Ramos,Brazil,2024-03-03 00:00:00,2024,03,1794,Everything I Need,Rock,The Best Of Men At Work,Men At Work,1,0.99,0.99
265,27,Patrick Gray,USA,2024-03-11 00:00:00,2024,03,1808,Nothing Else Matters,Metal,Black Album,Metallica,1,0.99,0.99
266,28,Julia Barnett,USA,2024-03-24 00:00:00,2024,03,1809,Of Wolf And Man,Metal,Black Album,Metallica,1,0.99,0.99
266,28,Julia Barnett,USA,2024-03-24 00:00:00,2024,03,1810,The God That Failed,Metal,Black Album,Metallica,1,0.99,0.99
267,30,Edward Francis,Canada,2024-03-24 00:00:00,2024,03,1812,The Struggle Within,Metal,Black Album,Metallica,1,0.99,0.99
267,30,Edward Francis,Canada,2024-03-24 00:00:00,2024,03,1814,The Small Hours,Metal,Garage Inc. (Disc 2),Metallica,1,0.99,0.99
268,32,Aaron Mitchell,Canada,2024-03-25 00:00:00,2024,03,1816,Crash Course In Brain Surgery,Metal,Garage Inc. (Disc 2),Metallica,1,0.99,0.99
268,32,Aaron Mitchell,Canada,2024-03-25 00:00:00,2024,03,1818,Am I Evil?,Metal,Garage Inc. (Disc 2),Metallica,1,0.99,0.99
268,32,Aaron Mitchell,Canada,2024-03-25 00:00:00,2024,03,1820,Breadfan,Metal,Garage Inc. (Disc 2),Metallica,1,0.99,0.99
268,32,Aaron Mitchell,Canada,2024-03-25 00:00:00,2024,03,1822,Stone Cold Crazy,Metal,Garage Inc. (Disc 2),Metallica,1,0.99,0.99
269,36,Hannah Schneider,Germany,2024-03-26 00:00:00,2024,03,1826,Damage Case,Metal,Garage Inc. (Disc 2),Metallica,1,0.99,0.99
269,36,Hannah Schneider,Germany,2024-03-26 00:00:00,2024,03,1830,The Four Horsemen,Metal,Kill 'Em All,Metallica,1,0.99,0.99
269,36,Hannah Schneider,Germany,2024-03-26 00:00:00,2024,03,1834,Whiplash,Metal,Kill 'Em All,Metallica,1,0.99,0.99
269,36,Hannah Schneider,Germany,2024-03-26 00:00:00,2024,03,1838,Metal Militia,Metal,Kill 'Em All,Metallica,1,0.99,0.99
269,36,Hannah Schneider,Germany,2024-03-26 00:00:00,2024,03,1842,Until It Sleeps,Metal,Load,Metallica,1,0.99,0.99
269,36,Hannah Schneider,Germany,2024-03-26 00:00:00,2024,03,1846,Cure,Metal,Load,Metallica,1,0.99,0.99
270,42,Wyatt Girard,France,2024-03-29 00:00:00,2024,03,1852,The Outlaw Torn,Metal,Load,Metallica,1,0.99,0.99
270,42,Wyatt Girard,France,2024-03-29 00:00:00,2024,03,1858,Leper Messiah,Metal,Master Of Puppets,Metallica,1,0.99,0.99
270,42,Wyatt Girard,France,2024-03-29 00:00:00,2024,03,1864,The Unforgiven II,Metal,ReLoad,Metallica,1,0.99,0.99
270,42,Wyatt Girard,France,2024-03-29 00:00:00,2024,03,1870,Prince Charming,Metal,ReLoad,Metallica,1,0.99,0.99
270,42,Wyatt Girard,France,2024-03-29 00:00:00,2024,03,1876,For Whom The Bell Tolls,Metal,Ride The Lightning,Metallica,1,0.99,0.99
270,42,Wyatt Girard,France,2024-03-29 00:00:00,2024,03,1882,Frantic,Metal,St. Anger,Metallica,1,0.99,0.99
270,42,Wyatt Girard,France,2024-03-29 00:00:00,2024,03,1888,Shoot Me Again,Metal,St. Anger,Metallica,1,0.99,0.99
270,42,Wyatt Girard,France,2024-03-29 00:00:00,2024,03,1894,...And Justice For All,Metal,...And Justice For All,Metallica,1,0.99,0.99
270,42,Wyatt Girard,France,2024-03-29 00:00:00,2024,03,1900,To Live Is To Die,Metal,...And Justice For All,Metallica,1,0.99,0.99
271,51,Joakim Johansson,Sweden,2024-04-03 00:00:00,2024,04,1909,The Meaning Of The Blues,Jazz,Miles Ahead,Miles Davis,1,0.99,0.99
271,51,Joakim Johansson,Sweden,2024-04-03 00:00:00,2024,04,1918,Paisagem Na Janela,Latin,Milton Nascimento Ao Vivo,Milton Nascimento,1,0.99,0.99
271,51,Joakim Johansson,Sweden,2024-04-03 00:00:00,2024,04,1927,Para Lennon E McCartney,Latin,Milton Nascimento Ao Vivo,Milton Nascimento,1,0.99,0.99
271,51,Joakim Johansson,Sweden,2024-04-03 00:00:00,2024,04,1936,Idolatrada,Latin,Minas,Milton Nascimento,1,0.99,0.99
271,51,Joakim Johansson,Sweden,2024-04-03 00:00:00,2024,04,1945,Live To Win,Metal,Ace Of Spades,Motörhead,1,0.99,0.99
271,51,Joakim Johansson,Sweden,2024-04-03 00:00:00,2024,04,1954,Dirty Love,Metal,Ace Of Spades,Motörhead,1,0.99,0.99
271,51,Joakim Johansson,Sweden,2024-04-03 00:00:00,2024,04,1963,É Fogo,World,Demorou...,Mônica Marianno,1,0.99,0.99
271,51,Joakim Johansson,Sweden,2024-04-03 00:00:00,2024,04,1972,Kickstart My Heart,Metal,Motley Crue Greatest Hits,Mötley Crüe,1,0.99,0.99
271,51,Joakim Johansson,Sweden,2024-04-03 00:00:00,2024,04,1981,Smokin' in The Boys Room,Metal,Motley Crue Greatest Hits,Mötley Crüe,1,0.99,0.99
271,51,Joakim Johansson,Sweden,2024-04-03 00:00:00,2024,04,1990,Smells Like Teen Spirit,Rock,From The Muddy Banks Of The Wishkah [Live],Nirvana,1,0.99,0.99
271,51,Joakim Johansson,Sweden,2024-04-03 00:00:00,2024,04,1999,Polly,Rock,From The Muddy Banks Of The Wishkah [Live],Nirvana,1,0.99,0.99
271,51,Joakim Johansson,Sweden,2024-04-03 00:00:00,2024,04,2008,Polly,Rock,Nevermind,Nirvana,1,0.99,0.99
271,51,Joakim Johansson,Sweden,2024-04-03 00:00:00,2024,04,2017,Sangue Latino,Rock,Compositores,O Terço,1,0.99,0.99
271,51,Joakim Johansson,Sweden,2024-04-03 00:00:00,2024,04,2026,Às Vezes,Rock,Compositores,O Terço,1,0.99,0.99
272,6,Helena Holý,Czech Republic,2024-04-11 00:00:00,2024,04,2040,Revolta Olodum,Latin,Olodum,Olodum,1,0.99,0.99
273,7,Astrid Gruber,Austria,2024-04-24 00:00:00,2024,04,2041,Reggae Odoyá,Latin,Olodum,Olodum,1,0.99,0.99
273,7,Astrid Gruber,Austria,2024-04-24 00:00:00,2024,04,2042,Protesto Do Olodum (Ao Vivo),Latin,Olodum,Olodum,1,0.99,0.99
274,9,Kara Nielsen,Denmark,2024-04-24 00:00:00,2024,04,2044,Vulcão Dub - Fui Eu,Latin,Acústico MTV,Os Paralamas Do Sucesso,1,0.99,0.99
274,9,Kara Nielsen,Denmark,2024-04-24 00:00:00,2024,04,2046,Manguetown,Latin,Acústico MTV,Os Paralamas Do Sucesso,1,0.99,0.99
275,11,Alexandre Rocha,Brazil,2024-04-25 00:00:00,2024,04,2048,Bora-Bora,Latin,Acústico MTV,Os Paralamas Do Sucesso,1,0.99,0.99
275,11,Alexandre Rocha,Brazil,2024-04-25 00:00:00,2024,04,2050,I Feel Good (I Got You) - Sossego,Latin,Acústico MTV,Os Paralamas Do Sucesso,1,0.99,0.99
275,11,Alexandre Rocha,Brazil,2024-04-25 00:00:00,2024,04,2052,Sincero Breu,Latin,Acústico MTV,Os Paralamas Do Sucesso,1,0.99,0.99
275,11,Alexandre Rocha,Brazil,2024-04-25 00:00:00,2024,04,2054,Selvagem,Latin,Acústico MTV,Os Paralamas Do Sucesso,1,0.99,0.99
276,15,Jennifer Peterson,Canada,2024-04-26 00:00:00,2024,04,2058,Navegar Impreciso,Latin,Acústico MTV,Os Paralamas Do Sucesso,1,0.99,0.99
276,15,Jennifer Peterson,Canada,2024-04-26 00:00:00,2024,04,2062,Life During Wartime,Latin,Acústico MTV,Os Paralamas Do Sucesso,1,0.99,0.99
276,15,Jennifer Peterson,Canada,2024-04-26 00:00:00,2024,04,2066,Tendo A Lua,Latin,Arquivo II,Os Paralamas Do Sucesso,1,0.99,0.99
276,15,Jennifer Peterson,Canada,2024-04-26 00:00:00,2024,04,2070,Busca Vida,Latin,Arquivo II,Os Paralamas Do Sucesso,1,0.99,0.99
276,15,Jennifer Peterson,Canada,2024-04-26 00:00:00,2024,04,2074,Ela Disse Adeus,Latin,Arquivo II,Os Paralamas Do Sucesso,1,0.99,0.99
276,15,Jennifer Peterson,Canada,2024-04-26 00:00:00,2024,04,2078,Óculos,Latin,Arquivo Os Paralamas Do Sucesso,Os Paralamas Do Sucesso,1,0.99,0.99
277,21,Kathy Chase,USA,2024-04-29 00:00:00,2024,04,2084,O Beco,Latin,Arquivo Os Paralamas Do Sucesso,Os Paralamas Do Sucesso,1,0.99,0.99
277,21,Kathy Chase,USA,2024-04-29 00:00:00,2024,04,2090,Romance Ideal,Latin,Arquivo Os Paralamas Do Sucesso,Os Paralamas Do Sucesso,1,0.99,0.99
277,21,Kathy Chase,USA,2024-04-29 00:00:00,2024,04,2096,Flying High Again,Rock,Diary of a Madman (Remastered),Ozzy Osbourne,1,0.99,0.99
277,21,Kathy Chase,USA,2024-04-29 00:00:00,2024,04,2102,Mr. Crowley,Metal,Tribute,Ozzy Osbourne,1,0.99,0.99
277,21,Kathy Chase,USA,2024-04-29 00:00:00,2024,04,2108,Children Of The Grave,Metal,Tribute,Ozzy Osbourne,1,0.99,0.99
277,21,Kathy Chase,USA,2024-04-29 00:00:00,2024,04,2114,When The World Was Young,Rock,Walking Into Clarksdale,Page & Plant,1,0.99,0.99
277,21,Kathy Chase,USA,2024-04-29 00:00:00,2024,04,2120,Walking Into Clarksdale,Rock,Walking Into Clarksdale,Page & Plant,1,0.99,0.99
277,21,Kathy Chase,USA,2024-04-29 00:00:00,2024,04,2126,Slug,Soundtrack,Original Soundtracks 1,Passengers,1,0.99,0.99
277,21,Kathy Chase,USA,2024-04-29 00:00:00,2024,04,2132,Ito Okashi,Soundtrack,Original Soundtracks 1,Passengers,1,0.99,0.99
278,30,Edward Francis,Canada,2024-05-04 00:00:00,2024,05,2141,Prowler,Rock,The Beast Live,Paul D'Ianno,1,0.99,0.99
278,30,Edward Francis,Canada,2024-05-04 00:00:00,2024,05,2150,Given To Fly,Rock,Live On Two Legs [Live],Pearl Jam,1,0.99,0.99
278,30,Edward Francis,Canada,2024-05-04 00:00:00,2024,05,2159,Off He Goes,Rock,Live On Two Legs [Live],Pearl Jam,1,0.99,0.99
278,30,Edward Francis,Canada,2024-05-04 00:00:00,2024,05,2168,Severed Hand,Alternative & Punk,Pearl Jam,Pearl Jam,1,0.99,0.99
278,30,Edward Francis,Canada,2024-05-04 00:00:00,2024,05,2177,Inside Job,Alternative & Punk,Pearl Jam,Pearl Jam,1,0.99,0.99
278,30,Edward Francis,Canada,2024-05-04 00:00:00,2024,05,2186,Get Right,Rock,Riot Act,Pearl Jam,1,0.99,0.99
278,30,Edward Francis,Canada,2024-05-04 00:00:00,2024,05,2195,Alive,Rock,Ten,Pearl Jam,1,0.99,0.99
278,30,Edward Francis,Canada,2024-05-04 00:00:00,2024,05,2204,Go,Rock,Vs.,Pearl Jam,1,0.99,0.99
278,30,Edward Francis,Canada,2024-05-04 00:00:00,2024,05,2213,Elderly Woman Behind The Counter In A Small Town,Rock,Vs.,Pearl Jam,1,0.99,0.99
278,30,Edward Francis,Canada,2024-05-04 00:00:00,2024,05,2222,Bush Doctor,Reggae,Greatest Hits,Lenny Kravitz,1,0.99,0.99
278,30,Edward Francis,Canada,2024-05-04 00:00:00,2024,05,2231,Time,Rock,Dark Side Of The Moon,Pink Floyd,1,0.99,0.99
278,30,Edward Francis,Canada,2024-05-04 00:00:00,2024,05,2240,Hip Hop Rio,Hip Hop/Rap,Os Cães Ladram Mas A Caravana Não Pára,Planet Hemp,1,0.99,0.99
278,30,Edward Francis,Canada,2024-05-04 00:00:00,2024,05,2249,Rappers Reais,Hip Hop/Rap,Os Cães Ladram Mas A Caravana Não Pára,Planet Hemp,1,0.99,0.99
278,30,Edward Francis,Canada,2024-05-04 00:00:00,2024,05,2258,Bicycle Race,Rock,Greatest Hits I,Queen,1,0.99,0.99
279,44,Terhi Hämäläinen,Finland,2024-05-12 00:00:00,2024,05,2272,We Are The Champions,Rock,News Of The World,Queen,1,0.99,0.99
280,45,Ladislav Kovács,Hungary,2024-05-25 00:00:00,2024,05,2273,Sheer Heart Attack,Rock,News Of The World,Queen,1,0.99,0.99
280,45,Ladislav Kovács,Hungary,2024-05-25 00:00:00,2024,05,2274,"All Dead, All Dead",Rock,News Of The World,Queen,1,0.99,0.99
281,47,Lucas Mancini,Italy,2024-05-25 00:00:00,2024,05,2276,Fight From The Inside,Rock,News Of The World,Queen,1,0.99,0.99
281,47,Lucas Mancini,Italy,2024-05-25 00:00:00,2024,05,2278,Sleep On The Sidewalk,Rock,News Of The World,Queen,1,0.99,0.99
282,49,Stanisław Wójcik,Poland,2024-05-26 00:00:00,2024,05,2280,It's Late,Rock,News Of The World,Queen,1,0.99,0.99
282,49,Stanisław Wójcik,Poland,2024-05-26 00:00:00,2024,05,2282,Shiny Happy People,Alternative & Punk,Out Of Time,R.E.M. Feat. Kate Pearson,1,0.99,0.99
282,49,Stanisław Wójcik,Poland,2024-05-26 00:00:00,2024,05,2284,Radio Song,Alternative & Punk,Out Of Time,R.E.M. Feat. Kate Pearson,1,0.99,0.99
282,49,Stanisław Wójcik,Poland,2024-05-26 00:00:00,2024,05,2286,Get Up,Alternative & Punk,Green,R.E.M.,1,0.99,0.99
283,53,Phil Hughes,United Kingdom,2024-05-27 00:00:00,2024,05,2290,The Wrong Child,Alternative & Punk,Green,R.E.M.,1,0.99,0.99
283,53,Phil Hughes,United Kingdom,2024-05-27 00:00:00,2024,05,2294,I Remember California,Alternative & Punk,Green,R.E.M.,1,0.99,0.99
283,53,Phil Hughes,United Kingdom,2024-05-27 00:00:00,2024,05,2298,New Test Leper,Rock,New Adventures In Hi-Fi,R.E.M.,1,0.99,0.99
283,53,Phil Hughes,United Kingdom,2024-05-27 00:00:00,2024,05,2302,Departure,Rock,New Adventures In Hi-Fi,R.E.M.,1,0.99,0.99
283,53,Phil Hughes,United Kingdom,2024-05-27 00:00:00,2024,05,2306,Zither,Rock,New Adventures In Hi-Fi,R.E.M.,1,0.99,0.99
283,53,Phil Hughes,United Kingdom,2024-05-27 00:00:00,2024,05,2310,Losing My Religion,Alternative & Punk,Out Of Time,R.E.M. Feat. Kate Pearson,1,0.99,0.99
284,59,Puja Srivastava,India,2024-05-30 00:00:00,2024,05,2316,Texarkana,Alternative & Punk,Out Of Time,R.E.M. Feat. Kate Pearson,1,0.99,0.99
284,59,Puja Srivastava,India,2024-05-30 00:00:00,2024,05,2322,So Central Rain,Alternative & Punk,The Best Of R.E.M.: The IRS Years,R.E.M.,1,0.99,0.99
284,59,Puja Srivastava,India,2024-05-30 00:00:00,2024,05,2328,Fall On Me,Alternative & Punk,The Best Of R.E.M.: The IRS Years,R.E.M.,1,0.99,0.99
284,59,Puja Srivastava,India,2024-05-30 00:00:00,2024,05,2334,Infeliz Natal,Alternative & Punk,Cesta Básica,Raimundos,1,0.99,0.99
284,59,Puja Srivastava,India,2024-05-30 00:00:00,2024,05,2340,Esporrei Na Manivela,Alternative & Punk,Cesta Básica,Raimundos,1,0.99,0.99
284,59,Puja Srivastava,India,2024-05-30 00:00:00,2024,05,2346,No Fundo Do Quintal Da Escola,Rock,Raul Seixas,Raul Seixas,1,0.99,0.99
284,59,Puja Srivastava,India,2024-05-30 00:00:00,2024,05,2352,Que Luz É Essa,Rock,Raul Seixas,Raul Seixas,1,0.99,0.99
284,59,Puja Srivastava,India,2024-05-30 00:00:00,2024,05,2358,The Power Of Equality,Alternative & Punk,Blood Sugar Sex Magik,Red Hot Chili Peppers,1,0.99,0.99
284,59,Puja Srivastava,India,2024-05-30 00:00:00,2024,05,2364,Mellowship Slinky In B Major,Alternative & Punk,Blood Sugar Sex Magik,Red Hot Chili Peppers,1,0.99,0.99
285,9,Kara Nielsen,Denmark,2024-06-04 00:00:00,2024,06,2373,Sir Psycho Sexy,Alternative & Punk,Blood Sugar Sex Magik,Red Hot Chili Peppers,1,0.99,0.99
285,9,Kara Nielsen,Denmark,2024-06-04 00:00:00,2024,06,2382,I Could Die For You,Rock,By The Way,Red Hot Chili Peppers,1,0.99,0.99
285,9,Kara Nielsen,Denmark,2024-06-04 00:00:00,2024,06,2391,Around The World,Rock,Californication,Red Hot Chili Peppers,1,0.99,0.99
285,9,Kara Nielsen,Denmark,2024-06-04 00:00:00,2024,06,2400,I Like Dirt,Rock,Californication,Red Hot Chili Peppers,1,0.99,0.99
285,9,Kara Nielsen,Denmark,2024-06-04 00:00:00,2024,06,2409,Freewill,Rock,Retrospective I (1974-1980),Rush,1,0.99,0.99
285,9,Kara Nielsen,Denmark,2024-06-04 00:00:00,2024,06,2418,Fly By Night,Rock,Retrospective I (1974-1980),Rush,1,0.99,0.99
285,9,Kara Nielsen,Denmark,2024-06-04 00:00:00,2024,06,2427,Santana Jam,Rock,Santana - As Years Go By,Santana,1,0.99,0.99
285,9,Kara Nielsen,Denmark,2024-06-04 00:00:00,2024,06,2436,The Right Thing,Rock,Greatest Hits,Lenny Kravitz,1,0.99,0.99
285,9,Kara Nielsen,Denmark,2024-06-04 00:00:00,2024,06,2445,For Your Babies,Rock,Greatest Hits,Lenny Kravitz,1,0.99,0.99
285,9,Kara Nielsen,Denmark,2024-06-04 00:00:00,2024,06,2454,Muçulmano,Rock,Maquinarama,Skank,1,0.99,0.99
285,9,Kara Nielsen,Denmark,2024-06-04 00:00:00,2024,06,2463,Zé Trindade,Rock,O Samba Poconé,Skank,1,0.99,0.99
285,9,Kara Nielsen,Denmark,2024-06-04 00:00:00,2024,06,2472,Lucky 13,Alternative & Punk,Judas 0: B-Sides and Rarities,Smashing Pumpkins,1,0.99,0.99
285,9,Kara Nielsen,Denmark,2024-06-04 00:00:00,2024,06,2481,Waiting,Alternative & Punk,Judas 0: B-Sides and Rarities,Smashing Pumpkins,1,0.99,0.99
285,9,Kara Nielsen,Denmark,2024-06-04 00:00:00,2024,06,2490,Drown,Alternative & Punk,Rotten Apples: Greatest Hits,Smashing Pumpkins,1,0.99,0.99
286,23,John Gordon,USA,2024-06-12 00:00:00,2024,06,2504,Real Love,Alternative & Punk,Rotten Apples: Greatest Hits,Smashing Pumpkins,1,0.99,0.99
287,24,Frank Ralston,USA,2024-06-25 00:00:00,2024,06,2505,[Untitled],Alternative & Punk,Rotten Apples: Greatest Hits,Smashing Pumpkins,1,0.99,0.99
287,24,Frank Ralston,USA,2024-06-25 00:00:00,2024,06,2506,Nothing To Say,Rock,A-Sides,Soundgarden,1,0.99,0.99
288,26,Richard Cunningham,USA,2024-06-25 00:00:00,2024,06,2508,Loud Love,Rock,A-Sides,Soundgarden,1,0.99,0.99
288,26,Richard Cunningham,USA,2024-06-25 00:00:00,2024,06,2510,Get On The Snake,Rock,A-Sides,Soundgarden,1,0.99,0.99
289,28,Julia Barnett,USA,2024-06-26 00:00:00,2024,06,2512,Outshined,Rock,A-Sides,Soundgarden,1,0.99,0.99
289,28,Julia Barnett,USA,2024-06-26 00:00:00,2024,06,2514,Spoonman,Rock,A-Sides,Soundgarden,1,0.99,0.99
289,28,Julia Barnett,USA,2024-06-26 00:00:00,2024,06,2516,Black Hole Sun,Rock,A-Sides,Soundgarden,1,0.99,0.99
289,28,Julia Barnett,USA,2024-06-26 00:00:00,2024,06,2518,Pretty Noose,Rock,A-Sides,Soundgarden,1,0.99,0.99
290,32,Aaron Mitchell,Canada,2024-06-27 00:00:00,2024,06,2522,Bleed Together,Rock,A-Sides,Soundgarden,1,0.99,0.99
290,32,Aaron Mitchell,Canada,2024-06-27 00:00:00,2024,06,2526,Song For Lorraine,Jazz,Morning Dance,Spyro Gyra,1,0.99,0.99
290,32,Aaron Mitchell,Canada,2024-06-27 00:00:00,2024,06,2530,Little Linda,Jazz,Morning Dance,Spyro Gyra,1,0.99,0.99
290,32,Aaron Mitchell,Canada,2024-06-27 00:00:00,2024,06,2534,Tightrope,Blues,In Step,Stevie Ray Vaughan & Double Trouble,1,0.99,0.99
290,32,Aaron Mitchell,Canada,2024-06-27 00:00:00,2024,06,2538,Wall Of Denial,Blues,In Step,Stevie Ray Vaughan & Double Trouble,1,0.99,0.99
290,32,Aaron Mitchell,Canada,2024-06-27 00:00:00,2024,06,2542,Dead And Bloated,Rock,Core,Stone Temple Pilots,1,0.99,0.99
291,38,Niklas Schröder,Germany,2024-06-30 00:00:00,2024,06,2548,Creep,Rock,Core,Stone Temple Pilots,1,0.99,0.99
291,38,Niklas Schröder,Germany,2024-06-30 00:00:00,2024,06,2554,Soldier Side - Intro,Metal,Mezmerize,System Of A Down,1,0.99,0.99
291,38,Niklas Schröder,Germany,2024-06-30 00:00:00,2024,06,2560,Violent Pornography,Metal,Mezmerize,System Of A Down,1,0.99,0.99
291,38,Niklas Schröder,Germany,2024-06-30 00:00:00,2024,06,2566,Dark Corners,Rock,[1997] Black Light Syndrome,"Terry Bozzio, Tony Levin & Steve Stevens",1,0.99,0.99
291,38,Niklas Schröder,Germany,2024-06-30 00:00:00,2024,06,2572,Midnight From The Inside Out,Blues,Live [Disc 1],The Black Crowes,1,0.99,0.99
291,38,Niklas Schröder,Germany,2024-06-30 00:00:00,2024,06,2578,Miracle To Me,Blues,Live [Disc 1],The Black Crowes,1,0.99,0.99
291,38,Niklas Schröder,Germany,2024-06-30 00:00:00,2024,06,2584,Title Song,Blues,Live [Disc 2],The Black Crowes,1,0.99,0.99
291,38,Niklas Schröder,Germany,2024-06-30 00:00:00,2024,06,2590,Remedy,Blues,Live [Disc 2],The Black Crowes,1,0.99,0.99
291,38,Niklas Schröder,Germany,2024-06-30 00:00:00,2024,06,2596,Tommy Gun,Alternative & Punk,The Singles,The Clash,1,0.99,0.99
292,47,Lucas Mancini,Italy,2024-07-05 00:00:00,2024,07,2605,This Is Radio Clash,Alternative & Punk,The Singles,The Clash,1,0.99,0.99
292,47,Lucas Mancini,Italy,2024-07-05 00:00:00,2024,07,2614,Nico,Rock,Beyond Good And Evil,The Cult,1,0.99,0.99
292,47,Lucas Mancini,Italy,2024-07-05 00:00:00,2024,07,2623,Lil' Evil,Rock,"Pure Cult: The Best Of The Cult (For Rockers, Ravers, Lovers & Sinners) [UK]",The Cult,1,0.99,0.99
292,47,Lucas Mancini,Italy,2024-07-05 00:00:00,2024,07,2632,Love,Rock,"Pure Cult: The Best Of The Cult (For Rockers, Ravers, Lovers & Sinners) [UK]",The Cult,1,0.99,0.99
292,47,Lucas Mancini,Italy,2024-07-05 00:00:00,2024,07,2641,The Crystal Ship,Rock,The Doors,The Doors,1,0.99,0.99
292,47,Lucas Mancini,Italy,2024-07-05 00:00:00,2024,07,2650,Roxanne,Rock,The Police Greatest Hits,The Police,1,0.99,0.99
292,47,Lucas Mancini,Italy,2024-07-05 00:00:00,2024,07,2659,Every Breath You Take,Rock,The Police Greatest Hits,The Police,1,0.99,0.99
292,47,Lucas Mancini,Italy,2024-07-05 00:00:00,2024,07,2668,As Tears Go By,Rock,"Hot Rocks, 1964-1971 (Disc 1)",The Rolling Stones,1,0.99,0.99
292,47,Lucas Mancini,Italy,2024-07-05 00:00:00,2024,07,2677,You Got Me Rocking,Rock,No Security,The Rolling Stones,1,0.99,0.99
292,47,Lucas Mancini,Italy,2024-07-05 00:00:00,2024,07,2686,Respectable,Rock,No Security,The Rolling Stones,1,0.99,0.99
292,47,Lucas Mancini,Italy,2024-07-05 00:00:00,2024,07,2695,Moon Is Up,Rock,Voodoo Lounge,The Rolling Stones,1,0.99,0.99
292,47,Lucas Mancini,Italy,2024-07-05 00:00:00,2024,07,2704,Mean Disposition,Rock,Voodoo Lounge,The Rolling Stones,1,0.99,0.99
292,47,Lucas Mancini,Italy,2024-07-05 00:00:00,2024,07,2713,Release,Alternative & Punk,Tangents,The Tea Party,1,0.99,0.99
292,47,Lucas Mancini,Italy,2024-07-05 00:00:00,2024,07,2722,Psychopomp,Alternative & Punk,Transmission,The Tea Party,1,0.99,0.99
293,2,Leonie Köhler,Germany,2024-07-13 00:00:00,2024,07,2736,Boris The Spider,Rock,My Generation - The Very Best Of The Who,The Who,1,0.99,0.99
294,3,François Tremblay,Canada,2024-07-26 00:00:00,2024,07,2737,Happy Jack,Rock,My Generation - The Very Best Of The Who,The Who,1,0.99,0.99
294,3,François Tremblay,Canada,2024-07-26 00:00:00,2024,07,2738,Pictures Of Lily,Rock,My Generation - The Very Best Of The Who,The Who,1,0.99,0.99
295,5,František Wichterlová,Czech Republic,2024-07-26 00:00:00,2024,07,2740,Magic Bus,Rock,My Generation - The Very Best Of The Who,The Who,1,0.99,0.99
295,5,František Wichterlová,Czech Republic,2024-07-26 00:00:00,2024,07,2742,The Seeker,Rock,My Generation - The Very Best Of The Who,The Who,1,0.99,0.99
296,7,Astrid Gruber,Austria,2024-07-27 00:00:00,2024,07,2744,Won't Get Fooled Again (Full Length Version),Rock,My Generation - The Very Best Of The Who,The Who,1,0.99,0.99
296,7,Astrid Gruber,Austria,2024-07-27 00:00:00,2024,07,2746,5.15,Rock,My Generation - The Very Best Of The Who,The Who,1,0.99,0.99
296,7,Astrid Gruber,Austria,2024-07-27 00:00:00,2024,07,2748,Squeeze Box,Rock,My Generation - The Very Best Of The Who,The Who,1,0.99,0.99
296,7,Astrid Gruber,Austria,2024-07-27 00:00:00,2024,07,2750,You Better You Bet,Rock,My Generation - The Very Best Of The Who,The Who,1,0.99,0.99
297,11,Alexandre Rocha,Brazil,2024-07-28 00:00:00,2024,07,2754,O Descobridor Dos Sete Mares,Latin,Serie Sem Limite (Disc 1),Tim Maia,1,0.99,0.99
297,11,Alexandre Rocha,Brazil,2024-07-28 00:00:00,2024,07,2758,Não Vou Ficar,Latin,Serie Sem Limite (Disc 1),Tim Maia,1,0.99,0.99
297,11,Alexandre Rocha,Brazil,2024-07-28 00:00:00,2024,07,2762,Cristina Nº 2,Latin,Serie Sem Limite (Disc 1),Tim Maia,1,0.99,0.99
297,11,Alexandre Rocha,Brazil,2024-07-28 00:00:00,2024,07,2766,O Que Me Importa,Latin,Serie Sem Limite (Disc 2),Tim Maia,1,0.99,0.99
297,11,Alexandre Rocha,Brazil,2024-07-28 00:00:00,2024,07,2770,Eu Amo Você,Latin,Serie Sem Limite (Disc 2),Tim Maia,1,0.99,0.99
297,11,Alexandre Rocha,Brazil,2024-07-28 00:00:00,2024,07,2774,Nosso Adeus,Latin,Serie Sem Limite (Disc 2),Tim Maia,1,0.99,0.99
298,17,Jack Smith,USA,2024-07-31 00:00:00,2024,07,2780,Formigueiro,Latin,Serie Sem Limite (Disc 2),Tim Maia,1,0.99,0.99
298,17,Jack Smith,USA,2024-07-31 00:00:00,2024,07,2786,O Pulso,Alternative & Punk,Acústico,Titãs,1,0.99,0.99
298,17,Jack Smith,USA,2024-07-31 00:00:00,2024,07,2792,A Melhor Forma,Alternative & Punk,Acústico,Titãs,1,0.99,0.99
298,17,Jack Smith,USA,2024-07-31 00:00:00,2024,07,2798,Homem Primata,Alternative & Punk,Acústico,Titãs,1,0.99,0.99
298,17,Jack Smith,USA,2024-07-31 00:00:00,2024,07,2804,Lugar Nenhum,Alternative & Punk,Volume Dois,Titãs,1,0.99,0.99
298,17,Jack Smith,USA,2024-07-31 00:00:00,2024,07,2810,Caras Como Eu,Alternative & Punk,Volume Dois,Titãs,1,0.99,0.99
298,17,Jack Smith,USA,2024-07-31 00:00:00,2024,07,2816,Toda Cor,Alternative & Punk,Volume Dois,Titãs,1,0.99,0.99
298,17,Jack Smith,USA,2024-07-31 00:00:00,2024,07,2822,"Exodus, Pt. 2",TV Shows,"Battlestar Galactica, Season 3",Battlestar Galactica,1,1.99,1.99
298,17,Jack Smith,USA,2024-07-31 00:00:00,2024,07,2828,The Passage,Science Fiction,"Battlestar Galactica, Season 3",Battlestar Galactica,1,1.99,1.99
299,26,Richard Cunningham,USA,2024-08-05 00:00:00,2024,08,2837,"Crossroads, Pt. 1",Sci Fi & Fantasy,"Battlestar Galactica, Season 3",Battlestar Galactica,1,1.99,1.99
299,26,Richard Cunningham,USA,2024-08-05 00:00:00,2024,08,2846,Seven Minutes to Midnight,Drama,"Heroes, Season 1",Heroes,1,1.99,1.99
299,26,Richard Cunningham,USA,2024-08-05 00:00:00,2024,08,2855,Company Man,Drama,"Heroes, Season 1",Heroes,1,1.99,1.99
299,26,Richard Cunningham,USA,2024-08-05 00:00:00,2024,08,2864,Orientation,TV Shows,"Lost, Season 2",Lost,1,1.99,1.99
299,26,Richard Cunningham,USA,2024-08-05 00:00:00,2024,08,2873,House of the Rising Sun,TV Shows,"Lost, Season 1",Lost,1,1.99,1.99
299,26,Richard Cunningham,USA,2024-08-05 00:00:00,2024,08,2882,Lost Survival Guide,Drama,"Lost, Season 3",Lost,1,1.99,1.99
299,26,Richard Cunningham,USA,2024-08-05 00:00:00,2024,08,2891,Enter 77,Drama,"Lost, Season 3",Lost,1,1.99,1.99
299,26,Richard Cunningham,USA,2024-08-05 00:00:00,2024,08,2900,Exposé,Drama,"Lost, Season 3",Lost,1,1.99,1.99
299,26,Richard Cunningham,USA,2024-08-05 00:00:00,2024,08,2909,Catch-22,Drama,"Lost, Season 3",Lost,1,1.99,1.99
299,26,Richard Cunningham,USA,2024-08-05 00:00:00,2024,08,2918,"""?""",TV Shows,"Lost, Season 2",Lost,1,1.99,1.99
299,26,Richard Cunningham,USA,2024-08-05 00:00:00,2024,08,2927,Even Better Than The Real Thing,Rock,Achtung Baby,U2,1,0.99,0.99
299,26,Richard Cunningham,USA,2024-08-05 00:00:00,2024,08,2936,Acrobat,Rock,Achtung Baby,U2,1,0.99,0.99
299,26,Richard Cunningham,USA,2024-08-05 00:00:00,2024,08,2945,Peace On Earth,Rock,All That You Can't Leave Behind,U2,1,0.99,0.99
299,26,Richard Cunningham,USA,2024-08-05 00:00:00,2024,08,2954,Dancing Barefoot,Rock,B-Sides 1980-1990,U2,1,0.99,0.99
300,40,Dominique Lefebvre,France,2024-08-13 00:00:00,2024,08,2968,City Of Blinding Lights,Rock,How To Dismantle An Atomic Bomb,U2,1,0.99,0.99
301,41,Marc Dubois,France,2024-08-26 00:00:00,2024,08,2969,All Because Of You,Rock,How To Dismantle An Atomic Bomb,U2,1,0.99,0.99
301,41,Marc Dubois,France,2024-08-26 00:00:00,2024,08,2970,A Man And A Woman,Rock,How To Dismantle An Atomic Bomb,U2,1,0.99,0.99
302,43,Isabelle Mercier,France,2024-08-26 00:00:00,2024,08,2972,One Step Closer,Rock,How To Dismantle An Atomic Bomb,U2,1,0.99,0.99
302,43,Isabelle Mercier,France,2024-08-26 00:00:00,2024,08,2974,Yahweh,Rock,How To Dismantle An Atomic Bomb,U2,1,0.99,0.99
303,45,Ladislav Kovács,Hungary,2024-08-27 00:00:00,2024,08,2976,Do You Feel Loved,Rock,Pop,U2,1,0.99,0.99
303,45,Ladislav Kovács,Hungary,2024-08-27 00:00:00,2024,08,2978,If God Will Send His Angels,Rock,Pop,U2,1,0.99,0.99
303,45,Ladislav Kovács,Hungary,2024-08-27 00:00:00,2024,08,2980,Last Night On Earth,Rock,Pop,U2,1,0.99,0.99
303,45,Ladislav Kovács,Hungary,2024-08-27 00:00:00,2024,08,2982,Miami,Rock,Pop,U2,1,0.99,0.99
304,49,Stanisław Wójcik,Poland,2024-08-28 00:00:00,2024,08,2986,Wake Up Dead Man,Rock,Pop,U2,1,0.99,0.99
304,49,Stanisław Wójcik,Poland,2024-08-28 00:00:00,2024,08,2990,Hawkmoon 269,Rock,Rattle And Hum,U2,1,0.99,0.99
304,49,Stanisław Wójcik,Poland,2024-08-28 00:00:00,2024,08,2994,Silver And Gold,Rock,Rattle And Hum,U2,1,0.99,0.99
304,49,Stanisław Wójcik,Poland,2024-08-28 00:00:00,2024,08,2998,When Love Comes To Town,Rock,Rattle And Hum,U2,1,0.99,0.99
304,49,Stanisław Wójcik,Poland,2024-08-28 00:00:00,2024,08,3002,Bullet The Blue Sky,Rock,Rattle And Hum,U2,1,0.99,0.99
304,49,Stanisław Wójcik,Poland,2024-08-28 00:00:00,2024,08,3006,With Or Without You,Rock,The Best Of 1980-1990,U2,1,0.99,0.99
305,55,Mark Taylor,Australia,2024-08-31 00:00:00,2024,08,3012,The Unforgettable Fire,Rock,The Best Of 1980-1990,U2,1,0.99,0.99
305,55,Mark Taylor,Australia,2024-08-31 00:00:00,2024,08,3018,Sunday Bloody Sunday,Rock,War,U2,1,0.99,0.99
305,55,Mark Taylor,Australia,2024-08-31 00:00:00,2024,08,3024,Two Hearts Beat As One,Rock,War,U2,1,0.99,0.99
305,55,Mark Taylor,Australia,2024-08-31 00:00:00,2024,08,3030,Numb,Rock,Zooropa,U2,1,0.99,0.99
305,55,Mark Taylor,Australia,2024-08-31 00:00:00,2024,08,3036,Dirty Day,Rock,Zooropa,U2,1,0.99,0.99
305,55,Mark Taylor,Australia,2024-08-31 00:00:00,2024,08,3042,Here I Am (Come And Take Me),Reggae,UB40 The Best Of - Volume Two [UK],UB40,1,0.99,0.99
305,55,Mark Taylor,Australia,2024-08-31 00:00:00,2024,08,3048,C'est La Vie,Reggae,UB40 The Best Of - Volume Two [UK],UB40,1,0.99,0.99
305,55,Mark Taylor,Australia,2024-08-31 00:00:00,2024,08,3054,Cathedral,Rock,Diver Down,Van Halen,1,0.99,0.99
305,55,Mark Taylor,Australia,2024-08-31 00:00:00,2024,08,3060,Little Guitars,Rock,Diver Down,Van Halen,1,0.99,0.99
306,5,František Wichterlová,Czech Republic,2024-09-05 00:00:00,2024,09,3069,Unchained,Rock,"The Best Of Van Halen, Vol. I",Van Halen,1,0.99,0.99
306,5,František Wichterlová,Czech Republic,2024-09-05 00:00:00,2024,09,3078,Humans Being,Rock,"The Best Of Van Halen, Vol. I",Van Halen,1,0.99,0.99
306,5,František Wichterlová,Czech Republic,2024-09-05 00:00:00,2024,09,3087,Atomic Punk,Rock,Van Halen,Van Halen,1,0.99,0.99
306,5,František Wichterlová,Czech Republic,2024-09-05 00:00:00,2024,09,3096,Dirty Water Dog,Rock,Van Halen III,Van Halen,1,0.99,0.99
306,5,František Wichterlová,Czech Republic,2024-09-05 00:00:00,2024,09,3105,Do It For The Kids,Rock,Contraband,Velvet Revolver,1,0.99,0.99
306,5,František Wichterlová,Czech Republic,2024-09-05 00:00:00,2024,09,3114,Slither,Rock,Contraband,Velvet Revolver,1,0.99,0.99
306,5,František Wichterlová,Czech Republic,2024-09-05 00:00:00,2024,09,3123,Samba Pra Endrigo,Latin,Vinicius De Moraes,Vinícius De Moraes,1,0.99,0.99
306,5,František Wichterlová,Czech Republic,2024-09-05 00:00:00,2024,09,3132,Still Of The Night,Metal,Greatest Hits,Lenny Kravitz,1,0.99,0.99
306,5,František Wichterlová,Czech Republic,2024-09-05 00:00:00,2024,09,3141,You're Gonna Break My Hart Again,Metal,Greatest Hits,Lenny Kravitz,1,0.99,0.99
306,5,František Wichterlová,Czech Republic,2024-09-05 00:00:00,2024,09,3150,Coração Em Desalinho,Latin,Ao Vivo [IMPORT],Zeca Pagodinho,1,0.99,0.99
306,5,František Wichterlová,Czech Republic,2024-09-05 00:00:00,2024,09,3159,Camarão que Dorme e Onda Leva,Latin,Ao Vivo [IMPORT],Zeca Pagodinho,1,0.99,0.99
306,5,František Wichterlová,Czech Republic,2024-09-05 00:00:00,2024,09,3168,The Hard Part,Drama,"Heroes, Season 1",Heroes,1,1.99,1.99
306,5,František Wichterlová,Czech Republic,2024-09-05 00:00:00,2024,09,3177,Hot Girl,TV Shows,"The Office, Season 1",The Office,1,1.99,1.99
306,5,František Wichterlová,Czech Republic,2024-09-05 00:00:00,2024,09,3186,Email Surveillance,TV Shows,"The Office, Season 2",The Office,1,1.99,1.99
307,19,Tim Goyer,USA,2024-09-13 00:00:00,2024,09,3200,Gay Witch Hunt,TV Shows,"The Office, Season 3",The Office,1,1.99,1.99
308,20,Dan Miller,USA,2024-09-26 00:00:00,2024,09,3201,The Convention,TV Shows,"The Office, Season 3",The Office,1,1.99,1.99
308,20,Dan Miller,USA,2024-09-26 00:00:00,2024,09,3202,The Coup,TV Shows,"The Office, Season 3",The Office,1,1.99,1.99
309,22,Heather Leacock,USA,2024-09-26 00:00:00,2024,09,3204,The Initiation,TV Shows,"The Office, Season 3",The Office,1,1.99,1.99
309,22,Heather Leacock,USA,2024-09-26 00:00:00,2024,09,3206,Branch Closing,TV Shows,"The Office, Season 3",The Office,1,1.99,1.99
310,24,Frank Ralston,USA,2024-09-27 00:00:00,2024,09,3208,The Convict,Comedy,"The Office, Season 3",The Office,1,1.99,1.99
310,24,Frank Ralston,USA,2024-09-27 00:00:00,2024,09,3210,Back from Vacation,Comedy,"The Office, Season 3",The Office,1,1.99,1.99
310,24,Frank Ralston,USA,2024-09-27 00:00:00,2024,09,3212,Producer's Cut: The Return,Comedy,"The Office, Season 3",The Office,1,1.99,1.99
310,24,Frank Ralston,USA,2024-09-27 00:00:00,2024,09,3214,Phyllis's Wedding,Comedy,"The Office, Season 3",The Office,1,1.99,1.99
311,28,Julia Barnett,USA,2024-09-28 00:00:00,2024,09,3218,Safety Training,Comedy,"The Office, Season 3",The Office,1,1.99,1.99
311,28,Julia Barnett,USA,2024-09-28 00:00:00,2024,09,3222,The Job,Comedy,"The Office, Season 3",The Office,1,1.99,1.99
311,28,Julia Barnett,USA,2024-09-28 00:00:00,2024,09,3226,"Battlestar Galactica, Pt. 1",Sci Fi & Fantasy,"Battlestar Galactica (Classic), Season 1",Battlestar Galactica (Classic),1,1.99,1.99
311,28,Julia Barnett,USA,2024-09-28 00:00:00,2024,09,3230,"Lost Planet of the Gods, Pt. 2",Sci Fi & Fantasy,"Battlestar Galactica (Classic), Season 1",Battlestar Galactica (Classic),1,1.99,1.99
311,28,Julia Barnett,USA,2024-09-28 00:00:00,2024,09,3234,"The Gun On Ice Planet Zero, Pt. 2",Sci Fi & Fantasy,"Battlestar Galactica (Classic), Season 1",Battlestar Galactica (Classic),1,1.99,1.99
311,28,Julia Barnett,USA,2024-09-28 00:00:00,2024,09,3238,"The Living Legend, Pt. 2",Sci Fi & Fantasy,"Battlestar Galactica (Classic), Season 1",Battlestar Galactica (Classic),1,1.99,1.99
312,34,João Fernandes,Portugal,2024-10-01 00:00:00,2024,10,3244,"Greetings from Earth, Pt. 1",Sci Fi & Fantasy,"Battlestar Galactica (Classic), Season 1",Battlestar Galactica (Classic),1,1.99,1.99
312,34,João Fernandes,Portugal,2024-10-01 00:00:00,2024,10,3250,Pilot,TV Shows,Aquaman,Aquaman,1,1.99,1.99
312,34,João Fernandes,Portugal,2024-10-01 00:00:00,2024,10,3256,Give Peace a Chance,Pop,Instant Karma: The Amnesty International Campaign to Save Darfur,U2,1,0.99,0.99
312,34,João Fernandes,Portugal,2024-10-01 00:00:00,2024,10,3262,Imagine,Pop,Instant Karma: The Amnesty International Campaign to Save Darfur,U2,1,0.99,0.99
312,34,João Fernandes,Portugal,2024-10-01 00:00:00,2024,10,3268,Beautiful Boy,Pop,Instant Karma: The Amnesty International Campaign to Save Darfur,U2,1,0.99,0.99
312,34,João Fernandes,Portugal,2024-10-01 00:00:00,2024,10,3274,God,Pop,Instant Karma: The Amnesty International Campaign to Save Darfur,U2,1,0.99,0.99
312,34,João Fernandes,Portugal,2024-10-01 00:00:00,2024,10,3280,War Pigs,Rock,Speak of the Devil,Ozzy Osbourne,1,0.99,0.99
312,34,João Fernandes,Portugal,2024-10-01 00:00:00,2024,10,3286,Iron Man/Children of the Grave,Rock,Speak of the Devil,Ozzy Osbourne,1,0.99,0.99
312,34,João Fernandes,Portugal,2024-10-01 00:00:00,2024,10,3292,Still Loving You,Rock,20th Century Masters - The Millennium Collection: The Best of Scorpions,Scorpions,1,0.99,0.99
313,43,Isabelle Mercier,France,2024-10-06 00:00:00,2024,10,3301,Salutations,Hip Hop/Rap,House of Pain,House Of Pain,1,0.99,0.99
313,43,Isabelle Mercier,France,2024-10-06 00:00:00,2024,10,3310,Commercial 2,Hip Hop/Rap,House of Pain,House Of Pain,1,0.99,0.99
313,43,Isabelle Mercier,France,2024-10-06 00:00:00,2024,10,3319,Instinto Colectivo,Electronica/Dance,Radio Brasil (O Som da Jovem Vanguarda) - Seleccao de Henrique Amaro,O Rappa,1,0.99,0.99
313,43,Isabelle Mercier,France,2024-10-06 00:00:00,2024,10,3328,Armadura,Electronica/Dance,Radio Brasil (O Som da Jovem Vanguarda) - Seleccao de Henrique Amaro,O Rappa,1,0.99,0.99
313,43,Isabelle Mercier,France,2024-10-06 00:00:00,2024,10,3337,"Past, Present, and Future",Drama,"LOST, Season 4",Lost,1,1.99,1.99
313,43,Isabelle Mercier,France,2024-10-06 00:00:00,2024,10,3346,Ji Yeon,TV Shows,"LOST, Season 4",Lost,1,1.99,1.99
313,43,Isabelle Mercier,France,2024-10-06 00:00:00,2024,10,3355,Love Comes,Rock,Every Kind of Light,The Posies,1,0.99,0.99
313,43,Isabelle Mercier,France,2024-10-06 00:00:00,2024,10,3364,"There's No Place Like Home, Pt. 3",Drama,"LOST, Season 4",Lost,1,1.99,1.99
313,43,Isabelle Mercier,France,2024-10-06 00:00:00,2024,10,3373,Four Walled World,Alternative,Temple of the Dog,Temple of the Dog,1,0.99,0.99
313,43,Isabelle Mercier,France,2024-10-06 00:00:00,2024,10,3382,Billie Jean,Alternative,Carry On,Chris Cornell,1,0.99,0.99
313,43,Isabelle Mercier,France,2024-10-06 00:00:00,2024,10,3391,Sound of a Gun,Alternative,Revelations,Audioslave,1,0.99,0.99
313,43,Isabelle Mercier,France,2024-10-06 00:00:00,2024,10,3400,Moth,Alternative,Revelations,Audioslave,1,0.99,0.99
313,43,Isabelle Mercier,France,2024-10-06 00:00:00,2024,10,3409,"Suite for Solo Cello No. 1 in G Major, BWV 1007: I. Prélude",Classical,Bach: The Cello Suites,Yo-Yo Ma,1,0.99,0.99
313,43,Isabelle Mercier,France,2024-10-06 00:00:00,2024,10,3418,Die Walküre: The Ride of the Valkyries,Classical,Wagner: Favourite Overtures,Sir Georg Solti & Wiener Philharmoniker,1,0.99,0.99
314,57,Luis Rojas,Chile,2024-10-14 00:00:00,2024,10,3432,"Scheherazade, Op. 35: I. The Sea and Sindbad's Ship",Classical,Scheherazade,Chicago Symphony Orchestra & Fritz Reiner,1,0.99,0.99
315,58,Manoj Pareek,India,2024-10-27 00:00:00,2024,10,3433,"Concerto No.2 in F Major, BWV1047, I. Allegro",Classical,Bach: The Brandenburg Concertos,Orchestra of The Age of Enlightenment,1,0.99,0.99
315,58,Manoj Pareek,India,2024-10-27 00:00:00,2024,10,3434,"Concerto for Piano No. 2 in F Minor, Op. 21: II. Larghetto",Classical,Chopin: Piano Concertos Nos. 1 & 2,"Emanuel Ax, Eugene Ormandy & Philadelphia Orchestra",1,0.99,0.99
316,1,Luís Gonçalves,Brazil,2024-10-27 00:00:00,2024,10,3436,"Karelia Suite, Op.11: 2. Ballade (Tempo Di Menuetto)",Classical,Sibelius: Finlandia,Berliner Philharmoniker & Hans Rosbaud,1,0.99,0.99
316,1,Luís Gonçalves,Brazil,2024-10-27 00:00:00,2024,10,3438,Fantasia On Greensleeves,Classical,The World of Classical Favourites,Academy of St. Martin in the Fields & Sir Neville Marriner,1,0.99,0.99
317,3,François Tremblay,Canada,2024-10-28 00:00:00,2024,10,3440,"Concerto for Cello and Orchestra in E minor, Op. 85: I. Adagio - Moderato",Classical,Elgar: Cello Concerto & Vaughan Williams: Fantasias,"Felix Schmidt, London Symphony Orchestra & Rafael Frühbeck de Burgos",1,0.99,0.99
317,3,François Tremblay,Canada,2024-10-28 00:00:00,2024,10,3442,"Wellington's Victory or the Battle Symphony, Op.91: 2. Symphony of Triumph",Classical,"Tchaikovsky: 1812 Festival Overture, Op.49, Capriccio Italien & Beethoven: Wellington's Victory",Antal Doráti & London Symphony Orchestra,1,0.99,0.99
317,3,François Tremblay,Canada,2024-10-28 00:00:00,2024,10,3444,Romeo et Juliette: No. 11 - Danse des Chevaliers,Classical,Prokofiev: Romeo & Juliet,Michael Tilson Thomas & San Francisco Symphony,1,0.99,0.99
317,3,François Tremblay,Canada,2024-10-28 00:00:00,2024,10,3446,"Symphonie Fantastique, Op. 14: V. Songe d'une nuit du sabbat",Classical,Berlioz: Symphonie Fantastique,Michael Tilson Thomas & San Francisco Symphony,1,0.99,0.99
318,7,Astrid Gruber,Austria,2024-10-29 00:00:00,2024,10,3450,"Peer Gynt Suite No.1, Op.46: 1. Morning Mood",Classical,Grieg: Peer Gynt Suites & Sibelius: Pelléas et Mélisande,Berliner Philharmoniker & Herbert Von Karajan,1,0.99,0.99
318,7,Astrid Gruber,Austria,2024-10-29 00:00:00,2024,10,3454,"Symphony No. 41 in C Major, K. 551, ""Jupiter"": IV. Molto allegro",Classical,Mozart: Symphonies Nos. 40 & 41,Berliner Philharmoniker & Herbert Von Karajan,1,0.99,0.99
318,7,Astrid Gruber,Austria,2024-10-29 00:00:00,2024,10,3458,Just Friends,R&B/Soul,Back to Black,Amy Winehouse,1,0.99,0.99
318,7,Astrid Gruber,Austria,2024-10-29 00:00:00,2024,10,3462,Wake Up Alone,R&B/Soul,Back to Black,Amy Winehouse,1,0.99,0.99
318,7,Astrid Gruber,Austria,2024-10-29 00:00:00,2024,10,3466,Rehab (Hot Chip Remix),R&B/Soul,Back to Black,Amy Winehouse,1,0.99,0.99
318,7,Astrid Gruber,Austria,2024-10-29 00:00:00,2024,10,3470,I Heard Love Is Blind,Pop,Frank,Amy Winehouse,1,0.99,0.99
319,13,Fernanda Ramos,Brazil,2024-11-01 00:00:00,2024,11,3476,Help Yourself,Pop,Frank,Amy Winehouse,1,0.99,0.99
319,13,Fernanda Ramos,Brazil,2024-11-01 00:00:00,2024,11,3482,"Suite No. 3 in D, BWV 1068: III. Gavotte I & II",Classical,Bach: Orchestral Suites Nos. 1 - 4,"Academy of St. Martin in the Fields, Sir Neville Marriner & Thurston Dart",1,0.99,0.99
319,13,Fernanda Ramos,Brazil,2024-11-01 00:00:00,2024,11,3488,"Music for the Funeral of Queen Mary: VI. ""Thou Knowest, Lord, the Secrets of Our Hearts""",Classical,Purcell: Music for the Queen Mary,"Equale Brass Ensemble, John Eliot Gardiner & Munich Monteverdi Orchestra and Choir",1,0.99,0.99
319,13,Fernanda Ramos,Brazil,2024-11-01 00:00:00,2024,11,3494,"Symphony No. 2, Op. 16 -  ""The Four Temperaments"": II. Allegro Comodo e Flemmatico",Classical,Nielsen: The Six Symphonies,Göteborgs Symfoniker & Neeme Järvi,1,0.99,0.99
319,13,Fernanda Ramos,Brazil,2024-11-01 00:00:00,2024,11,3500,"String Quartet No. 12 in C Minor, D. 703 ""Quartettsatz"": II. Andante - Allegro assai",Classical,Schubert: The Late String Quartets & String Quintet (3 CD's),Emerson String Quartet,1,0.99,0.99
319,13,Fernanda Ramos,Brazil,2024-11-01 00:00:00,2024,11,3,Fast As a Shark,Rock,Restless and Wild,Accept,1,0.99,0.99
319,13,Fernanda Ramos,Brazil,2024-11-01 00:00:00,2024,11,9,Snowballed,Rock,For Those About To Rock We Salute You,AC/DC,1,0.99,0.99
319,13,Fernanda Ramos,Brazil,2024-11-01 00:00:00,2024,11,15,Go Down,Rock,Let There Be Rock,AC/DC,1,0.99,0.99
319,13,Fernanda Ramos,Brazil,2024-11-01 00:00:00,2024,11,21,Hell Ain't A Bad Place To Be,Rock,Let There Be Rock,AC/DC,1,0.99,0.99
320,22,Heather Leacock,USA,2024-11-06 00:00:00,2024,11,30,Amazing,Rock,Big Ones,Aerosmith,1,0.99,0.99
320,22,Heather Leacock,USA,2024-11-06 00:00:00,2024,11,39,You Oughta Know,Rock,Jagged Little Pill,Alanis Morissette,1,0.99,0.99
320,22,Heather Leacock,USA,2024-11-06 00:00:00,2024,11,48,Not The Doctor,Rock,Jagged Little Pill,Alanis Morissette,1,0.99,0.99
320,22,Heather Leacock,USA,2024-11-06 00:00:00,2024,11,57,It Ain't Like That,Rock,Facelift,Alice In Chains,1,0.99,0.99
320,22,Heather Leacock,USA,2024-11-06 00:00:00,2024,11,66,Por Causa De Você,Jazz,Warner 25 Anos,Antônio Carlos Jobim,1,0.99,0.99
320,22,Heather Leacock,USA,2024-11-06 00:00:00,2024,11,75,O Boto (Bôto),Jazz,Warner 25 Anos,Antônio Carlos Jobim,1,0.99,0.99
320,22,Heather Leacock,USA,2024-11-06 00:00:00,2024,11,84,Welcome Home (Sanitarium),Metal,Plays Metallica By Four Cellos,Apocalyptica,1,0.99,0.99
320,22,Heather Leacock,USA,2024-11-06 00:00:00,2024,11,93,Exploder,Rock,Audioslave,Audioslave,1,0.99,0.99
320,22,Heather Leacock,USA,2024-11-06 00:00:00,2024,11,102,Doesn't Remind Me,Alternative & Punk,Out Of Exile,Audioslave,1,0.99,0.99
320,22,Heather Leacock,USA,2024-11-06 00:00:00,2024,11,111,Money,Rock And Roll,BackBeat Soundtrack,BackBeat,1,0.99,0.99
320,22,Heather Leacock,USA,2024-11-06 00:00:00,2024,11,120,Carol,Rock And Roll,BackBeat Soundtrack,BackBeat,1,0.99,0.99
320,22,Heather Leacock,USA,2024-11-06 00:00:00,2024,11,129,Solo-Panhandler,Jazz,The Best Of Billy Cobham,Billy Cobham,1,0.99,0.99
320,22,Heather Leacock,USA,2024-11-06 00:00:00,2024,11,138,Bored To Tears,Metal,Alcohol Fueled Brewtality Live! [Disc 1],Black Label Society,1,0.99,0.99
320,22,Heather Leacock,USA,2024-11-06 00:00:00,2024,11,147,Blood In The Wall,Metal,Alcohol Fueled Brewtality Live! [Disc 2],Black Label Society,1,0.99,0.99
321,36,Hannah Schneider,Germany,2024-11-14 00:00:00,2024,11,161,Snowblind,Metal,Black Sabbath Vol. 4 (Remaster),Black Sabbath,1,0.99,0.99
322,37,Fynn Zimmermann,Germany,2024-11-27 00:00:00,2024,11,162,Cornucopia,Metal,Black Sabbath Vol. 4 (Remaster),Black Sabbath,1,0.99,0.99
322,37,Fynn Zimmermann,Germany,2024-11-27 00:00:00,2024,11,163,Laguna Sunrise,Metal,Black Sabbath Vol. 4 (Remaster),Black Sabbath,1,0.99,0.99
323,39,Camille Bernard,France,2024-11-27 00:00:00,2024,11,165,Under The Sun/Every Day Comes and Goes,Metal,Black Sabbath Vol. 4 (Remaster),Black Sabbath,1,0.99,0.99
323,39,Camille Bernard,France,2024-11-27 00:00:00,2024,11,167,Body Count's In The House,Alternative & Punk,Body Count,Body Count,1,0.99,0.99
324,41,Marc Dubois,France,2024-11-28 00:00:00,2024,11,169,Body Count,Alternative & Punk,Body Count,Body Count,1,0.99,0.99
324,41,Marc Dubois,France,2024-11-28 00:00:00,2024,11,171,Bowels Of The Devil,Alternative & Punk,Body Count,Body Count,1,0.99,0.99
324,41,Marc Dubois,France,2024-11-28 00:00:00,2024,11,173,KKK Bitch,Alternative & Punk,Body Count,Body Count,1,0.99,0.99
324,41,Marc Dubois,France,2024-11-28 00:00:00,2024,11,175,Voodoo,Alternative & Punk,Body Count,Body Count,1,0.99,0.99
325,45,Ladislav Kovács,Hungary,2024-11-29 00:00:00,2024,11,179,Evil Dick,Alternative & Punk,Body Count,Body Count,1,0.99,0.99
325,45,Ladislav Kovács,Hungary,2024-11-29 00:00:00,2024,11,183,King In Crimson,Metal,Chemical Wedding,Bruce Dickinson,1,0.99,0.99
325,45,Ladislav Kovács,Hungary,2024-11-29 00:00:00,2024,11,187,Book Of Thel,Metal,Chemical Wedding,Bruce Dickinson,1,0.99,0.99
325,45,Ladislav Kovács,Hungary,2024-11-29 00:00:00,2024,11,191,Machine Men,Metal,Chemical Wedding,Bruce Dickinson,1,0.99,0.99
325,45,Ladislav Kovács,Hungary,2024-11-29 00:00:00,2024,11,195,Let Me Love You Baby,Blues,The Best Of Buddy Guy - The Millenium Collection,Buddy Guy,1,0.99,0.99
325,45,Ladislav Kovács,Hungary,2024-11-29 00:00:00,2024,11,199,Leave My Girl Alone,Blues,The Best Of Buddy Guy - The Millenium Collection,Buddy Guy,1,0.99,0.99
326,51,Joakim Johansson,Sweden,2024-12-02 00:00:00,2024,12,205,Jorge Da Capadócia,Latin,Prenda Minha,Caetano Veloso,1,0.99,0.99
326,51,Joakim Johansson,Sweden,2024-12-02 00:00:00,2024,12,211,Bem Devagar,Latin,Prenda Minha,Caetano Veloso,1,0.99,0.99
326,51,Joakim Johansson,Sweden,2024-12-02 00:00:00,2024,12,217,Mel,Latin,Prenda Minha,Caetano Veloso,1,0.99,0.99
326,51,Joakim Johansson,Sweden,2024-12-02 00:00:00,2024,12,223,Sozinho (Hitmakers Classic Mix),Latin,Sozinho Remix Ao Vivo,Caetano Veloso,1,0.99,0.99
326,51,Joakim Johansson,Sweden,2024-12-02 00:00:00,2024,12,229,Samba De Orly,Latin,Minha Historia,Chico Buarque,1,0.99,0.99
326,51,Joakim Johansson,Sweden,2024-12-02 00:00:00,2024,12,235,Apesar De Você,Latin,Minha Historia,Chico Buarque,1,0.99,0.99
326,51,Joakim Johansson,Sweden,2024-12-02 00:00:00,2024,12,241,Geni E O Zepelim,Latin,Minha Historia,Chico Buarque,1,0.99,0.99
326,51,Joakim Johansson,Sweden,2024-12-02 00:00:00,2024,12,247,O Cidadão Do Mundo,Latin,Afrociberdelia,Chico Science & Nação Zumbi,1,0.99,0.99
326,51,Joakim Johansson,Sweden,2024-12-02 00:00:00,2024,12,253,Maracatu Atômico,Latin,Afrociberdelia,Chico Science & Nação Zumbi,1,0.99,0.99
327,1,Luís Gonçalves,Brazil,2024-12-07 00:00:00,2024,12,262,Interlude Zumbi,Latin,Afrociberdelia,Chico Science & Nação Zumbi,1,0.99,0.99
327,1,Luís Gonçalves,Brazil,2024-12-07 00:00:00,2024,12,271,Rios Pontes & Overdrives,Latin,Da Lama Ao Caos,Chico Science & Nação Zumbi,1,0.99,0.99
327,1,Luís Gonçalves,Brazil,2024-12-07 00:00:00,2024,12,280,Lixo Do Mangue,Latin,Da Lama Ao Caos,Chico Science & Nação Zumbi,1,0.99,0.99
327,1,Luís Gonçalves,Brazil,2024-12-07 00:00:00,2024,12,289,Podes Crer,Reggae,Acústico MTV [Live],Cidade Negra,1,0.99,0.99
327,1,Luís Gonçalves,Brazil,2024-12-07 00:00:00,2024,12,298,A Cor Do Sol,Reggae,Acústico MTV [Live],Cidade Negra,1,0.99,0.99
327,1,Luís Gonçalves,Brazil,2024-12-07 00:00:00,2024,12,307,Doutor,Reggae,Cidade Negra - Hits,Cidade Negra,1,0.99,0.99
327,1,Luís Gonçalves,Brazil,2024-12-07 00:00:00,2024,12,316,Linha Do Equador,Latin,Na Pista,Cláudio Zoli,1,0.99,0.99
327,1,Luís Gonçalves,Brazil,2024-12-07 00:00:00,2024,12,325,TriboTchan,Pop,Axé Bahia 2001,Various Artists,1,0.99,0.99
327,1,Luís Gonçalves,Brazil,2024-12-07 00:00:00,2024,12,334,Reggae Tchan,Pop,Axé Bahia 2001,Various Artists,1,0.99,0.99
327,1,Luís Gonçalves,Brazil,2024-12-07 00:00:00,2024,12,343,Communication Breakdown(2),Rock,BBC Sessions [Disc 1] [Live],Led Zeppelin,1,0.99,0.99
327,1,Luís Gonçalves,Brazil,2024-12-07 00:00:00,2024,12,352,Carolina Hard-Core Ecstasy,Rock,Bongo Fury,Frank Zappa & Captain Beefheart,1,0.99,0.99
327,1,Luís Gonçalves,Brazil,2024-12-07 00:00:00,2024,12,361,X-9 2001,Soundtrack,Carnaval 2001,Various Artists,1,0.99,0.99
327,1,Luís Gonçalves,Brazil,2024-12-07 00:00:00,2024,12,370,Ipiranga 2001,Soundtrack,Carnaval 2001,Various Artists,1,0.99,0.99
327,1,Luís Gonçalves,Brazil,2024-12-07 00:00:00,2024,12,379,Água de Beber,Latin,Chill: Brazil (Disc 1),Marcos Valle,1,0.99,0.99
328,15,Jennifer Peterson,Canada,2024-12-15 00:00:00,2024,12,393,Tarde Em Itapoã,Latin,Chill: Brazil (Disc 2),Antônio Carlos Jobim,1,0.99,0.99
329,16,Frank Harris,USA,2024-12-28 00:00:00,2024,12,394,Tanto Tempo,Latin,Chill: Brazil (Disc 2),Antônio Carlos Jobim,1,0.99,0.99
329,16,Frank Harris,USA,2024-12-28 00:00:00,2024,12,395,Eu Vim Da Bahia - Live,Latin,Chill: Brazil (Disc 2),Antônio Carlos Jobim,1,0.99,0.99
330,18,Michelle Brooks,USA,2024-12-28 00:00:00,2024,12,397,Linha Do Horizonte,Latin,Chill: Brazil (Disc 2),Antônio Carlos Jobim,1,0.99,0.99
330,18,Michelle Brooks,USA,2024-12-28 00:00:00,2024,12,399,Abrir A Porta,Latin,Chill: Brazil (Disc 2),Antônio Carlos Jobim,1,0.99,0.99
331,20,Dan Miller,USA,2024-12-29 00:00:00,2024,12,401,Momentos Que Marcam,Latin,Chill: Brazil (Disc 2),Antônio Carlos Jobim,1,0.99,0.99
331,20,Dan Miller,USA,2024-12-29 00:00:00,2024,12,403,Bumbo Da Mangueira,Latin,Chill: Brazil (Disc 2),Antônio Carlos Jobim,1,0.99,0.99
331,20,Dan Miller,USA,2024-12-29 00:00:00,2024,12,405,Santo Antonio,Latin,Chill: Brazil (Disc 2),Antônio Carlos Jobim,1,0.99,0.99
331,20,Dan Miller,USA,2024-12-29 00:00:00,2024,12,407,Só Tinha De Ser Com Você,Latin,Chill: Brazil (Disc 2),Antônio Carlos Jobim,1,0.99,0.99
332,24,Frank Ralston,USA,2024-12-30 00:00:00,2024,12,411,Turn The Page,Metal,Garage Inc. (Disc 1),Metallica,1,0.99,0.99
332,24,Frank Ralston,USA,2024-12-30 00:00:00,2024,12,415,Astronomy,Metal,Garage Inc. (Disc 1),Metallica,1,0.99,0.99
332,24,Frank Ralston,USA,2024-12-30 00:00:00,2024,12,419,A Kind Of Magic,Rock,Greatest Hits II,Queen,1,0.99,0.99
332,24,Frank Ralston,USA,2024-12-30 00:00:00,2024,12,423,I Want To Break Free,Rock,Greatest Hits II,Queen,1,0.99,0.99
332,24,Frank Ralston,USA,2024-12-30 00:00:00,2024,12,427,Who Wants To Live Forever,Rock,Greatest Hits II,Queen,1,0.99,0.99
332,24,Frank Ralston,USA,2024-12-30 00:00:00,2024,12,431,The Invisible Man,Rock,Greatest Hits II,Queen,1,0.99,0.99
333,30,Edward Francis,Canada,2025-01-02 00:00:00,2025,01,437,Black Diamond,Rock,Greatest Kiss,Kiss,1,0.99,0.99
333,30,Edward Francis,Canada,2025-01-02 00:00:00,2025,01,443,Shock Me,Rock,Greatest Kiss,Kiss,1,0.99,0.99
333,30,Edward Francis,Canada,2025-01-02 00:00:00,2025,01,449,Calling Dr. Love,Rock,Greatest Kiss,Kiss,1,0.99,0.99
333,30,Edward Francis,Canada,2025-01-02 00:00:00,2025,01,455,God Gave Rock 'n' Roll To You,Rock,Greatest Kiss,Kiss,1,0.99,0.99
333,30,Edward Francis,Canada,2025-01-02 00:00:00,2025,01,461,Surrender,Jazz,Heart of the Night,Spyro Gyra,1,0.99,0.99
333,30,Edward Francis,Canada,2025-01-02 00:00:00,2025,01,467,Best Thing,Jazz,Heart of the Night,Spyro Gyra,1,0.99,0.99
333,30,Edward Francis,Canada,2025-01-02 00:00:00,2025,01,473,When I Come Around,Alternative & Punk,International Superhits,Green Day,1,0.99,0.99
333,30,Edward Francis,Canada,2025-01-02 00:00:00,2025,01,479,Walking Contradiction,Alternative & Punk,International Superhits,Green Day,1,0.99,0.99
333,30,Edward Francis,Canada,2025-01-02 00:00:00,2025,01,485,Minority,Alternative & Punk,International Superhits,Green Day,1,0.99,0.99
334,39,Camille Bernard,France,2025-01-07 00:00:00,2025,01,494,Slave,Rock,Into The Light,David Coverdale,1,0.99,0.99
334,39,Camille Bernard,France,2025-01-07 00:00:00,2025,01,503,Começaria Tudo Outra Vez,Latin,Meus Momentos,Gonzaguinha,1,0.99,0.99
334,39,Camille Bernard,France,2025-01-07 00:00:00,2025,01,512,Comportamento Geral,Latin,Meus Momentos,Gonzaguinha,1,0.99,0.99
334,39,Camille Bernard,France,2025-01-07 00:00:00,2025,01,521,Menino Do Rio,Latin,Minha Historia,Chico Buarque,1,0.99,0.99
334,39,Camille Bernard,France,2025-01-07 00:00:00,2025,01,530,Ando Meio Desligado,Alternative & Punk,Minha História,Os Mutantes,1,0.99,0.99
334,39,Camille Bernard,France,2025-01-07 00:00:00,2025,01,539,Rita Lee,Alternative & Punk,Minha História,Os Mutantes,1,0.99,0.99
334,39,Camille Bernard,France,2025-01-07 00:00:00,2025,01,548,Smoke On The Water,Rock,MK III The Final Concerts [Disc 1],Deep Purple,1,0.99,0.99
334,39,Camille Bernard,France,2025-01-07 00:00:00,2025,01,557,Beija-Flor,Latin,Sambas De Enredo 2001,Various Artists,1,0.99,0.99
334,39,Camille Bernard,France,2025-01-07 00:00:00,2025,01,566,Caprichosos,Latin,Sambas De Enredo 2001,Various Artists,1,0.99,0.99
334,39,Camille Bernard,France,2025-01-07 00:00:00,2025,01,575,Do You Like The Way,Rock,Supernatural,Santana,1,0.99,0.99
334,39,Camille Bernard,France,2025-01-07 00:00:00,2025,01,584,Manuel,Latin,The Best of Ed Motta,Ed Motta,1,0.99,0.99
334,39,Camille Bernard,France,2025-01-07 00:00:00,2025,01,593,Do You Have Other Loves?,Latin,The Best of Ed Motta,Ed Motta,1,0.99,0.99
334,39,Camille Bernard,France,2025-01-07 00:00:00,2025,01,602,'Round Midnight,Jazz,The Essential Miles Davis [Disc 1],Miles Davis,1,0.99,0.99
334,39,Camille Bernard,France,2025-01-07 00:00:00,2025,01,611,E.S.P.,Jazz,The Essential Miles Davis [Disc 2],Miles Davis,1,0.99,0.99
335,53,Phil Hughes,United Kingdom,2025-01-15 00:00:00,2025,01,625,Blue Rythm Fantasy,Jazz,Up An' Atom,Gene Krupa,1,0.99,0.99
336,54,Steve Murray,United Kingdom,2025-01-28 00:00:00,2025,01,626,Drum Boogie,Jazz,Up An' Atom,Gene Krupa,1,0.99,0.99
336,54,Steve Murray,United Kingdom,2025-01-28 00:00:00,2025,01,627,Let Me Off Uptown,Jazz,Up An' Atom,Gene Krupa,1,0.99,0.99
337,56,Diego Gutiérrez,Argentina,2025-01-28 00:00:00,2025,01,629,Opus No.1,Jazz,Up An' Atom,Gene Krupa,1,0.99,0.99
337,56,Diego Gutiérrez,Argentina,2025-01-28 00:00:00,2025,01,631,How High The Moon,Jazz,Up An' Atom,Gene Krupa,1,0.99,0.99
338,58,Manoj Pareek,India,2025-01-29 00:00:00,2025,01,633,Up An' Atom,Jazz,Up An' Atom,Gene Krupa,1,0.99,0.99
338,58,Manoj Pareek,India,2025-01-29 00:00:00,2025,01,635,Lemon Drop,Jazz,Up An' Atom,Gene Krupa,1,0.99,0.99
338,58,Manoj Pareek,India,2025-01-29 00:00:00,2025,01,637,Overtime,Jazz,Up An' Atom,Gene Krupa,1,0.99,0.99
338,58,Manoj Pareek,India,2025-01-29 00:00:00,2025,01,639,Don't Take Your Love From Me,Jazz,Up An' Atom,Gene Krupa,1,0.99,0.99
339,3,François Tremblay,Canada,2025-01-30 00:00:00,2025,01,643,Jungle Drums,Jazz,Up An' Atom,Gene Krupa,1,0.99,0.99
339,3,François Tremblay,Canada,2025-01-30 00:00:00,2025,01,647,Pot-Pourri N.º 4,Bossa Nova,Vinícius De Moraes - Sem Limite,Toquinho & Vinícius,1,0.99,0.99
339,3,François Tremblay,Canada,2025-01-30 00:00:00,2025,01,651,Pot-Pourri N.º 5,Bossa Nova,Vinícius De Moraes - Sem Limite,Toquinho & Vinícius,1,0.99,0.99
339,3,François Tremblay,Canada,2025-01-30 00:00:00,2025,01,655,Por Que Será,Bossa Nova,Vinícius De Moraes - Sem Limite,Toquinho & Vinícius,1,0.99,0.99
339,3,François Tremblay,Canada,2025-01-30 00:00:00,2025,01,659,Samba Em Prelúdio,Bossa Nova,Vinícius De Moraes - Sem Limite,Toquinho & Vinícius,1,0.99,0.99
339,3,François Tremblay,Canada,2025-01-30 00:00:00,2025,01,663,Chão de Giz (Elba Ramalho),Latin,Vozes do MPB,Various Artists,1,0.99,0.99
340,9,Kara Nielsen,Denmark,2025-02-02 00:00:00,2025,02,669,Caçador de Mim (Sá & Guarabyra),Latin,Vozes do MPB,Various Artists,1,0.99,0.99
340,9,Kara Nielsen,Denmark,2025-02-02 00:00:00,2025,02,675,Susie Q,Rock,"Chronicle, Vol. 1",Creedence Clearwater Revival,1,0.99,0.99
340,9,Kara Nielsen,Denmark,2025-02-02 00:00:00,2025,02,681,Commotion,Rock,"Chronicle, Vol. 1",Creedence Clearwater Revival,1,0.99,0.99
340,9,Kara Nielsen,Denmark,2025-02-02 00:00:00,2025,02,687,Run Through The Jungle,Rock,"Chronicle, Vol. 1",Creedence Clearwater Revival,1,0.99,0.99
340,9,Kara Nielsen,Denmark,2025-02-02 00:00:00,2025,02,693,Sweet Hitch-Hiker,Rock,"Chronicle, Vol. 1",Creedence Clearwater Revival,1,0.99,0.99
340,9,Kara Nielsen,Denmark,2025-02-02 00:00:00,2025,02,699,Tombstone Shadow,Rock,"Chronicle, Vol. 2",Creedence Clearwater Revival,1,0.99,0.99
340,9,Kara Nielsen,Denmark,2025-02-02 00:00:00,2025,02,705,The Midnight Special,Rock,"Chronicle, Vol. 2",Creedence Clearwater Revival,1,0.99,0.99
340,9,Kara Nielsen,Denmark,2025-02-02 00:00:00,2025,02,711,Molina,Rock,"Chronicle, Vol. 2",Creedence Clearwater Revival,1,0.99,0.99
340,9,Kara Nielsen,Denmark,2025-02-02 00:00:00,2025,02,717,Eu Sou Neguinha (Ao Vivo),Latin,Cássia Eller - Coleção Sem Limite [Disc 2],Cássia Eller,1,0.99,0.99
341,18,Michelle Brooks,USA,2025-02-07 00:00:00,2025,02,726,Palavras Ao Vento,Latin,Cássia Eller - Coleção Sem Limite [Disc 2],Cássia Eller,1,0.99,0.99
341,18,Michelle Brooks,USA,2025-02-07 00:00:00,2025,02,735,Metrô. Linha 743,Latin,Cássia Eller - Sem Limite [Disc 1],Cássia Eller,1,0.99,0.99
341,18,Michelle Brooks,USA,2025-02-07 00:00:00,2025,02,744,Mis Penas Lloraba Yo (Ao Vivo) Soy Gitano (Tangos),Latin,Cássia Eller - Sem Limite [Disc 1],Cássia Eller,1,0.99,0.99
341,18,Michelle Brooks,USA,2025-02-07 00:00:00,2025,02,753,You Keep On Moving,Rock,Come Taste The Band,Deep Purple,1,0.99,0.99
341,18,Michelle Brooks,USA,2025-02-07 00:00:00,2025,02,762,No No No,Rock,Fireball,Deep Purple,1,0.99,0.99
341,18,Michelle Brooks,USA,2025-02-07 00:00:00,2025,02,771,Nobody's Home,Rock,Knocking at Your Back Door: The Best Of Deep Purple in the 80's,Deep Purple,1,0.99,0.99
341,18,Michelle Brooks,USA,2025-02-07 00:00:00,2025,02,780,Maybe I'm A Leo,Rock,Machine Head,Deep Purple,1,0.99,0.99
341,18,Michelle Brooks,USA,2025-02-07 00:00:00,2025,02,789,Sometimes I Feel Like Screaming,Rock,Purpendicular,Deep Purple,1,0.99,0.99
341,18,Michelle Brooks,USA,2025-02-07 00:00:00,2025,02,798,King Of Dreams,Rock,Slaves And Masters,Deep Purple,1,0.99,0.99
341,18,Michelle Brooks,USA,2025-02-07 00:00:00,2025,02,807,Stormbringer,Rock,Stormbringer,Deep Purple,1,0.99,0.99
341,18,Michelle Brooks,USA,2025-02-07 00:00:00,2025,02,816,The Battle Rages On,Rock,The Battle Rages On,Deep Purple,1,0.99,0.99
341,18,Michelle Brooks,USA,2025-02-07 00:00:00,2025,02,825,One Man's Meat,Rock,The Battle Rages On,Deep Purple,1,0.99,0.99
341,18,Michelle Brooks,USA,2025-02-07 00:00:00,2025,02,834,When Love & Hate Collide,Rock,Vault: Def Leppard's Greatest Hits,Def Leppard,1,0.99,0.99
341,18,Michelle Brooks,USA,2025-02-07 00:00:00,2025,02,843,Otay,Jazz,Outbreak,Dennis Chambers,1,0.99,0.99
342,32,Aaron Mitchell,Canada,2025-02-15 00:00:00,2025,02,857,Álibi,Latin,Djavan Ao Vivo - Vol. 02,Djavan,1,0.99,0.99
343,33,Ellie Sullivan,Canada,2025-02-28 00:00:00,2025,02,858,Esquinas,Latin,Djavan Ao Vivo - Vol. 02,Djavan,1,0.99,0.99
343,33,Ellie Sullivan,Canada,2025-02-28 00:00:00,2025,02,859,Se...,Latin,Djavan Ao Vivo - Vol. 02,Djavan,1,0.99,0.99
344,35,Madalena Sampaio,Portugal,2025-02-28 00:00:00,2025,02,861,Lilás,Latin,Djavan Ao Vivo - Vol. 02,Djavan,1,0.99,0.99
344,35,Madalena Sampaio,Portugal,2025-02-28 00:00:00,2025,02,863,Um Amor Puro,Latin,Djavan Ao Vivo - Vol. 02,Djavan,1,0.99,0.99
345,37,Fynn Zimmermann,Germany,2025-03-01 00:00:00,2025,03,865,Nem Um Dia,Latin,Djavan Ao Vivo - Vol. 1,Djavan,1,0.99,0.99
345,37,Fynn Zimmermann,Germany,2025-03-01 00:00:00,2025,03,867,Açai,Latin,Djavan Ao Vivo - Vol. 1,Djavan,1,0.99,0.99
345,37,Fynn Zimmermann,Germany,2025-03-01 00:00:00,2025,03,869,Flor De Lis,Latin,Djavan Ao Vivo - Vol. 1,Djavan,1,0.99,0.99
345,37,Fynn Zimmermann,Germany,2025-03-01 00:00:00,2025,03,871,Azul,Latin,Djavan Ao Vivo - Vol. 1,Djavan,1,0.99,0.99
346,41,Marc Dubois,France,2025-03-02 00:00:00,2025,03,875,Acelerou,Latin,Djavan Ao Vivo - Vol. 1,Djavan,1,0.99,0.99
346,41,Marc Dubois,France,2025-03-02 00:00:00,2025,03,879,Atrás da Porta,Latin,Elis Regina-Minha História,Elis Regina,1,0.99,0.99
346,41,Marc Dubois,France,2025-03-02 00:00:00,2025,03,883,"Alô, Alô, Marciano",Latin,Elis Regina-Minha História,Elis Regina,1,0.99,0.99
346,41,Marc Dubois,France,2025-03-02 00:00:00,2025,03,887,As Aparências Enganam,Latin,Elis Regina-Minha História,Elis Regina,1,0.99,0.99
346,41,Marc Dubois,France,2025-03-02 00:00:00,2025,03,891,Layla,Blues,The Cream Of Clapton,Eric Clapton,1,0.99,0.99
346,41,Marc Dubois,France,2025-03-02 00:00:00,2025,03,895,Crossroads,Blues,The Cream Of Clapton,Eric Clapton,1,0.99,0.99
347,47,Lucas Mancini,Italy,2025-03-05 00:00:00,2025,03,901,After Midnight,Blues,The Cream Of Clapton,Eric Clapton,1,0.99,0.99
347,47,Lucas Mancini,Italy,2025-03-05 00:00:00,2025,03,907,Promises,Blues,The Cream Of Clapton,Eric Clapton,1,0.99,0.99
347,47,Lucas Mancini,Italy,2025-03-05 00:00:00,2025,03,913,Lonely Stranger,Blues,Unplugged,Eric Clapton,1,0.99,0.99
347,47,Lucas Mancini,Italy,2025-03-05 00:00:00,2025,03,919,San Francisco Bay Blues,Blues,Unplugged,Eric Clapton,1,0.99,0.99
347,47,Lucas Mancini,Italy,2025-03-05 00:00:00,2025,03,925,Last Cup Of Sorrow,Alternative & Punk,Album Of The Year,Faith No More,1,0.99,0.99
347,47,Lucas Mancini,Italy,2025-03-05 00:00:00,2025,03,931,Got That Feeling,Alternative & Punk,Album Of The Year,Faith No More,1,0.99,0.99
347,47,Lucas Mancini,Italy,2025-03-05 00:00:00,2025,03,937,Midlife Crisis,Alternative & Punk,Angel Dust,Faith No More,1,0.99,0.99
347,47,Lucas Mancini,Italy,2025-03-05 00:00:00,2025,03,943,Be Aggressive,Alternative & Punk,Angel Dust,Faith No More,1,0.99,0.99
347,47,Lucas Mancini,Italy,2025-03-05 00:00:00,2025,03,949,Get Out,Rock,King For A Day Fool For A Lifetime,Faith No More,1,0.99,0.99
348,56,Diego Gutiérrez,Argentina,2025-03-10 00:00:00,2025,03,958,Take This Bottle,Rock,King For A Day Fool For A Lifetime,Faith No More,1,0.99,0.99
348,56,Diego Gutiérrez,Argentina,2025-03-10 00:00:00,2025,03,967,Surprise! You're Dead!,Alternative & Punk,The Real Thing,Faith No More,1,0.99,0.99
348,56,Diego Gutiérrez,Argentina,2025-03-10 00:00:00,2025,03,976,Falamansa Song,Latin,Deixa Entrar,Falamansa,1,0.99,0.99
348,56,Diego Gutiérrez,Argentina,2025-03-10 00:00:00,2025,03,985,Medo De Escuro,Latin,Deixa Entrar,Falamansa,1,0.99,0.99
348,56,Diego Gutiérrez,Argentina,2025-03-10 00:00:00,2025,03,994,The Last Song,Rock,In Your Honor [Disc 1],Foo Fighters,1,0.99,0.99
348,56,Diego Gutiérrez,Argentina,2025-03-10 00:00:00,2025,03,1003,Friend Of A Friend,Rock,In Your Honor [Disc 2],Foo Fighters,1,0.99,0.99
348,56,Diego Gutiérrez,Argentina,2025-03-10 00:00:00,2025,03,1012,Times Like These,Alternative & Punk,One By One,Foo Fighters,1,0.99,0.99
348,56,Diego Gutiérrez,Argentina,2025-03-10 00:00:00,2025,03,1021,Monkey Wrench,Rock,The Colour And The Shape,Foo Fighters,1,0.99,0.99
348,56,Diego Gutiérrez,Argentina,2025-03-10 00:00:00,2025,03,1030,Everlong,Rock,The Colour And The Shape,Foo Fighters,1,0.99,0.99
348,56,Diego Gutiérrez,Argentina,2025-03-10 00:00:00,2025,03,1039,What Now My Love,Easy Listening,My Way: The Best Of Frank Sinatra [Disc 1],Frank Sinatra,1,0.99,0.99
348,56,Diego Gutiérrez,Argentina,2025-03-10 00:00:00,2025,03,1048,It Was A Very Good Year,Easy Listening,My Way: The Best Of Frank Sinatra [Disc 1],Frank Sinatra,1,0.99,0.99
348,56,Diego Gutiérrez,Argentina,2025-03-10 00:00:00,2025,03,1057,Entrando Na Sua (Intro),Latin,Roda De Funk,Funk Como Le Gusta,1,0.99,0.99
348,56,Diego Gutiérrez,Argentina,2025-03-10 00:00:00,2025,03,1066,Dujji,Latin,Roda De Funk,Funk Como Le Gusta,1,0.99,0.99
348,56,Diego Gutiérrez,Argentina,2025-03-10 00:00:00,2025,03,1075,Esperando Na Janela,Soundtrack,As Canções de Eu Tu Eles,Gilberto Gil,1,0.99,0.99
349,11,Alexandre Rocha,Brazil,2025-03-18 00:00:00,2025,03,1089,Is This Love (Live),Latin,Quanta Gente Veio Ver (Live),Gilberto Gil,1,0.99,0.99
350,12,Roberto Almeida,Brazil,2025-03-31 00:00:00,2025,03,1090,Stir It Up (Live),Latin,Quanta Gente Veio Ver (Live),Gilberto Gil,1,0.99,0.99
350,12,Roberto Almeida,Brazil,2025-03-31 00:00:00,2025,03,1091,Refavela (Live),Latin,Quanta Gente Veio Ver (Live),Gilberto Gil,1,0.99,0.99
351,14,Mark Philips,Canada,2025-03-31 00:00:00,2025,03,1093,Quanta (Live),Latin,Quanta Gente Veio Ver (Live),Gilberto Gil,1,0.99,0.99
351,14,Mark Philips,Canada,2025-03-31 00:00:00,2025,03,1095,Pela Internet (Live),Latin,Quanta Gente Veio Ver (Live),Gilberto Gil,1,0.99,0.99
352,16,Frank Harris,USA,2025-04-01 00:00:00,2025,04,1097,Opachorô (Live),Latin,Quanta Gente Veio Ver (Live),Gilberto Gil,1,0.99,0.99
352,16,Frank Harris,USA,2025-04-01 00:00:00,2025,04,1099,A Novidade (Live),Latin,Quanta Gente Veio Ver (Live),Gilberto Gil,1,0.99,0.99
352,16,Frank Harris,USA,2025-04-01 00:00:00,2025,04,1101,De Ouro E Marfim (Live),Latin,Quanta Gente Veio Ver (Live),Gilberto Gil,1,0.99,0.99
352,16,Frank Harris,USA,2025-04-01 00:00:00,2025,04,1103,Lamento De Carnaval,Jazz,Quanta Gente Veio ver--Bônus De Carnaval,Gilberto Gil,1,0.99,0.99
353,20,Dan Miller,USA,2025-04-02 00:00:00,2025,04,1107,Refazenda,Latin,Unplugged,Eric Clapton,1,0.99,0.99
353,20,Dan Miller,USA,2025-04-02 00:00:00,2025,04,1111,A Paz,Latin,Unplugged,Eric Clapton,1,0.99,0.99
353,20,Dan Miller,USA,2025-04-02 00:00:00,2025,04,1115,Tempo Rei,Latin,Unplugged,Eric Clapton,1,0.99,0.99
353,20,Dan Miller,USA,2025-04-02 00:00:00,2025,04,1119,Toda Menina Baiana,Latin,Unplugged,Eric Clapton,1,0.99,0.99
353,20,Dan Miller,USA,2025-04-02 00:00:00,2025,04,1123,Changes,Metal,Faceless,Godsmack,1,0.99,0.99
353,20,Dan Miller,USA,2025-04-02 00:00:00,2025,04,1127,I Fucking Hate You,Metal,Faceless,Godsmack,1,0.99,0.99
354,26,Richard Cunningham,USA,2025-04-05 00:00:00,2025,04,1133,American Idiot,Alternative & Punk,American Idiot,Green Day,1,0.99,0.99
354,26,Richard Cunningham,USA,2025-04-05 00:00:00,2025,04,1139,Give Me Novacaine,Alternative & Punk,American Idiot,Green Day,1,0.99,0.99
354,26,Richard Cunningham,USA,2025-04-05 00:00:00,2025,04,1145,Whatsername,Alternative & Punk,American Idiot,Green Day,1,0.99,0.99
354,26,Richard Cunningham,USA,2025-04-05 00:00:00,2025,04,1151,Paradise City,Rock,Appetite for Destruction,Guns N' Roses,1,0.99,0.99
354,26,Richard Cunningham,USA,2025-04-05 00:00:00,2025,04,1157,Rocket Queen,Rock,Appetite for Destruction,Guns N' Roses,1,0.99,0.99
354,26,Richard Cunningham,USA,2025-04-05 00:00:00,2025,04,1163,You Ain't the First,Rock,Use Your Illusion I,Guns N' Roses,1,0.99,0.99
354,26,Richard Cunningham,USA,2025-04-05 00:00:00,2025,04,1169,Garden of Eden,Rock,Use Your Illusion I,Guns N' Roses,1,0.99,0.99
354,26,Richard Cunningham,USA,2025-04-05 00:00:00,2025,04,1175,14 Years,Metal,Use Your Illusion II,Guns N' Roses,1,0.99,0.99
354,26,Richard Cunningham,USA,2025-04-05 00:00:00,2025,04,1181,Pretty Tied Up,Metal,Use Your Illusion II,Guns N' Roses,1,0.99,0.99
355,35,Madalena Sampaio,Portugal,2025-04-10 00:00:00,2025,04,1190,Magnetic Ocean,Jazz,Blue Moods,Incognito,1,0.99,0.99
355,35,Madalena Sampaio,Portugal,2025-04-10 00:00:00,2025,04,1199,She Wears Black,Jazz,Blue Moods,Incognito,1,0.99,0.99
355,35,Madalena Sampaio,Portugal,2025-04-10 00:00:00,2025,04,1208,For the Greater Good of God,Rock,A Matter of Life and Death,Iron Maiden,1,0.99,0.99
355,35,Madalena Sampaio,Portugal,2025-04-10 00:00:00,2025,04,1217,Where Eagles Dare,Metal,A Real Dead One,Iron Maiden,1,0.99,0.99
355,35,Madalena Sampaio,Portugal,2025-04-10 00:00:00,2025,04,1226,Can I Play With Madness,Metal,A Real Live One,Iron Maiden,1,0.99,0.99
355,35,Madalena Sampaio,Portugal,2025-04-10 00:00:00,2025,04,1235,The Wicker Man,Rock,Brave New World,Iron Maiden,1,0.99,0.99
355,35,Madalena Sampaio,Portugal,2025-04-10 00:00:00,2025,04,1244,The Thin Line Between Love & Hate,Rock,Brave New World,Iron Maiden,1,0.99,0.99
355,35,Madalena Sampaio,Portugal,2025-04-10 00:00:00,2025,04,1253,Face In The Sand,Heavy Metal,Dance Of Death,Iron Maiden,1,0.99,0.99
355,35,Madalena Sampaio,Portugal,2025-04-10 00:00:00,2025,04,1262,The Fugitive,Rock,Fear Of The Dark,Iron Maiden,1,0.99,0.99
355,35,Madalena Sampaio,Portugal,2025-04-10 00:00:00,2025,04,1271,04 - Running Free,Blues,Iron Maiden,Iron Maiden,1,0.99,0.99
355,35,Madalena Sampaio,Portugal,2025-04-10 00:00:00,2025,04,1280,Another Life,Heavy Metal,Killers,Iron Maiden,1,0.99,0.99
355,35,Madalena Sampaio,Portugal,2025-04-10 00:00:00,2025,04,1289,2 Minutes To Midnight,Metal,Live After Death,Iron Maiden,1,0.99,0.99
355,35,Madalena Sampaio,Portugal,2025-04-10 00:00:00,2025,04,1298,Run To The Hills,Metal,Live After Death,Iron Maiden,1,0.99,0.99
355,35,Madalena Sampaio,Portugal,2025-04-10 00:00:00,2025,04,1307,Wrathchild,Rock,Live At Donington 1992 (Disc 1),Iron Maiden,1,0.99,0.99
356,49,Stanisław Wójcik,Poland,2025-04-18 00:00:00,2025,04,1321,Hallowed Be Thy Name,Rock,Live At Donington 1992 (Disc 2),Iron Maiden,1,0.99,0.99
357,50,Enrique Muñoz,Spain,2025-05-01 00:00:00,2025,05,1322,The Trooper,Rock,Live At Donington 1992 (Disc 2),Iron Maiden,1,0.99,0.99
357,50,Enrique Muñoz,Spain,2025-05-01 00:00:00,2025,05,1323,Sanctuary,Rock,Live At Donington 1992 (Disc 2),Iron Maiden,1,0.99,0.99
358,52,Emma Jones,United Kingdom,2025-05-01 00:00:00,2025,05,1325,Tailgunner,Metal,No Prayer For The Dying,Iron Maiden,1,0.99,0.99
358,52,Emma Jones,United Kingdom,2025-05-01 00:00:00,2025,05,1327,No Prayer For The Dying,Metal,No Prayer For The Dying,Iron Maiden,1,0.99,0.99
359,54,Steve Murray,United Kingdom,2025-05-02 00:00:00,2025,05,1329,Fates Warning,Metal,No Prayer For The Dying,Iron Maiden,1,0.99,0.99
359,54,Steve Murray,United Kingdom,2025-05-02 00:00:00,2025,05,1331,Run Silent Run Deep,Metal,No Prayer For The Dying,Iron Maiden,1,0.99,0.99
359,54,Steve Murray,United Kingdom,2025-05-02 00:00:00,2025,05,1333,Bring Your Daughter... ...To The Slaughter,Metal,No Prayer For The Dying,Iron Maiden,1,0.99,0.99
359,54,Steve Murray,United Kingdom,2025-05-02 00:00:00,2025,05,1335,Where Eagles Dare,Metal,Piece Of Mind,Iron Maiden,1,0.99,0.99
360,58,Manoj Pareek,India,2025-05-03 00:00:00,2025,05,1339,The Trooper,Metal,Piece Of Mind,Iron Maiden,1,0.99,0.99
360,58,Manoj Pareek,India,2025-05-03 00:00:00,2025,05,1343,To Tame A Land,Metal,Piece Of Mind,Iron Maiden,1,0.99,0.99
360,58,Manoj Pareek,India,2025-05-03 00:00:00,2025,05,1347,Flash of The Blade,Metal,Powerslave,Iron Maiden,1,0.99,0.99
360,58,Manoj Pareek,India,2025-05-03 00:00:00,2025,05,1351,Rime of the Ancient Mariner,Metal,Powerslave,Iron Maiden,1,0.99,0.99
360,58,Manoj Pareek,India,2025-05-03 00:00:00,2025,05,1355,Brave New World,Metal,Rock In Rio [CD1],Iron Maiden,1,0.99,0.99
360,58,Manoj Pareek,India,2025-05-03 00:00:00,2025,05,1359,Sign Of The Cross,Metal,Rock In Rio [CD1],Iron Maiden,1,0.99,0.99
361,5,František Wichterlová,Czech Republic,2025-05-06 00:00:00,2025,05,1365,Fear Of The Dark,Rock,Rock In Rio [CD2],Iron Maiden,1,0.99,0.99
361,5,František Wichterlová,Czech Republic,2025-05-06 00:00:00,2025,05,1371,Moonchild,Metal,Seventh Son of a Seventh Son,Iron Maiden,1,0.99,0.99
361,5,František Wichterlová,Czech Republic,2025-05-06 00:00:00,2025,05,1377,The Clairvoyant,Metal,Seventh Son of a Seventh Son,Iron Maiden,1,0.99,0.99
361,5,František Wichterlová,Czech Republic,2025-05-06 00:00:00,2025,05,1383,Stranger in a Strange Land,Metal,Somewhere in Time,Iron Maiden,1,0.99,0.99
361,5,František Wichterlová,Czech Republic,2025-05-06 00:00:00,2025,05,1389,Gangland,Metal,The Number of The Beast,Iron Maiden,1,0.99,0.99
361,5,František Wichterlová,Czech Republic,2025-05-06 00:00:00,2025,05,1395,Sign Of The Cross,Rock,The X Factor,Iron Maiden,1,0.99,0.99
361,5,František Wichterlová,Czech Republic,2025-05-06 00:00:00,2025,05,1401,Judgement Of Heaven,Rock,The X Factor,Iron Maiden,1,0.99,0.99
361,5,František Wichterlová,Czech Republic,2025-05-06 00:00:00,2025,05,1407,The Angel And The Gambler,Rock,Virtual XI,Iron Maiden,1,0.99,0.99
361,5,František Wichterlová,Czech Republic,2025-05-06 00:00:00,2025,05,1413,Como Estais Amigos,Rock,Virtual XI,Iron Maiden,1,0.99,0.99
362,14,Mark Philips,Canada,2025-05-11 00:00:00,2025,05,1422,"Say It Loud, I'm Black And I'm Proud Pt.1",R&B/Soul,Sex Machine,James Brown,1,0.99,0.99
362,14,Mark Philips,Canada,2025-05-11 00:00:00,2025,05,1431,I'm Real,R&B/Soul,Sex Machine,James Brown,1,0.99,0.99
362,14,Mark Philips,Canada,2025-05-11 00:00:00,2025,05,1440,"Whatever It Is, I Just Can't Stop",Rock,Emergency On Planet Earth,Jamiroquai,1,0.99,0.99
362,14,Mark Philips,Canada,2025-05-11 00:00:00,2025,05,1449,Destitute Illusions,R&B/Soul,Synkronized,Jamiroquai,1,0.99,0.99
362,14,Mark Philips,Canada,2025-05-11 00:00:00,2025,05,1458,Light Years,Electronica/Dance,The Return Of The Space Cowboy,Jamiroquai,1,0.99,0.99
362,14,Mark Philips,Canada,2025-05-11 00:00:00,2025,05,1467,Are You Gonna Be My Girl,Alternative & Punk,Get Born,JET,1,0.99,0.99
362,14,Mark Philips,Canada,2025-05-11 00:00:00,2025,05,1476,Take It Or Leave It,Alternative & Punk,Get Born,JET,1,0.99,0.99
362,14,Mark Philips,Canada,2025-05-11 00:00:00,2025,05,1485,May This Be Love,Rock,Are You Experienced?,Jimi Hendrix,1,0.99,0.99
362,14,Mark Philips,Canada,2025-05-11 00:00:00,2025,05,1494,The Wind Cries Mary,Rock,Are You Experienced?,Jimi Hendrix,1,0.99,0.99
362,14,Mark Philips,Canada,2025-05-11 00:00:00,2025,05,1503,Lords of Karma,Rock,Surfing with the Alien (Remastered),Joe Satriani,1,0.99,0.99
362,14,Mark Philips,Canada,2025-05-11 00:00:00,2025,05,1512,Os Alquimistas Estão Chegando,Latin,Jorge Ben Jor 25 Anos,Jorge Ben,1,0.99,0.99
362,14,Mark Philips,Canada,2025-05-11 00:00:00,2025,05,1521,As Dores do Mundo,Latin,Jota Quest-1995,Jota Quest,1,0.99,0.99
362,14,Mark Philips,Canada,2025-05-11 00:00:00,2025,05,1530,Sem Sentido,Latin,Jota Quest-1995,Jota Quest,1,0.99,0.99
362,14,Mark Philips,Canada,2025-05-11 00:00:00,2025,05,1539,Equinocio,World,Cafezinho,João Suplicy,1,0.99,0.99
363,28,Julia Barnett,USA,2025-05-19 00:00:00,2025,05,1553,You've Got Another Thing Comin',Metal,Living After Midnight,Judas Priest,1,0.99,0.99
364,29,Robert Brown,Canada,2025-06-01 00:00:00,2025,06,1554,Turbo Lover,Metal,Living After Midnight,Judas Priest,1,0.99,0.99
364,29,Robert Brown,Canada,2025-06-01 00:00:00,2025,06,1555,Freewheel Burning,Metal,Living After Midnight,Judas Priest,1,0.99,0.99
365,31,Martha Silk,Canada,2025-06-01 00:00:00,2025,06,1557,Metal Meltdown,Metal,Living After Midnight,Judas Priest,1,0.99,0.99
365,31,Martha Silk,Canada,2025-06-01 00:00:00,2025,06,1559,Diamonds And Rust (Live),Metal,Living After Midnight,Judas Priest,1,0.99,0.99
366,33,Ellie Sullivan,Canada,2025-06-02 00:00:00,2025,06,1561,Tyrant (Live),Metal,Living After Midnight,Judas Priest,1,0.99,0.99
366,33,Ellie Sullivan,Canada,2025-06-02 00:00:00,2025,06,1563,Plaster Caster,Rock,Unplugged [Live],Kiss,1,0.99,0.99
366,33,Ellie Sullivan,Canada,2025-06-02 00:00:00,2025,06,1565,Do You Love Me,Rock,Unplugged [Live],Kiss,1,0.99,0.99
366,33,Ellie Sullivan,Canada,2025-06-02 00:00:00,2025,06,1567,Sure Know Something,Rock,Unplugged [Live],Kiss,1,0.99,0.99
367,37,Fynn Zimmermann,Germany,2025-06-03 00:00:00,2025,06,1571,I Still Love You,Rock,Unplugged [Live],Kiss,1,0.99,0.99
367,37,Fynn Zimmermann,Germany,2025-06-03 00:00:00,2025,06,1575,Nothin' To Lose,Rock,Unplugged [Live],Kiss,1,0.99,0.99
367,37,Fynn Zimmermann,Germany,2025-06-03 00:00:00,2025,06,1579,Since I've Been Loving You,Rock,BBC Sessions [Disc 2] [Live],Led Zeppelin,1,0.99,0.99
367,37,Fynn Zimmermann,Germany,2025-06-03 00:00:00,2025,06,1583,Going To California,Rock,BBC Sessions [Disc 2] [Live],Led Zeppelin,1,0.99,0.99
367,37,Fynn Zimmermann,Germany,2025-06-03 00:00:00,2025,06,1587,We're Gonna Groove,Rock,Coda,Led Zeppelin,1,0.99,0.99
367,37,Fynn Zimmermann,Germany,2025-06-03 00:00:00,2025,06,1591,Ozone Baby,Rock,Coda,Led Zeppelin,1,0.99,0.99
368,43,Isabelle Mercier,France,2025-06-06 00:00:00,2025,06,1597,Over The Hills And Far Away,Rock,Houses Of The Holy,Led Zeppelin,1,0.99,0.99
368,43,Isabelle Mercier,France,2025-06-06 00:00:00,2025,06,1603,In The Evening,Rock,In Through The Out Door,Led Zeppelin,1,0.99,0.99
368,43,Isabelle Mercier,France,2025-06-06 00:00:00,2025,06,1609,I'm Gonna Crawl,Rock,In Through The Out Door,Led Zeppelin,1,0.99,0.99
368,43,Isabelle Mercier,France,2025-06-06 00:00:00,2025,06,1615,Four Sticks,Rock,IV,Led Zeppelin,1,0.99,0.99
368,43,Isabelle Mercier,France,2025-06-06 00:00:00,2025,06,1621,Dazed and Confused,Rock,Led Zeppelin I,Led Zeppelin,1,0.99,0.99
368,43,Isabelle Mercier,France,2025-06-06 00:00:00,2025,06,1627,Whole Lotta Love,Rock,Led Zeppelin II,Led Zeppelin,1,0.99,0.99
368,43,Isabelle Mercier,France,2025-06-06 00:00:00,2025,06,1633,Ramble On,Rock,Led Zeppelin II,Led Zeppelin,1,0.99,0.99
368,43,Isabelle Mercier,France,2025-06-06 00:00:00,2025,06,1639,Since I've Been Loving You,Rock,Led Zeppelin III,Led Zeppelin,1,0.99,0.99
368,43,Isabelle Mercier,France,2025-06-06 00:00:00,2025,06,1645,Hats Off To (Roy) Harper,Rock,Led Zeppelin III,Led Zeppelin,1,0.99,0.99
369,52,Emma Jones,United Kingdom,2025-06-11 00:00:00,2025,06,1654,Sick Again,Rock,Physical Graffiti [Disc 2],Led Zeppelin,1,0.99,0.99
369,52,Emma Jones,United Kingdom,2025-06-11 00:00:00,2025,06,1663,Celebration Day,Rock,The Song Remains The Same (Disc 1),Led Zeppelin,1,0.99,0.99
369,52,Emma Jones,United Kingdom,2025-06-11 00:00:00,2025,06,1672,L'Avventura,Latin,A TempestadeTempestade Ou O Livro Dos Dias,Legião Urbana,1,0.99,0.99
369,52,Emma Jones,United Kingdom,2025-06-11 00:00:00,2025,06,1681,Leila,Latin,A TempestadeTempestade Ou O Livro Dos Dias,Legião Urbana,1,0.99,0.99
369,52,Emma Jones,United Kingdom,2025-06-11 00:00:00,2025,06,1690,Tempo Perdido,Latin,Mais Do Mesmo,Legião Urbana,1,0.99,0.99
369,52,Emma Jones,United Kingdom,2025-06-11 00:00:00,2025,06,1699,Giz,Latin,Mais Do Mesmo,Legião Urbana,1,0.99,0.99
369,52,Emma Jones,United Kingdom,2025-06-11 00:00:00,2025,06,1708,Mr. Cab Driver,Rock,Greatest Hits,Lenny Kravitz,1,0.99,0.99
369,52,Emma Jones,United Kingdom,2025-06-11 00:00:00,2025,06,1717,Assim Caminha A Humanidade,Latin,Lulu Santos - RCA 100 Anos De Música - Álbum 01,Lulu Santos,1,0.99,0.99
369,52,Emma Jones,United Kingdom,2025-06-11 00:00:00,2025,06,1726,Satisfação,Latin,Lulu Santos - RCA 100 Anos De Música - Álbum 01,Lulu Santos,1,0.99,0.99
369,52,Emma Jones,United Kingdom,2025-06-11 00:00:00,2025,06,1735,Ro-Que-Se-Da-Ne,Latin,Lulu Santos - RCA 100 Anos De Música - Álbum 02,Lulu Santos,1,0.99,0.99
369,52,Emma Jones,United Kingdom,2025-06-11 00:00:00,2025,06,1744,O Último Romântico (Ao Vivo),Latin,Lulu Santos - RCA 100 Anos De Música - Álbum 02,Lulu Santos,1,0.99,0.99
369,52,Emma Jones,United Kingdom,2025-06-11 00:00:00,2025,06,1753,Childhoods End?,Rock,Misplaced Childhood,Marillion,1,0.99,0.99
369,52,Emma Jones,United Kingdom,2025-06-11 00:00:00,2025,06,1762,Panis Et Circenses,Latin,Barulhinho Bom,Marisa Monte,1,0.99,0.99
369,52,Emma Jones,United Kingdom,2025-06-11 00:00:00,2025,06,1771,Segue O Seco,Latin,Barulhinho Bom,Marisa Monte,1,0.99,0.99
370,7,Astrid Gruber,Austria,2025-06-19 00:00:00,2025,06,1785,"Abraham, Martin And John",R&B/Soul,Seek And Shall Find: More Of The Best (1963-1981),Marvin Gaye,1,0.99,0.99
371,8,Daan Peeters,Belgium,2025-07-02 00:00:00,2025,07,1786,Save The Children,R&B/Soul,Seek And Shall Find: More Of The Best (1963-1981),Marvin Gaye,1,0.99,0.99
371,8,Daan Peeters,Belgium,2025-07-02 00:00:00,2025,07,1787,You Sure Love To Ball,R&B/Soul,Seek And Shall Find: More Of The Best (1963-1981),Marvin Gaye,1,0.99,0.99
372,10,Eduardo Martins,Brazil,2025-07-02 00:00:00,2025,07,1789,Praise,R&B/Soul,Seek And Shall Find: More Of The Best (1963-1981),Marvin Gaye,1,0.99,0.99
372,10,Eduardo Martins,Brazil,2025-07-02 00:00:00,2025,07,1791,Down Under,Rock,The Best Of Men At Work,Men At Work,1,0.99,0.99
373,12,Roberto Almeida,Brazil,2025-07-03 00:00:00,2025,07,1793,Be Good Johnny,Rock,The Best Of Men At Work,Men At Work,1,0.99,0.99
373,12,Roberto Almeida,Brazil,2025-07-03 00:00:00,2025,07,1795,Down by the Sea,Rock,The Best Of Men At Work,Men At Work,1,0.99,0.99
373,12,Roberto Almeida,Brazil,2025-07-03 00:00:00,2025,07,1797,It's a Mistake,Rock,The Best Of Men At Work,Men At Work,1,0.99,0.99
373,12,Roberto Almeida,Brazil,2025-07-03 00:00:00,2025,07,1799,Shakes and Ladders,Rock,The Best Of Men At Work,Men At Work,1,0.99,0.99
374,16,Frank Harris,USA,2025-07-04 00:00:00,2025,07,1803,Holier Than Thou,Metal,Black Album,Metallica,1,0.99,0.99
374,16,Frank Harris,USA,2025-07-04 00:00:00,2025,07,1807,Through The Never,Metal,Black Album,Metallica,1,0.99,0.99
374,16,Frank Harris,USA,2025-07-04 00:00:00,2025,07,1811,My Friend Of Misery,Metal,Black Album,Metallica,1,0.99,0.99
374,16,Frank Harris,USA,2025-07-04 00:00:00,2025,07,1815,The Wait,Metal,Garage Inc. (Disc 2),Metallica,1,0.99,0.99
374,16,Frank Harris,USA,2025-07-04 00:00:00,2025,07,1819,Blitzkrieg,Metal,Garage Inc. (Disc 2),Metallica,1,0.99,0.99
374,16,Frank Harris,USA,2025-07-04 00:00:00,2025,07,1823,So What,Metal,Garage Inc. (Disc 2),Metallica,1,0.99,0.99
375,22,Heather Leacock,USA,2025-07-07 00:00:00,2025,07,1829,Hit The Lights,Metal,Kill 'Em All,Metallica,1,0.99,0.99
375,22,Heather Leacock,USA,2025-07-07 00:00:00,2025,07,1835,Phantom Lord,Metal,Kill 'Em All,Metallica,1,0.99,0.99
375,22,Heather Leacock,USA,2025-07-07 00:00:00,2025,07,1841,The House Jack Built,Metal,Load,Metallica,1,0.99,0.99
375,22,Heather Leacock,USA,2025-07-07 00:00:00,2025,07,1847,Poor Twisted Me,Metal,Load,Metallica,1,0.99,0.99
375,22,Heather Leacock,USA,2025-07-07 00:00:00,2025,07,1853,Battery,Metal,Master Of Puppets,Metallica,1,0.99,0.99
375,22,Heather Leacock,USA,2025-07-07 00:00:00,2025,07,1859,Orion,Metal,Master Of Puppets,Metallica,1,0.99,0.99
375,22,Heather Leacock,USA,2025-07-07 00:00:00,2025,07,1865,Better Than You,Metal,ReLoad,Metallica,1,0.99,0.99
375,22,Heather Leacock,USA,2025-07-07 00:00:00,2025,07,1871,Low Man's Lyric,Metal,ReLoad,Metallica,1,0.99,0.99
375,22,Heather Leacock,USA,2025-07-07 00:00:00,2025,07,1877,Fade To Black,Metal,Ride The Lightning,Metallica,1,0.99,0.99
376,31,Martha Silk,Canada,2025-07-12 00:00:00,2025,07,1886,Invisible Kid,Metal,St. Anger,Metallica,1,0.99,0.99
376,31,Martha Silk,Canada,2025-07-12 00:00:00,2025,07,1895,Eye Of The Beholder,Metal,...And Justice For All,Metallica,1,0.99,0.99
376,31,Martha Silk,Canada,2025-07-12 00:00:00,2025,07,1904,The Duke,Jazz,Miles Ahead,Miles Davis,1,0.99,0.99
376,31,Martha Silk,Canada,2025-07-12 00:00:00,2025,07,1913,Blues For Pablo (Alternate Take),Jazz,Miles Ahead,Miles Davis,1,0.99,0.99
376,31,Martha Silk,Canada,2025-07-12 00:00:00,2025,07,1922,Menestrel Das Alagoas,Latin,Milton Nascimento Ao Vivo,Milton Nascimento,1,0.99,0.99
376,31,Martha Silk,Canada,2025-07-12 00:00:00,2025,07,1931,Beijo Partido,Latin,Minas,Milton Nascimento,1,0.99,0.99
376,31,Martha Silk,Canada,2025-07-12 00:00:00,2025,07,1940,Norwegian Wood,Latin,Minas,Milton Nascimento,1,0.99,0.99
376,31,Martha Silk,Canada,2025-07-12 00:00:00,2025,07,1949,Jailbait,Metal,Ace Of Spades,Motörhead,1,0.99,0.99
376,31,Martha Silk,Canada,2025-07-12 00:00:00,2025,07,1958,O Que Vai Em Meu Coração,World,Demorou...,Mônica Marianno,1,0.99,0.99
376,31,Martha Silk,Canada,2025-07-12 00:00:00,2025,07,1967,A Moça e a Chuva,World,Demorou...,Mônica Marianno,1,0.99,0.99
376,31,Martha Silk,Canada,2025-07-12 00:00:00,2025,07,1976,Same Ol' Situation,Metal,Motley Crue Greatest Hits,Mötley Crüe,1,0.99,0.99
376,31,Martha Silk,Canada,2025-07-12 00:00:00,2025,07,1985,Shout At The Devil,Metal,Motley Crue Greatest Hits,Mötley Crüe,1,0.99,0.99
376,31,Martha Silk,Canada,2025-07-12 00:00:00,2025,07,1994,Spank Thru,Rock,From The Muddy Banks Of The Wishkah [Live],Nirvana,1,0.99,0.99
376,31,Martha Silk,Canada,2025-07-12 00:00:00,2025,07,2003,Smells Like Teen Spirit,Rock,Nevermind,Nirvana,1,0.99,0.99
377,45,Ladislav Kovács,Hungary,2025-07-20 00:00:00,2025,07,2017,Sangue Latino,Rock,Compositores,O Terço,1,0.99,0.99
378,46,Hugh O'Reilly,Ireland,2025-08-02 00:00:00,2025,08,2018,Folhas Secas,Rock,Compositores,O Terço,1,0.99,0.99
378,46,Hugh O'Reilly,Ireland,2025-08-02 00:00:00,2025,08,2019,Poeira,Rock,Compositores,O Terço,1,0.99,0.99
379,48,Johannes Van der Berg,Netherlands,2025-08-02 00:00:00,2025,08,2021,Quem Mata A Mulher Mata O Melhor,Rock,Compositores,O Terço,1,0.99,0.99
379,48,Johannes Van der Berg,Netherlands,2025-08-02 00:00:00,2025,08,2023,O Braço Da Minha Guitarra,Rock,Compositores,O Terço,1,0.99,0.99
380,50,Enrique Muñoz,Spain,2025-08-03 00:00:00,2025,08,2025,Mãe Terra,Rock,Compositores,O Terço,1,0.99,0.99
380,50,Enrique Muñoz,Spain,2025-08-03 00:00:00,2025,08,2027,Menino De Rua,Rock,Compositores,O Terço,1,0.99,0.99
380,50,Enrique Muñoz,Spain,2025-08-03 00:00:00,2025,08,2029,Elza,Rock,Compositores,O Terço,1,0.99,0.99
380,50,Enrique Muñoz,Spain,2025-08-03 00:00:00,2025,08,2031,Nossa Gente (Avisa Là),Latin,Olodum,Olodum,1,0.99,0.99
381,54,Steve Murray,United Kingdom,2025-08-04 00:00:00,2025,08,2035,Todo Amor (Asas Da Liberdade),Latin,Olodum,Olodum,1,0.99,0.99
381,54,Steve Murray,United Kingdom,2025-08-04 00:00:00,2025,08,2039,Jeito Faceiro,Latin,Olodum,Olodum,1,0.99,0.99
381,54,Steve Murray,United Kingdom,2025-08-04 00:00:00,2025,08,2043,Olodum - Smile (Instrumental),Latin,Olodum,Olodum,1,0.99,0.99
381,54,Steve Murray,United Kingdom,2025-08-04 00:00:00,2025,08,2047,"Um Amor, Um Lugar",Latin,Acústico MTV,Os Paralamas Do Sucesso,1,0.99,0.99
381,54,Steve Murray,United Kingdom,2025-08-04 00:00:00,2025,08,2051,Uns Dias,Latin,Acústico MTV,Os Paralamas Do Sucesso,1,0.99,0.99
381,54,Steve Murray,United Kingdom,2025-08-04 00:00:00,2025,08,2055,Brasília 5:31,Latin,Acústico MTV,Os Paralamas Do Sucesso,1,0.99,0.99
382,1,Luís Gonçalves,Brazil,2025-08-07 00:00:00,2025,08,2061,Vamo Batê Lata,Latin,Acústico MTV,Os Paralamas Do Sucesso,1,0.99,0.99
382,1,Luís Gonçalves,Brazil,2025-08-07 00:00:00,2025,08,2067,Mensagen De Amor (2000),Latin,Arquivo II,Os Paralamas Do Sucesso,1,0.99,0.99
382,1,Luís Gonçalves,Brazil,2025-08-07 00:00:00,2025,08,2073,Saber Amar,Latin,Arquivo II,Os Paralamas Do Sucesso,1,0.99,0.99
382,1,Luís Gonçalves,Brazil,2025-08-07 00:00:00,2025,08,2079,Cinema Mudo,Latin,Arquivo Os Paralamas Do Sucesso,Os Paralamas Do Sucesso,1,0.99,0.99
382,1,Luís Gonçalves,Brazil,2025-08-07 00:00:00,2025,08,2085,Meu Erro,Latin,Arquivo Os Paralamas Do Sucesso,Os Paralamas Do Sucesso,1,0.99,0.99
382,1,Luís Gonçalves,Brazil,2025-08-07 00:00:00,2025,08,2091,Será Que Vai Chover?,Latin,Arquivo Os Paralamas Do Sucesso,Os Paralamas Do Sucesso,1,0.99,0.99
382,1,Luís Gonçalves,Brazil,2025-08-07 00:00:00,2025,08,2097,"Mama, I'm Coming Home",Rock,No More Tears (Remastered),Ozzy Osbourne,1,0.99,0.99
382,1,Luís Gonçalves,Brazil,2025-08-07 00:00:00,2025,08,2103,Flying High Again,Metal,Tribute,Ozzy Osbourne,1,0.99,0.99
382,1,Luís Gonçalves,Brazil,2025-08-07 00:00:00,2025,08,2109,Paranoid,Metal,Tribute,Ozzy Osbourne,1,0.99,0.99
383,10,Eduardo Martins,Brazil,2025-08-12 00:00:00,2025,08,2118,Most High,Rock,Walking Into Clarksdale,Page & Plant,1,0.99,0.99
383,10,Eduardo Martins,Brazil,2025-08-12 00:00:00,2025,08,2127,Your Blue Room,Soundtrack,Original Soundtracks 1,Passengers,1,0.99,0.99
383,10,Eduardo Martins,Brazil,2025-08-12 00:00:00,2025,08,2136,Plot 180,Soundtrack,Original Soundtracks 1,Passengers,1,0.99,0.99
383,10,Eduardo Martins,Brazil,2025-08-12 00:00:00,2025,08,2145,Sanctuary,Rock,The Beast Live,Paul D'Ianno,1,0.99,0.99
383,10,Eduardo Martins,Brazil,2025-08-12 00:00:00,2025,08,2154,Untitled,Rock,Live On Two Legs [Live],Pearl Jam,1,0.99,0.99
383,10,Eduardo Martins,Brazil,2025-08-12 00:00:00,2025,08,2163,Black,Rock,Live On Two Legs [Live],Pearl Jam,1,0.99,0.99
383,10,Eduardo Martins,Brazil,2025-08-12 00:00:00,2025,08,2172,Big Wave,Alternative & Punk,Pearl Jam,Pearl Jam,1,0.99,0.99
383,10,Eduardo Martins,Brazil,2025-08-12 00:00:00,2025,08,2181,Cropduster,Rock,Riot Act,Pearl Jam,1,0.99,0.99
383,10,Eduardo Martins,Brazil,2025-08-12 00:00:00,2025,08,2190,1/2 Full,Rock,Riot Act,Pearl Jam,1,0.99,0.99
383,10,Eduardo Martins,Brazil,2025-08-12 00:00:00,2025,08,2199,Oceans,Rock,Ten,Pearl Jam,1,0.99,0.99
383,10,Eduardo Martins,Brazil,2025-08-12 00:00:00,2025,08,2208,Dissident,Rock,Vs.,Pearl Jam,1,0.99,0.99
383,10,Eduardo Martins,Brazil,2025-08-12 00:00:00,2025,08,2217,Don't Look Back,Reggae,Greatest Hits,Lenny Kravitz,1,0.99,0.99
383,10,Eduardo Martins,Brazil,2025-08-12 00:00:00,2025,08,2226,Pick Myself Up,Reggae,Greatest Hits,Lenny Kravitz,1,0.99,0.99
383,10,Eduardo Martins,Brazil,2025-08-12 00:00:00,2025,08,2235,Any Colour You Like,Rock,Dark Side Of The Moon,Pink Floyd,1,0.99,0.99
384,24,Frank Ralston,USA,2025-08-20 00:00:00,2025,08,2249,Rappers Reais,Hip Hop/Rap,Os Cães Ladram Mas A Caravana Não Pára,Planet Hemp,1,0.99,0.99
385,25,Victor Stevens,USA,2025-09-02 00:00:00,2025,09,2250,Nega Do Cabelo Duro,Hip Hop/Rap,Os Cães Ladram Mas A Caravana Não Pára,Planet Hemp,1,0.99,0.99
385,25,Victor Stevens,USA,2025-09-02 00:00:00,2025,09,2251,Hemp Family,Hip Hop/Rap,Os Cães Ladram Mas A Caravana Não Pára,Planet Hemp,1,0.99,0.99
386,27,Patrick Gray,USA,2025-09-02 00:00:00,2025,09,2253,Se Liga,Hip Hop/Rap,Os Cães Ladram Mas A Caravana Não Pára,Planet Hemp,1,0.99,0.99
386,27,Patrick Gray,USA,2025-09-02 00:00:00,2025,09,2255,Another One Bites The Dust,Rock,Greatest Hits I,Queen,1,0.99,0.99
387,29,Robert Brown,Canada,2025-09-03 00:00:00,2025,09,2257,Fat Bottomed Girls,Rock,Greatest Hits I,Queen,1,0.99,0.99
387,29,Robert Brown,Canada,2025-09-03 00:00:00,2025,09,2259,You're My Best Friend,Rock,Greatest Hits I,Queen,1,0.99,0.99
387,29,Robert Brown,Canada,2025-09-03 00:00:00,2025,09,2261,Save Me,Rock,Greatest Hits I,Queen,1,0.99,0.99
387,29,Robert Brown,Canada,2025-09-03 00:00:00,2025,09,2263,Somebody To Love,Rock,Greatest Hits I,Queen,1,0.99,0.99
388,33,Ellie Sullivan,Canada,2025-09-04 00:00:00,2025,09,2267,Flash,Rock,Greatest Hits I,Queen,1,0.99,0.99
388,33,Ellie Sullivan,Canada,2025-09-04 00:00:00,2025,09,2271,We Will Rock You,Rock,News Of The World,Queen,1,0.99,0.99
388,33,Ellie Sullivan,Canada,2025-09-04 00:00:00,2025,09,2275,Spread Your Wings,Rock,News Of The World,Queen,1,0.99,0.99
388,33,Ellie Sullivan,Canada,2025-09-04 00:00:00,2025,09,2279,Who Needs You,Rock,News Of The World,Queen,1,0.99,0.99
388,33,Ellie Sullivan,Canada,2025-09-04 00:00:00,2025,09,2283,Me In Honey,Alternative & Punk,Out Of Time,R.E.M. Feat. Kate Pearson,1,0.99,0.99
388,33,Ellie Sullivan,Canada,2025-09-04 00:00:00,2025,09,2287,You Are The Everything,Alternative & Punk,Green,R.E.M.,1,0.99,0.99
389,39,Camille Bernard,France,2025-09-07 00:00:00,2025,09,2293,Hairshirt,Alternative & Punk,Green,R.E.M.,1,0.99,0.99
389,39,Camille Bernard,France,2025-09-07 00:00:00,2025,09,2299,Undertow,Rock,New Adventures In Hi-Fi,R.E.M.,1,0.99,0.99
389,39,Camille Bernard,France,2025-09-07 00:00:00,2025,09,2305,Binky The Doormat,Rock,New Adventures In Hi-Fi,R.E.M.,1,0.99,0.99
389,39,Camille Bernard,France,2025-09-07 00:00:00,2025,09,2311,Low,Alternative & Punk,Out Of Time,R.E.M. Feat. Kate Pearson,1,0.99,0.99
389,39,Camille Bernard,France,2025-09-07 00:00:00,2025,09,2317,Country Feedback,Alternative & Punk,Out Of Time,R.E.M. Feat. Kate Pearson,1,0.99,0.99
389,39,Camille Bernard,France,2025-09-07 00:00:00,2025,09,2323,Don't Go Back To Rockville,Alternative & Punk,The Best Of R.E.M.: The IRS Years,R.E.M.,1,0.99,0.99
389,39,Camille Bernard,France,2025-09-07 00:00:00,2025,09,2329,I Believe,Alternative & Punk,The Best Of R.E.M.: The IRS Years,R.E.M.,1,0.99,0.99
389,39,Camille Bernard,France,2025-09-07 00:00:00,2025,09,2335,A Sua,Alternative & Punk,Cesta Básica,Raimundos,1,0.99,0.99
389,39,Camille Bernard,France,2025-09-07 00:00:00,2025,09,2341,Bê-a-Bá,Alternative & Punk,Cesta Básica,Raimundos,1,0.99,0.99
390,48,Johannes Van der Berg,Netherlands,2025-09-12 00:00:00,2025,09,2350,Sapato 36,Rock,Raul Seixas,Raul Seixas,1,0.99,0.99
390,48,Johannes Van der Berg,Netherlands,2025-09-12 00:00:00,2025,09,2359,If You Have To Ask,Alternative & Punk,Blood Sugar Sex Magik,Red Hot Chili Peppers,1,0.99,0.99
390,48,Johannes Van der Berg,Netherlands,2025-09-12 00:00:00,2025,09,2368,Under The Bridge,Alternative & Punk,Blood Sugar Sex Magik,Red Hot Chili Peppers,1,0.99,0.99
390,48,Johannes Van der Berg,Netherlands,2025-09-12 00:00:00,2025,09,2377,This Is The Place,Rock,By The Way,Red Hot Chili Peppers,1,0.99,0.99
390,48,Johannes Van der Berg,Netherlands,2025-09-12 00:00:00,2025,09,2386,Tear,Rock,By The Way,Red Hot Chili Peppers,1,0.99,0.99
390,48,Johannes Van der Berg,Netherlands,2025-09-12 00:00:00,2025,09,2395,Get On Top,Rock,Californication,Red Hot Chili Peppers,1,0.99,0.99
390,48,Johannes Van der Berg,Netherlands,2025-09-12 00:00:00,2025,09,2404,Right On Time,Rock,Californication,Red Hot Chili Peppers,1,0.99,0.99
390,48,Johannes Van der Berg,Netherlands,2025-09-12 00:00:00,2025,09,2413,Anthem,Rock,Retrospective I (1974-1980),Rush,1,0.99,0.99
390,48,Johannes Van der Berg,Netherlands,2025-09-12 00:00:00,2025,09,2422,La Puesta Del Sol,Rock,Santana - As Years Go By,Santana,1,0.99,0.99
390,48,Johannes Van der Berg,Netherlands,2025-09-12 00:00:00,2025,09,2431,Just Ain't Good Enough,Rock,Santana Live,Santana,1,0.99,0.99
390,48,Johannes Van der Berg,Netherlands,2025-09-12 00:00:00,2025,09,2440,If You Don't Know Me By Now,Rock,Greatest Hits,Lenny Kravitz,1,0.99,0.99
390,48,Johannes Van der Berg,Netherlands,2025-09-12 00:00:00,2025,09,2449,Água E Fogo,Rock,Maquinarama,Skank,1,0.99,0.99
390,48,Johannes Van der Berg,Netherlands,2025-09-12 00:00:00,2025,09,2458,Fica,Rock,Maquinarama,Skank,1,0.99,0.99
390,48,Johannes Van der Berg,Netherlands,2025-09-12 00:00:00,2025,09,2467,Os Exilados,Rock,O Samba Poconé,Skank,1,0.99,0.99
391,3,François Tremblay,Canada,2025-09-20 00:00:00,2025,09,2481,Waiting,Alternative & Punk,Judas 0: B-Sides and Rarities,Smashing Pumpkins,1,0.99,0.99
392,4,Bjørn Hansen,Norway,2025-10-03 00:00:00,2025,10,2482,Saturnine,Alternative & Punk,Judas 0: B-Sides and Rarities,Smashing Pumpkins,1,0.99,0.99
392,4,Bjørn Hansen,Norway,2025-10-03 00:00:00,2025,10,2483,Rock On,Alternative & Punk,Judas 0: B-Sides and Rarities,Smashing Pumpkins,1,0.99,0.99
393,6,Helena Holý,Czech Republic,2025-10-03 00:00:00,2025,10,2485,Winterlong,Alternative & Punk,Judas 0: B-Sides and Rarities,Smashing Pumpkins,1,0.99,0.99
393,6,Helena Holý,Czech Republic,2025-10-03 00:00:00,2025,10,2487,Blissed & Gone,Alternative & Punk,Judas 0: B-Sides and Rarities,Smashing Pumpkins,1,0.99,0.99
394,8,Daan Peeters,Belgium,2025-10-04 00:00:00,2025,10,2489,Rhinocerous,Alternative & Punk,Rotten Apples: Greatest Hits,Smashing Pumpkins,1,0.99,0.99
394,8,Daan Peeters,Belgium,2025-10-04 00:00:00,2025,10,2491,Cherub Rock,Alternative & Punk,Rotten Apples: Greatest Hits,Smashing Pumpkins,1,0.99,0.99
394,8,Daan Peeters,Belgium,2025-10-04 00:00:00,2025,10,2493,Disarm,Alternative & Punk,Rotten Apples: Greatest Hits,Smashing Pumpkins,1,0.99,0.99
394,8,Daan Peeters,Belgium,2025-10-04 00:00:00,2025,10,2495,Bullet With Butterfly Wings,Alternative & Punk,Rotten Apples: Greatest Hits,Smashing Pumpkins,1,0.99,0.99
395,12,Roberto Almeida,Brazil,2025-10-05 00:00:00,2025,10,2499,Eye,Alternative & Punk,Rotten Apples: Greatest Hits,Smashing Pumpkins,1,0.99,0.99
395,12,Roberto Almeida,Brazil,2025-10-05 00:00:00,2025,10,2503,Stand Inside Your Love,Alternative & Punk,Rotten Apples: Greatest Hits,Smashing Pumpkins,1,0.99,0.99
395,12,Roberto Almeida,Brazil,2025-10-05 00:00:00,2025,10,2507,Flower,Rock,A-Sides,Soundgarden,1,0.99,0.99
395,12,Roberto Almeida,Brazil,2025-10-05 00:00:00,2025,10,2511,Jesus Christ Pose,Rock,A-Sides,Soundgarden,1,0.99,0.99
395,12,Roberto Almeida,Brazil,2025-10-05 00:00:00,2025,10,2515,The Day I Tried To Live,Rock,A-Sides,Soundgarden,1,0.99,0.99
395,12,Roberto Almeida,Brazil,2025-10-05 00:00:00,2025,10,2519,Burden In My Hand,Rock,A-Sides,Soundgarden,1,0.99,0.99
396,18,Michelle Brooks,USA,2025-10-08 00:00:00,2025,10,2525,Rasul,Jazz,Morning Dance,Spyro Gyra,1,0.99,0.99
396,18,Michelle Brooks,USA,2025-10-08 00:00:00,2025,10,2531,End Of Romanticism,Jazz,Morning Dance,Spyro Gyra,1,0.99,0.99
396,18,Michelle Brooks,USA,2025-10-08 00:00:00,2025,10,2537,Travis Walk,Blues,In Step,Stevie Ray Vaughan & Double Trouble,1,0.99,0.99
396,18,Michelle Brooks,USA,2025-10-08 00:00:00,2025,10,2543,Sex Type Thing,Rock,Core,Stone Temple Pilots,1,0.99,0.99
396,18,Michelle Brooks,USA,2025-10-08 00:00:00,2025,10,2549,Piece Of Pie,Rock,Core,Stone Temple Pilots,1,0.99,0.99
396,18,Michelle Brooks,USA,2025-10-08 00:00:00,2025,10,2555,B.Y.O.B.,Metal,Mezmerize,System Of A Down,1,0.99,0.99
396,18,Michelle Brooks,USA,2025-10-08 00:00:00,2025,10,2561,Question!,Metal,Mezmerize,System Of A Down,1,0.99,0.99
396,18,Michelle Brooks,USA,2025-10-08 00:00:00,2025,10,2567,Duende,Rock,[1997] Black Light Syndrome,"Terry Bozzio, Tony Levin & Steve Stevens",1,0.99,0.99
396,18,Michelle Brooks,USA,2025-10-08 00:00:00,2025,10,2573,Sting Me,Blues,Live [Disc 1],The Black Crowes,1,0.99,0.99
397,27,Patrick Gray,USA,2025-10-13 00:00:00,2025,10,2582,Black Moon Creeping,Blues,Live [Disc 2],The Black Crowes,1,0.99,0.99
397,27,Patrick Gray,USA,2025-10-13 00:00:00,2025,10,2591,White Riot,Alternative & Punk,The Singles,The Clash,1,0.99,0.99
397,27,Patrick Gray,USA,2025-10-13 00:00:00,2025,10,2600,Train In Vain,Alternative & Punk,The Singles,The Clash,1,0.99,0.99
397,27,Patrick Gray,USA,2025-10-13 00:00:00,2025,10,2609,War (The Process),Rock,Beyond Good And Evil,The Cult,1,0.99,0.99
397,27,Patrick Gray,USA,2025-10-13 00:00:00,2025,10,2618,Speed Of Light,Rock,Beyond Good And Evil,The Cult,1,0.99,0.99
397,27,Patrick Gray,USA,2025-10-13 00:00:00,2025,10,2627,Wild Hearted Son,Rock,"Pure Cult: The Best Of The Cult (For Rockers, Ravers, Lovers & Sinners) [UK]",The Cult,1,0.99,0.99
397,27,Patrick Gray,USA,2025-10-13 00:00:00,2025,10,2636,Sun King,Rock,"Pure Cult: The Best Of The Cult (For Rockers, Ravers, Lovers & Sinners) [UK]",The Cult,1,0.99,0.99
397,27,Patrick Gray,USA,2025-10-13 00:00:00,2025,10,2645,Back Door Man,Rock,The Doors,The Doors,1,0.99,0.99
397,27,Patrick Gray,USA,2025-10-13 00:00:00,2025,10,2654,Don't Stand so Close to Me,Rock,The Police Greatest Hits,The Police,1,0.99,0.99
397,27,Patrick Gray,USA,2025-10-13 00:00:00,2025,10,2663,Message in a Bottle (new classic rock mix),Rock,The Police Greatest Hits,The Police,1,0.99,0.99
397,27,Patrick Gray,USA,2025-10-13 00:00:00,2025,10,2672,Paint It Black,Rock,"Hot Rocks, 1964-1971 (Disc 1)",The Rolling Stones,1,0.99,0.99
397,27,Patrick Gray,USA,2025-10-13 00:00:00,2025,10,2681,Corinna,Rock,No Security,The Rolling Stones,1,0.99,0.99
397,27,Patrick Gray,USA,2025-10-13 00:00:00,2025,10,2690,Love Is Strong,Rock,Voodoo Lounge,The Rolling Stones,1,0.99,0.99
397,27,Patrick Gray,USA,2025-10-13 00:00:00,2025,10,2699,Sweethearts Together,Rock,Voodoo Lounge,The Rolling Stones,1,0.99,0.99
398,41,Marc Dubois,France,2025-10-21 00:00:00,2025,10,2713,Release,Alternative & Punk,Tangents,The Tea Party,1,0.99,0.99
399,42,Wyatt Girard,France,2025-11-03 00:00:00,2025,11,2714,Heaven Coming Down,Alternative & Punk,Tangents,The Tea Party,1,0.99,0.99
399,42,Wyatt Girard,France,2025-11-03 00:00:00,2025,11,2715,The River (Remix),Alternative & Punk,Tangents,The Tea Party,1,0.99,0.99
400,44,Terhi Hämäläinen,Finland,2025-11-03 00:00:00,2025,11,2717,Waiting On A Sign,Alternative & Punk,Tangents,The Tea Party,1,0.99,0.99
400,44,Terhi Hämäläinen,Finland,2025-11-03 00:00:00,2025,11,2719,Paint It Black,Alternative & Punk,Tangents,The Tea Party,1,0.99,0.99
401,46,Hugh O'Reilly,Ireland,2025-11-04 00:00:00,2025,11,2721,Army Ants,Alternative & Punk,Transmission,The Tea Party,1,0.99,0.99
401,46,Hugh O'Reilly,Ireland,2025-11-04 00:00:00,2025,11,2723,Gyroscope,Alternative & Punk,Transmission,The Tea Party,1,0.99,0.99
401,46,Hugh O'Reilly,Ireland,2025-11-04 00:00:00,2025,11,2725,Release,Alternative & Punk,Transmission,The Tea Party,1,0.99,0.99
401,46,Hugh O'Reilly,Ireland,2025-11-04 00:00:00,2025,11,2727,Babylon,Alternative & Punk,Transmission,The Tea Party,1,0.99,0.99
402,50,Enrique Muñoz,Spain,2025-11-05 00:00:00,2025,11,2731,I Can't Explain,Rock,My Generation - The Very Best Of The Who,The Who,1,0.99,0.99
402,50,Enrique Muñoz,Spain,2025-11-05 00:00:00,2025,11,2735,I'm A Boy,Rock,My Generation - The Very Best Of The Who,The Who,1,0.99,0.99
402,50,Enrique Muñoz,Spain,2025-11-05 00:00:00,2025,11,2739,I Can See For Miles,Rock,My Generation - The Very Best Of The Who,The Who,1,0.99,0.99
402,50,Enrique Muñoz,Spain,2025-11-05 00:00:00,2025,11,2743,Baba O'Riley,Rock,My Generation - The Very Best Of The Who,The Who,1,0.99,0.99
402,50,Enrique Muñoz,Spain,2025-11-05 00:00:00,2025,11,2747,Join Together,Rock,My Generation - The Very Best Of The Who,The Who,1,0.99,0.99
402,50,Enrique Muñoz,Spain,2025-11-05 00:00:00,2025,11,2751,Primavera,Latin,Serie Sem Limite (Disc 1),Tim Maia,1,0.99,0.99
403,56,Diego Gutiérrez,Argentina,2025-11-08 00:00:00,2025,11,2757,New Love,Latin,Serie Sem Limite (Disc 1),Tim Maia,1,0.99,0.99
403,56,Diego Gutiérrez,Argentina,2025-11-08 00:00:00,2025,11,2763,Compadre,Latin,Serie Sem Limite (Disc 1),Tim Maia,1,0.99,0.99
403,56,Diego Gutiérrez,Argentina,2025-11-08 00:00:00,2025,11,2769,Não Quero Dinheiro,Latin,Serie Sem Limite (Disc 2),Tim Maia,1,0.99,0.99
403,56,Diego Gutiérrez,Argentina,2025-11-08 00:00:00,2025,11,2775,Canário Do Reino,Latin,Serie Sem Limite (Disc 2),Tim Maia,1,0.99,0.99
403,56,Diego Gutiérrez,Argentina,2025-11-08 00:00:00,2025,11,2781,Comida,Alternative & Punk,Acústico,Titãs,1,0.99,0.99
403,56,Diego Gutiérrez,Argentina,2025-11-08 00:00:00,2025,11,2787,Marvin,Alternative & Punk,Acústico,Titãs,1,0.99,0.99
403,56,Diego Gutiérrez,Argentina,2025-11-08 00:00:00,2025,11,2793,Cabeça Dinossauro,Alternative & Punk,Acústico,Titãs,1,0.99,0.99
403,56,Diego Gutiérrez,Argentina,2025-11-08 00:00:00,2025,11,2799,Polícia (Vinheta),Alternative & Punk,Acústico,Titãs,1,0.99,0.99
403,56,Diego Gutiérrez,Argentina,2025-11-08 00:00:00,2025,11,2805,Sua Impossivel Chance,Alternative & Punk,Volume Dois,Titãs,1,0.99,0.99
404,6,Helena Holý,Czech Republic,2025-11-13 00:00:00,2025,11,2814,Insensível,Alternative & Punk,Volume Dois,Titãs,1,0.99,0.99
404,6,Helena Holý,Czech Republic,2025-11-13 00:00:00,2025,11,2823,Collaborators,TV Shows,"Battlestar Galactica, Season 3",Battlestar Galactica,1,1.99,1.99
404,6,Helena Holý,Czech Republic,2025-11-13 00:00:00,2025,11,2832,The Woman King,Science Fiction,"Battlestar Galactica, Season 3",Battlestar Galactica,1,1.99,1.99
404,6,Helena Holý,Czech Republic,2025-11-13 00:00:00,2025,11,2841,One Giant Leap,Drama,"Heroes, Season 1",Heroes,1,1.99,1.99
404,6,Helena Holý,Czech Republic,2025-11-13 00:00:00,2025,11,2850,The Fix,Drama,"Heroes, Season 1",Heroes,1,1.99,1.99
404,6,Helena Holý,Czech Republic,2025-11-13 00:00:00,2025,11,2859,"Man of Science, Man of Faith (Premiere)",TV Shows,"Lost, Season 2",Lost,1,1.99,1.99
404,6,Helena Holý,Czech Republic,2025-11-13 00:00:00,2025,11,2868,Walkabout,TV Shows,"Lost, Season 1",Lost,1,1.99,1.99
404,6,Helena Holý,Czech Republic,2025-11-13 00:00:00,2025,11,2877,The Moth,TV Shows,"Lost, Season 1",Lost,1,1.99,1.99
404,6,Helena Holý,Czech Republic,2025-11-13 00:00:00,2025,11,2886,Stranger In a Strange Land,Drama,"Lost, Season 3",Lost,1,1.99,1.99
404,6,Helena Holý,Czech Republic,2025-11-13 00:00:00,2025,11,2895,Par Avion,Drama,"Lost, Season 3",Lost,1,1.99,1.99
404,6,Helena Holý,Czech Republic,2025-11-13 00:00:00,2025,11,2904,Outlaws,TV Shows,"Lost, Season 1",Lost,1,1.99,1.99
404,6,Helena Holý,Czech Republic,2025-11-13 00:00:00,2025,11,2913,Deus Ex Machina,TV Shows,"Lost, Season 1",Lost,1,1.99,1.99
404,6,Helena Holý,Czech Republic,2025-11-13 00:00:00,2025,11,2922,"Live Together, Die Alone, Pt. 1",Drama,"Lost, Season 2",Lost,1,1.99,1.99
404,6,Helena Holý,Czech Republic,2025-11-13 00:00:00,2025,11,2931,So Cruel,Rock,Achtung Baby,U2,1,0.99,0.99
405,20,Dan Miller,USA,2025-11-21 00:00:00,2025,11,2945,Peace On Earth,Rock,All That You Can't Leave Behind,U2,1,0.99,0.99
406,21,Kathy Chase,USA,2025-12-04 00:00:00,2025,12,2946,When I Look At The World,Rock,All That You Can't Leave Behind,U2,1,0.99,0.99
406,21,Kathy Chase,USA,2025-12-04 00:00:00,2025,12,2947,New York,Rock,All That You Can't Leave Behind,U2,1,0.99,0.99
407,23,John Gordon,USA,2025-12-04 00:00:00,2025,12,2949,The Three Sunrises,Rock,B-Sides 1980-1990,U2,1,0.99,0.99
407,23,John Gordon,USA,2025-12-04 00:00:00,2025,12,2951,Sweetest Thing,Rock,B-Sides 1980-1990,U2,1,0.99,0.99
408,25,Victor Stevens,USA,2025-12-05 00:00:00,2025,12,2953,Bass Trap,Rock,B-Sides 1980-1990,U2,1,0.99,0.99
408,25,Victor Stevens,USA,2025-12-05 00:00:00,2025,12,2955,Everlasting Love,Rock,B-Sides 1980-1990,U2,1,0.99,0.99
408,25,Victor Stevens,USA,2025-12-05 00:00:00,2025,12,2957,Walk To The Water,Rock,B-Sides 1980-1990,U2,1,0.99,0.99
408,25,Victor Stevens,USA,2025-12-05 00:00:00,2025,12,2959,Hallelujah Here She Comes,Rock,B-Sides 1980-1990,U2,1,0.99,0.99
409,29,Robert Brown,Canada,2025-12-06 00:00:00,2025,12,2963,"Trash, Trampoline And The Party Girl",Rock,B-Sides 1980-1990,U2,1,0.99,0.99
409,29,Robert Brown,Canada,2025-12-06 00:00:00,2025,12,2967,Love And Peace Or Else,Rock,How To Dismantle An Atomic Bomb,U2,1,0.99,0.99
409,29,Robert Brown,Canada,2025-12-06 00:00:00,2025,12,2971,Crumbs From Your Table,Rock,How To Dismantle An Atomic Bomb,U2,1,0.99,0.99
409,29,Robert Brown,Canada,2025-12-06 00:00:00,2025,12,2975,Discotheque,Rock,Pop,U2,1,0.99,0.99
409,29,Robert Brown,Canada,2025-12-06 00:00:00,2025,12,2979,Staring At The Sun,Rock,Pop,U2,1,0.99,0.99
409,29,Robert Brown,Canada,2025-12-06 00:00:00,2025,12,2983,The Playboy Mansion,Rock,Pop,U2,1,0.99,0.99
410,35,Madalena Sampaio,Portugal,2025-12-09 00:00:00,2025,12,2989,Desire,Rock,Rattle And Hum,U2,1,0.99,0.99
410,35,Madalena Sampaio,Portugal,2025-12-09 00:00:00,2025,12,2995,Pride (In The Name Of Love),Rock,Rattle And Hum,U2,1,0.99,0.99
410,35,Madalena Sampaio,Portugal,2025-12-09 00:00:00,2025,12,3001,The Star Spangled Banner,Rock,Rattle And Hum,U2,1,0.99,0.99
410,35,Madalena Sampaio,Portugal,2025-12-09 00:00:00,2025,12,3007,I Still Haven't Found What I'm Looking For,Rock,The Best Of 1980-1990,U2,1,0.99,0.99
410,35,Madalena Sampaio,Portugal,2025-12-09 00:00:00,2025,12,3013,Sweetest Thing,Rock,The Best Of 1980-1990,U2,1,0.99,0.99
410,35,Madalena Sampaio,Portugal,2025-12-09 00:00:00,2025,12,3019,Seconds,Rock,War,U2,1,0.99,0.99
410,35,Madalena Sampaio,Portugal,2025-12-09 00:00:00,2025,12,3025,Red Light,Rock,War,U2,1,0.99,0.99
410,35,Madalena Sampaio,Portugal,2025-12-09 00:00:00,2025,12,3031,Lemon,Rock,Zooropa,U2,1,0.99,0.99
410,35,Madalena Sampaio,Portugal,2025-12-09 00:00:00,2025,12,3037,The Wanderer,Rock,Zooropa,U2,1,0.99,0.99
411,44,Terhi Hämäläinen,Finland,2025-12-14 00:00:00,2025,12,3046,Higher Ground,Reggae,UB40 The Best Of - Volume Two [UK],UB40,1,0.99,0.99
411,44,Terhi Hämäläinen,Finland,2025-12-14 00:00:00,2025,12,3055,Secrets,Rock,Diver Down,Van Halen,1,0.99,0.99
411,44,Terhi Hämäläinen,Finland,2025-12-14 00:00:00,2025,12,3064,Eruption,Rock,"The Best Of Van Halen, Vol. I",Van Halen,1,0.99,0.99
411,44,Terhi Hämäläinen,Finland,2025-12-14 00:00:00,2025,12,3073,Dreams,Rock,"The Best Of Van Halen, Vol. I",Van Halen,1,0.99,0.99
411,44,Terhi Hämäläinen,Finland,2025-12-14 00:00:00,2025,12,3082,Eruption,Rock,Van Halen,Van Halen,1,0.99,0.99
411,44,Terhi Hämäläinen,Finland,2025-12-14 00:00:00,2025,12,3091,On Fire,Rock,Van Halen,Van Halen,1,0.99,0.99
411,44,Terhi Hämäläinen,Finland,2025-12-14 00:00:00,2025,12,3100,Year to the Day,Rock,Van Halen III,Van Halen,1,0.99,0.99
411,44,Terhi Hämäläinen,Finland,2025-12-14 00:00:00,2025,12,3109,Fall To Pieces,Rock,Contraband,Velvet Revolver,1,0.99,0.99
411,44,Terhi Hämäläinen,Finland,2025-12-14 00:00:00,2025,12,3118,A Bencao E Outros,Latin,Vinicius De Moraes,Vinícius De Moraes,1,0.99,0.99
411,44,Terhi Hämäläinen,Finland,2025-12-14 00:00:00,2025,12,3127,Um Homem Chamado Alfredo,Latin,Vinicius De Moraes,Vinícius De Moraes,1,0.99,0.99
411,44,Terhi Hämäläinen,Finland,2025-12-14 00:00:00,2025,12,3136,Looking For Love,Metal,Greatest Hits,Lenny Kravitz,1,0.99,0.99
411,44,Terhi Hämäläinen,Finland,2025-12-14 00:00:00,2025,12,3145,Sweet Lady Luck,Metal,Greatest Hits,Lenny Kravitz,1,0.99,0.99
411,44,Terhi Hämäläinen,Finland,2025-12-14 00:00:00,2025,12,3154,Feirinha da Pavuna/Luz do Repente/Bagaço da Laranja,Latin,Ao Vivo [IMPORT],Zeca Pagodinho,1,0.99,0.99
411,44,Terhi Hämäläinen,Finland,2025-12-14 00:00:00,2025,12,3163,Samba pras moças,Latin,Ao Vivo [IMPORT],Zeca Pagodinho,1,0.99,0.99
412,58,Manoj Pareek,India,2025-12-22 00:00:00,2025,12,3177,Hot Girl,TV Shows,"The Office, Season 1",The Office,1,1.99,1.99
